ligne_commande_id;quantite;prix_unitaire;commande_fk;article_fk
1;1;18;1;2
2;1;20;1;3
3;1;5;1;25
4;1;5;1;30
5;1;18;2;2
6;1;18;2;4
7;1;14;2;1
8;1;5;2;25
1614;1;3.5;2;20
1615;1;2.5;2;18
1616;1;2.5;2;12
9;1;18;3;2
10;1;20.5;3;8
11;1;6;3;28
12;1;17;4;5
13;1;19;4;6
14;1;18;4;4
1617;1;2;4;15
1618;1;1.5;4;16
1619;1;1.5;4;16
1620;1;3.5;4;20
15;1;17;5;5
16;1;20;5;3
17;1;19.5;5;7
18;1;4;5;24
19;1;3;5;21
20;1;6;5;28
21;1;20;6;3
22;1;19.5;6;7
23;1;4.5;6;23
1621;1;2.5;6;13
1622;1;2.5;6;10
24;1;18;7;4
25;1;17;7;5
26;1;19;7;6
27;1;4;7;22
1623;1;2.5;7;10
1624;1;2;7;15
1625;1;2.5;7;10
28;1;20;8;3
29;1;3;8;21
30;1;4;8;22
31;1;17;9;5
32;1;19.5;9;7
33;1;4;9;22
1626;1;2.5;9;12
1627;1;2;9;17
1628;1;2.5;9;13
1629;1;2;9;19
34;1;19;10;6
35;1;18;10;2
36;1;3;10;21
37;1;6;10;27
38;1;19.5;11;7
39;2;18;11;4
40;1;4.5;11;26
1630;1;2.5;11;13
1631;1;2;11;11
41;1;14;12;1
42;2;20;12;3
43;1;4.5;12;23
1632;1;3.5;12;20
44;1;18;13;2
45;1;5;13;25
1633;1;2.5;13;13
1634;1;2;13;17
46;1;18;14;2
47;1;17;14;5
48;1;19;14;6
49;1;3;14;21
1635;1;3;14;9
1636;1;1.5;14;16
50;1;18;15;2
51;1;3;15;21
1637;1;2;15;11
52;1;19;16;6
53;1;18;16;2
1638;1;2.5;16;18
1639;1;1.5;16;16
54;2;19;17;6
55;2;17;18;5
56;1;14;18;1
57;1;4.5;18;26
1640;1;3.5;18;20
1641;1;3;18;14
58;1;19.5;19;7
59;2;19;19;6
60;1;4.5;19;23
1642;1;2.5;19;13
1643;1;2.5;19;12
1644;1;2;19;11
61;1;14;20;1
62;1;4.5;20;23
63;1;18;21;4
64;2;14;21;1
65;1;4.5;21;26
1645;1;2;21;11
66;2;19;22;6
67;2;14;22;1
68;1;18;23;4
69;1;19;23;6
70;1;5;23;25
71;1;6;23;27
1646;1;2;23;15
1647;1;2;23;11
72;1;19;24;6
73;1;18;24;4
74;1;5;24;25
1648;1;3;24;9
75;1;14;25;1
76;2;19.5;25;7
1649;1;3;25;14
1650;1;2;25;11
77;1;20.5;26;8
78;2;17;26;5
79;1;5;26;25
80;1;4;26;22
1651;1;3;26;9
81;2;20;27;3
82;1;19.5;27;7
83;1;4;27;22
1652;1;2.5;27;18
1653;1;2.5;27;10
84;1;20;28;3
85;2;18;28;4
86;1;20;29;3
87;1;20.5;29;8
88;1;3;29;21
89;1;4.5;29;23
90;1;6;29;27
1654;1;2;29;11
1655;1;2;29;19
1656;1;1.5;29;16
1657;1;3;29;9
91;1;18;30;2
92;1;19.5;30;7
93;1;3;30;21
94;1;4.5;30;23
95;1;5.5;30;29
96;2;20.5;31;8
97;2;19;31;6
98;1;4;31;22
99;1;4;31;22
100;1;19;32;6
101;2;14;32;1
1658;1;2.5;32;12
1659;1;2.5;32;10
1660;1;2.5;32;10
1661;1;1.5;32;16
102;2;19.5;33;7
103;1;20;33;3
1662;1;1.5;33;16
1663;1;2.5;33;13
1664;1;2;33;11
104;1;19.5;34;7
105;1;20.5;34;8
106;1;17;34;5
107;1;4.5;34;26
108;1;6;34;28
109;1;14;35;1
110;1;18;35;4
111;1;20.5;35;8
112;1;4.5;35;23
1665;1;2.5;35;10
113;1;18;36;2
114;1;14;36;1
115;1;4;36;24
116;1;4;36;22
1666;1;2;36;17
1667;1;3;36;14
1668;1;2.5;36;18
1669;1;2.5;36;18
117;2;17;37;5
118;1;20;37;3
119;1;4;37;22
1670;1;3.5;37;20
1671;1;2;37;19
120;1;20.5;38;8
121;1;20;39;3
122;2;18;39;2
123;1;5;39;25
1672;1;2.5;39;12
1673;1;3.5;39;20
1674;1;2.5;39;12
124;2;19;40;6
125;1;20;40;3
126;1;4;40;22
127;1;14;41;1
128;2;19.5;41;7
129;1;17;42;5
130;1;18;42;2
131;1;4.5;42;23
1675;1;3;42;9
132;1;17;43;5
133;1;18;43;2
134;2;19.5;43;7
135;1;4;43;24
1676;1;2.5;43;18
1677;1;3.5;43;20
136;1;20.5;44;8
137;1;4.5;44;26
138;2;19;45;6
139;1;20.5;45;8
140;1;3;45;21
141;1;4.5;45;26
1678;1;2;45;15
1679;1;3;45;14
142;1;20;46;3
143;1;18;46;2
144;1;4;46;22
145;1;20;47;3
146;2;17;47;5
147;1;18;47;2
148;1;14;48;1
149;1;4.5;48;23
150;1;19.5;49;7
151;2;19;49;6
152;1;6;49;28
1680;1;3;49;14
1681;1;2.5;49;12
153;1;17;50;5
154;2;19.5;50;7
155;1;4;50;24
156;1;4;50;24
157;1;5.5;50;29
1682;1;2;50;19
158;1;17;51;5
159;1;20.5;51;8
160;1;19.5;51;7
161;1;4.5;51;23
162;1;5;51;25
1683;1;1.5;51;16
163;1;18;52;2
164;2;14;52;1
165;1;17;52;5
166;1;4.5;52;23
1684;1;2;52;17
167;1;14;53;1
168;2;20.5;53;8
169;1;5.5;53;29
1685;1;2.5;53;18
1686;1;2.5;53;13
170;2;20;54;3
171;1;4;54;22
172;1;5;54;30
173;1;20;55;3
174;1;19;56;6
175;2;17;56;5
176;1;4.5;56;26
177;1;20.5;57;8
178;2;20;57;3
179;1;5;57;25
1687;1;2;57;15
1688;1;2.5;57;12
180;2;14;58;1
181;1;19.5;58;7
1689;1;2;58;19
182;2;18;59;2
183;1;4.5;59;26
184;2;18;60;4
185;1;18;60;2
186;1;4;60;24
187;1;6;60;27
188;1;14;61;1
189;1;17;61;5
190;1;6;61;28
191;1;19.5;62;7
192;1;17;62;5
193;1;18;63;4
194;1;4.5;63;26
195;1;6;63;28
196;1;19.5;64;7
197;1;19;64;6
198;1;14;65;1
199;1;19;65;6
200;1;20;65;3
201;1;4.5;65;26
202;1;5;65;25
203;2;14;66;1
1690;1;2.5;66;12
1691;1;2;66;19
204;1;18;67;2
205;2;20.5;67;8
206;1;4.5;67;23
207;1;5;67;30
1692;1;2;67;17
1693;1;2.5;67;13
208;1;17;68;5
209;1;4.5;68;23
210;1;19;69;6
211;1;4;69;24
212;1;6;69;28
1694;1;2;69;17
1695;1;2;69;19
213;1;17;70;5
214;1;14;70;1
215;1;20.5;70;8
1696;1;1.5;70;16
1697;1;3;70;9
1698;1;2;70;11
216;1;18;71;2
217;1;18;72;2
218;1;17;72;5
219;1;4;72;24
220;2;19;73;6
221;1;17;73;5
222;1;6;73;28
1699;1;2;73;15
1700;1;2;73;15
223;1;17;74;5
224;1;19;74;6
225;1;6;74;28
226;1;19;75;6
227;1;6;75;28
228;1;20.5;76;8
229;1;4;76;24
1701;1;2.5;76;13
230;1;20.5;77;8
231;1;5.5;77;29
232;1;19.5;78;7
233;1;20;78;3
234;1;4.5;78;26
235;1;5;78;25
236;1;5.5;78;29
1702;1;1.5;78;16
1703;1;1.5;78;16
237;1;14;79;1
238;1;20;80;3
239;1;4.5;80;23
240;1;5;80;25
241;1;6;80;28
1704;1;2;80;11
1705;1;1.5;80;16
242;1;20;81;3
243;1;19;81;6
244;1;19.5;81;7
1706;1;1.5;81;16
1707;1;3;81;9
245;1;20;82;3
246;1;18;82;4
247;1;4.5;82;23
1708;1;2;82;17
248;1;19;83;6
249;1;17;83;5
250;1;20.5;83;8
251;1;4;83;24
252;1;6;83;27
1709;1;1.5;83;16
253;1;17;84;5
254;1;18;84;2
255;1;20.5;84;8
256;1;5;84;30
1710;1;2.5;84;10
1711;1;2.5;84;12
257;1;18;85;4
258;1;20.5;85;8
259;1;3;85;21
260;1;4;85;22
1712;1;2;85;17
261;1;19.5;86;7
262;1;4;86;24
263;1;4;86;24
1713;1;3.5;86;20
264;2;18;87;4
265;1;19.5;87;7
266;1;6;87;27
1714;1;3.5;87;20
267;1;17;88;5
268;1;19.5;88;7
269;1;5;88;25
270;1;5;88;25
271;1;20;89;3
272;1;20;90;3
273;1;19.5;91;7
274;1;18;91;4
275;1;17;91;5
276;1;6;91;27
1715;1;2;91;11
277;1;14;92;1
278;1;18;92;2
279;2;20.5;92;8
1716;1;2;92;17
280;1;18;93;4
281;1;20.5;93;8
282;1;4.5;93;23
283;1;4.5;93;23
284;1;20.5;94;8
285;1;19;95;6
286;2;18;95;4
287;1;4.5;95;26
288;1;4.5;95;26
289;1;20.5;96;8
290;1;4;96;22
291;1;5;96;25
1717;1;2.5;96;13
292;1;14;97;1
1718;1;1.5;97;16
1719;1;2.5;97;18
293;1;19;98;6
294;1;18;98;4
295;1;4;98;24
1720;1;3;98;14
1721;1;3.5;98;20
296;2;19;99;6
297;1;20;99;3
298;1;4;99;24
299;1;6;99;28
300;2;19.5;100;7
301;2;18;100;2
302;1;4.5;100;26
303;1;20;101;3
304;1;14;101;1
305;1;18;101;2
306;1;4.5;101;26
1722;1;3;101;14
1723;1;3;101;9
307;1;20.5;102;8
308;1;19.5;102;7
1724;1;2;102;11
309;1;19;103;6
310;1;20.5;103;8
311;1;20;103;3
312;2;20;104;3
313;2;18;104;4
314;1;4.5;104;26
315;1;4;104;24
1725;1;2;104;17
1726;1;3;104;9
1727;1;2.5;104;10
316;1;19;105;6
317;1;17;106;5
318;1;20;106;3
319;1;5;106;25
320;1;4;106;22
1728;1;1.5;106;16
321;1;19;107;6
322;1;18;107;2
323;1;18;107;4
324;1;4.5;107;26
325;1;4;107;22
326;2;19.5;108;7
327;1;4;108;24
328;1;5;108;30
1729;1;2.5;108;13
329;2;14;109;1
330;1;18;109;2
331;1;4.5;109;26
1730;1;3;109;14
332;1;18;110;4
333;1;19.5;110;7
334;1;4;110;22
1731;1;2.5;110;10
335;2;17;111;5
336;1;20;111;3
337;1;4.5;111;23
338;1;6;111;27
339;1;18;112;2
340;1;18;112;4
341;1;3;112;21
342;1;5;112;30
1732;1;2.5;112;18
343;2;18;113;2
344;1;4.5;113;23
1733;1;1.5;113;16
1734;1;3.5;113;20
345;1;19;114;6
346;1;20.5;114;8
347;1;4;114;24
348;1;5.5;114;29
349;1;19;115;6
350;1;19.5;115;7
351;1;17;115;5
352;1;5;115;25
353;1;5;115;30
354;2;20.5;116;8
355;1;18;116;2
356;1;4.5;116;23
357;1;6;116;28
358;1;19.5;117;7
359;1;20.5;117;8
360;1;4;117;22
1735;1;3.5;117;20
361;1;20;118;3
362;1;19.5;119;7
363;1;17;119;5
364;1;20;119;3
365;1;20.5;120;8
366;1;18;120;4
1736;1;2.5;120;13
367;2;20;121;3
368;1;5;121;25
369;1;4;121;22
370;1;5.5;121;29
371;1;18;122;2
372;1;17;122;5
373;1;6;122;27
1737;1;2.5;122;10
1738;1;3;122;9
1739;1;2;122;15
1740;1;2.5;122;10
374;1;14;123;1
375;1;19;123;6
376;2;19.5;123;7
377;1;5.5;123;29
378;2;20;124;3
379;1;19.5;124;7
380;1;4.5;124;26
381;1;19.5;125;7
382;2;20;125;3
383;1;4;125;22
384;1;5.5;125;29
1741;1;2.5;125;13
1742;1;2.5;125;18
1743;1;2;125;11
385;2;17;126;5
386;1;3;126;21
387;1;20;127;3
388;2;19;127;6
389;1;5;127;30
1744;1;2.5;127;13
1745;1;3;127;9
1746;1;1.5;127;16
390;1;19.5;128;7
391;1;18;128;2
392;1;3;128;21
393;1;5;128;30
394;1;20;129;3
395;1;14;129;1
1747;1;2.5;129;12
1748;1;2;129;17
1749;1;2;129;15
1750;1;3;129;9
396;1;18;130;4
397;1;20.5;130;8
398;1;4;130;22
1751;1;2.5;130;18
1752;1;3;130;14
1753;1;2.5;130;18
399;1;18;131;2
400;1;20.5;131;8
401;1;17;132;5
402;1;20.5;132;8
1754;1;2.5;132;12
1755;1;2;132;11
1756;1;2;132;17
403;1;14;133;1
404;1;20;133;3
405;1;18;133;4
406;1;4;133;22
1757;1;1.5;133;16
407;1;14;134;1
408;1;6;134;28
409;1;18;135;4
410;1;3;135;21
411;1;4.5;135;26
1758;1;2.5;135;13
1759;1;1.5;135;16
412;1;20;136;3
413;2;18;136;4
414;1;5;136;30
415;1;18;137;2
416;1;19;137;6
1760;1;3.5;137;20
1761;1;2;137;17
1762;1;3;137;9
1763;1;2;137;11
417;1;17;138;5
418;1;3;138;21
1764;1;2.5;138;12
419;1;20.5;139;8
420;2;18;139;4
421;1;4;139;22
422;1;6;139;28
423;2;18;140;2
424;1;18;140;4
425;1;20.5;140;8
426;1;5;140;30
1765;1;1.5;140;16
1766;1;2.5;140;10
1767;1;2.5;140;10
1768;1;2;140;15
427;1;14;141;1
428;1;20.5;141;8
429;1;17;141;5
430;1;5.5;141;29
431;1;20.5;142;8
432;1;18;142;4
433;1;3;142;21
1769;1;3;142;9
434;1;14;143;1
435;1;19;143;6
436;1;5.5;143;29
1770;1;2.5;143;13
437;1;20.5;144;8
438;1;18;144;4
439;1;19;145;6
440;2;19.5;145;7
1771;1;3;145;14
441;1;19.5;146;7
442;1;14;146;1
443;1;18;146;4
444;1;5;146;25
445;1;5.5;146;29
1772;1;2.5;146;12
1773;1;2;146;17
1774;1;2.5;146;12
446;1;14;147;1
447;2;18;147;4
1775;1;2;147;19
448;2;19;148;6
449;2;18;148;2
1776;1;1.5;148;16
1777;1;2;148;19
1778;1;2.5;148;10
1779;1;3;148;9
450;2;18;149;4
451;1;18;149;2
452;1;4.5;149;26
453;1;5;149;30
454;1;20.5;150;8
1780;1;3.5;150;20
455;1;20.5;151;8
456;2;18;151;4
457;1;4.5;151;23
1781;1;3;151;14
1782;1;2;151;15
458;1;18;152;2
459;1;18;152;4
460;1;18;153;4
461;1;19.5;153;7
462;1;19;153;6
1783;1;3.5;153;20
463;1;19.5;154;7
464;1;14;154;1
465;1;3;154;21
466;1;6;154;28
467;1;17;155;5
468;1;4.5;155;23
469;1;5.5;155;29
470;2;19;156;6
471;1;17;156;5
472;1;14;156;1
1784;1;3;156;9
1785;1;2.5;156;12
473;2;19.5;157;7
474;1;6;157;27
475;1;19.5;158;7
476;1;20.5;158;8
477;1;18;158;4
478;1;19;159;6
479;1;14;159;1
480;1;4.5;159;23
1786;1;3.5;159;20
1787;1;2.5;159;10
481;1;17;160;5
482;1;4;160;24
483;1;5;160;25
484;1;17;161;5
485;1;4;161;22
486;2;17;162;5
487;2;20;162;3
488;1;4.5;162;23
1788;1;3;162;9
1789;1;3.5;162;20
1790;1;2;162;19
489;1;19.5;163;7
490;1;4.5;163;23
491;1;5.5;163;29
1791;1;3.5;163;20
1792;1;2;163;19
492;1;19.5;164;7
493;1;5;164;30
1793;1;2;164;11
1794;1;2;164;17
494;1;19.5;165;7
495;1;3;165;21
496;1;4.5;165;23
497;2;14;166;1
498;1;19.5;166;7
499;1;4.5;166;23
500;1;6;166;27
501;2;18;167;2
502;1;4.5;167;26
503;1;19.5;168;7
504;1;19;168;6
1795;1;2.5;168;13
505;2;20.5;169;8
506;1;14;169;1
507;1;14;170;1
508;2;20.5;170;8
1796;1;2;170;15
1797;1;2.5;170;18
509;1;19;171;6
510;1;20;171;3
511;1;4.5;171;23
512;1;5;171;30
513;1;18;172;2
514;1;19;172;6
515;1;3;172;21
516;1;4.5;172;26
517;2;14;173;1
518;2;20;173;3
519;1;3;173;21
520;1;6;173;28
1798;1;2;173;19
1799;1;2;173;17
521;1;14;174;1
522;2;20;174;3
523;1;20.5;174;8
524;1;4.5;174;26
1800;1;2.5;174;10
1801;1;2;174;15
525;2;14;175;1
526;2;17;175;5
527;1;4;175;22
528;1;5;175;30
1802;1;2;175;11
1803;1;2;175;15
1804;1;1.5;175;16
529;1;17;176;5
530;1;20.5;177;8
531;1;3;177;21
532;1;5;177;25
1805;1;3;177;14
1806;1;2;177;15
533;2;14;178;1
534;2;18;178;2
535;1;4;178;22
1807;1;1.5;178;16
1808;1;2;178;11
536;2;20;179;3
537;2;19.5;179;7
538;1;4.5;179;26
539;1;4.5;179;23
540;1;6;179;27
1809;1;2.5;179;18
1810;1;2.5;179;18
541;1;20.5;180;8
542;1;14;180;1
543;1;4.5;180;23
544;1;6;180;28
1811;1;2;180;11
1812;1;2;180;15
545;1;19;181;6
546;1;18;181;2
547;2;20;181;3
548;1;5;181;30
549;1;18;182;4
550;1;4;182;22
551;1;18;183;2
552;1;18;183;4
553;1;4.5;183;26
554;1;3;183;21
555;1;5.5;183;29
1813;1;3.5;183;20
556;1;14;184;1
557;1;19.5;184;7
1814;1;2;184;17
1815;1;3;184;9
558;2;19;185;6
559;1;14;185;1
1816;1;3;185;14
560;1;18;186;4
561;1;19.5;186;7
562;1;5;186;25
1817;1;2.5;186;13
1818;1;2;186;17
1819;1;3;186;14
563;2;18;187;2
564;1;4;187;22
565;1;6;187;27
566;1;14;188;1
567;1;20;188;3
568;1;3;188;21
569;1;6;188;27
570;1;19;189;6
571;1;18;189;4
572;1;4.5;189;23
573;1;4;189;22
574;2;17;190;5
575;1;4.5;190;23
576;1;5;190;25
577;1;5.5;190;29
1820;1;2;190;11
578;1;20;191;3
579;1;17;191;5
580;1;4.5;191;23
581;1;5.5;191;29
582;1;20.5;192;8
583;1;6;192;27
1821;1;3;192;9
1822;1;2;192;11
584;2;17;193;5
585;1;18;193;2
586;1;4;193;22
587;1;19;194;6
588;1;20;194;3
589;2;18;194;4
590;1;4;194;24
591;1;5;194;25
1823;1;3.5;194;20
1824;1;2;194;15
1825;1;3.5;194;20
1826;1;2;194;15
592;2;20;195;3
593;1;4.5;195;23
594;1;20.5;196;8
595;1;14;196;1
596;1;6;196;27
597;1;17;197;5
598;1;19;197;6
599;1;4.5;197;23
600;1;4;197;24
1827;1;2.5;197;13
601;1;17;198;5
602;2;20.5;198;8
603;1;4.5;198;26
1828;1;2;198;19
1829;1;2;198;17
604;1;17;199;5
605;1;20;199;3
606;1;5;199;25
1830;1;2;199;11
607;2;18;200;2
608;1;4;200;22
1831;1;1.5;200;16
609;2;18;201;4
610;1;20;201;3
611;1;4;201;24
612;1;6;201;27
1832;1;2;201;15
613;1;18;202;4
614;1;4.5;202;23
1833;1;3;202;9
1834;1;2.5;202;10
615;1;14;203;1
616;2;17;203;5
617;2;18;203;2
618;1;19.5;204;7
619;1;4;204;22
620;1;4;204;24
1835;1;3;204;14
621;1;20.5;205;8
622;1;18;205;2
1836;1;2.5;205;12
1837;1;2.5;205;10
623;1;20;206;3
624;2;18;206;4
625;1;6;206;28
626;1;17;207;5
627;1;19.5;207;7
628;1;20;208;3
629;1;14;208;1
630;1;19.5;208;7
631;1;5;208;25
632;1;4;208;24
1838;1;2;208;15
1839;1;2.5;208;18
1840;1;2.5;208;18
633;1;14;209;1
634;1;4;209;24
1841;1;2.5;209;10
1842;1;2;209;15
635;1;19.5;210;7
636;1;18;210;4
637;1;14;210;1
638;1;4.5;210;23
639;1;4;210;24
640;1;19;211;6
641;1;20;211;3
642;1;20.5;211;8
643;1;3;211;21
1843;1;3;211;14
1844;1;3;211;14
1845;1;2.5;211;12
644;1;19.5;212;7
645;1;4;212;24
646;1;20;213;3
1846;1;2.5;213;12
1847;1;1.5;213;16
647;1;18;214;4
648;1;17;215;5
649;1;4;215;24
1848;1;2.5;215;12
1849;1;2;215;15
650;1;20.5;216;8
651;1;20;216;3
652;1;19;216;6
653;1;4;216;22
654;1;5.5;216;29
655;1;18;217;4
656;1;20.5;217;8
657;1;4;217;22
658;1;6;217;28
1850;1;2.5;217;12
1851;1;2;217;17
1852;1;2;217;15
659;1;20.5;218;8
1853;1;3;218;14
660;1;18;219;2
661;1;17;219;5
662;1;5;219;25
663;1;3;219;21
664;2;20;220;3
665;1;14;220;1
666;1;3;220;21
1854;1;1.5;220;16
667;1;17;221;5
668;2;14;221;1
669;1;6;221;28
670;1;20.5;222;8
671;1;18;222;4
672;1;14;222;1
673;1;4.5;222;23
1855;1;2.5;222;13
1856;1;2.5;222;10
674;1;19;223;6
675;1;20;224;3
676;1;4.5;224;26
677;1;19.5;225;7
678;1;4.5;225;23
1857;1;3.5;225;20
1858;1;2;225;11
679;1;14;226;1
680;2;17;227;5
681;1;18;227;2
1859;1;3;227;9
682;2;20.5;228;8
683;1;18;228;4
684;1;4;228;24
685;1;6;228;28
686;2;20.5;229;8
687;1;14;229;1
1860;1;3.5;229;20
1861;1;2;229;15
688;2;14;230;1
689;1;4.5;230;26
690;2;20.5;231;8
691;1;18;231;2
692;1;4.5;231;23
1862;1;3;231;9
1863;1;2;231;11
693;1;20;232;3
694;1;20.5;232;8
695;1;20.5;233;8
696;1;14;233;1
697;1;18;233;4
698;1;4.5;233;23
699;1;4;233;22
700;1;20;234;3
701;1;18;234;4
702;1;3;234;21
1864;1;2;234;19
1865;1;2.5;234;10
1866;1;2;234;15
703;1;14;235;1
704;1;4.5;235;26
705;1;19.5;236;7
706;1;14;236;1
1867;1;2.5;236;10
1868;1;3;236;9
1869;1;2.5;236;13
1870;1;2;236;19
707;1;19;237;6
708;1;4;237;24
709;1;20.5;238;8
710;2;19;238;6
711;1;18;239;4
712;1;17;239;5
713;1;4;239;24
714;1;5.5;239;29
715;1;20;240;3
716;1;19.5;240;7
717;1;4.5;240;23
1871;1;3;240;14
1872;1;2.5;240;18
718;2;19.5;241;7
719;1;17;241;5
720;1;4.5;241;26
1873;1;2;241;11
721;2;17;242;5
1874;1;2.5;242;10
722;1;18;243;4
723;1;14;243;1
1875;1;2;243;11
724;1;19.5;244;7
725;1;18;244;4
726;1;20.5;244;8
1876;1;2;244;15
1877;1;1.5;244;16
727;1;19.5;245;7
728;1;18;245;4
729;2;14;245;1
730;1;4;245;22
731;1;5;245;25
1878;1;1.5;245;16
732;1;19.5;246;7
733;1;20.5;247;8
734;1;14;247;1
735;1;18;247;4
736;1;5;247;25
737;1;6;247;27
1879;1;3;247;14
1880;1;2;247;19
738;2;19;248;6
739;1;19.5;248;7
740;1;4;248;24
1881;1;3.5;248;20
741;1;14;249;1
742;1;5.5;249;29
1882;1;2.5;249;12
743;1;14;250;1
744;1;18;250;2
1883;1;3;250;14
1884;1;3.5;250;20
745;1;19;251;6
746;1;14;251;1
747;1;4;251;24
748;1;17;252;5
749;1;19.5;253;7
750;1;18;253;4
751;1;4.5;253;26
752;1;17;254;5
753;1;4.5;254;26
754;1;6;254;27
755;1;18;255;2
756;1;3;255;21
757;1;6;255;27
758;1;18;256;4
759;1;3;256;21
1885;1;3.5;256;20
760;1;18;257;2
761;2;14;257;1
762;1;4;257;24
1886;1;1.5;257;16
763;2;20;258;3
764;1;4.5;258;26
765;1;5;258;30
1887;1;2;258;11
1888;1;3.5;258;20
766;2;14;259;1
767;1;17;259;5
768;1;3;259;21
1889;1;2.5;259;13
1890;1;2.5;259;13
769;1;20.5;260;8
770;1;17;260;5
771;1;20;260;3
772;1;19.5;261;7
773;1;18;261;4
1891;1;2;261;19
774;2;18;262;2
775;1;5;262;25
776;1;5;262;25
777;1;5;262;30
778;1;20.5;263;8
779;1;14;263;1
780;1;5;263;25
1892;1;3;263;14
781;1;20;264;3
782;2;14;264;1
783;1;6;264;27
1893;1;3.5;264;20
1894;1;2;264;11
1895;1;2;264;15
784;1;18;265;2
785;1;3;265;21
786;1;6;265;27
1896;1;2.5;265;10
1897;1;1.5;265;16
787;1;18;266;4
788;1;19.5;266;7
1898;1;2.5;266;12
789;1;20.5;267;8
790;1;20;267;3
791;1;17;267;5
792;1;5;267;25
793;1;5;267;25
794;1;6;267;27
795;1;19;268;6
796;1;20.5;268;8
797;1;3;268;21
1899;1;3;268;14
1900;1;2.5;268;12
798;1;19.5;269;7
799;1;6;269;27
800;1;14;270;1
801;1;20.5;270;8
1901;1;2.5;270;13
802;1;19;271;6
803;1;14;271;1
804;1;5;271;25
1902;1;2;271;19
805;2;20;272;3
806;1;19;272;6
807;1;14;272;1
1903;1;3.5;272;20
808;1;19;273;6
809;2;18;273;4
810;1;3;273;21
811;1;18;274;4
812;1;4;274;22
813;1;4.5;274;23
814;1;17;275;5
815;2;18;276;2
816;1;3;276;21
1904;1;2;276;15
817;1;19.5;277;7
818;1;18;277;4
819;1;14;277;1
820;1;5;277;25
821;2;14;278;1
822;2;17;278;5
823;1;19;278;6
824;1;6;278;28
1905;1;1.5;278;16
1906;1;3.5;278;20
825;2;20;279;3
1907;1;2.5;279;13
1908;1;3;279;14
826;1;18;280;4
827;1;4;280;22
828;1;4.5;280;26
829;1;19.5;281;7
830;1;4;281;22
831;1;4.5;281;26
832;1;6;281;28
1909;1;1.5;281;16
833;2;14;282;1
834;1;20;282;3
835;2;20.5;282;8
1910;1;2;282;11
1911;1;3;282;9
1912;1;3;282;9
1913;1;2.5;282;13
836;1;20;283;3
837;1;18;283;4
1914;1;2.5;283;12
1915;1;3;283;14
838;2;20;284;3
839;1;19.5;284;7
840;1;18;284;2
841;1;4.5;284;23
1916;1;3;284;14
1917;1;2.5;284;18
842;1;20.5;285;8
843;1;19.5;285;7
844;1;5;285;25
1918;1;2;285;19
1919;1;2;285;17
845;1;18;286;4
846;1;4;286;24
1920;1;2;286;15
847;2;18;287;4
848;1;17;287;5
849;1;4;287;24
850;1;18;288;2
851;1;19.5;288;7
852;1;4.5;288;23
1921;1;2.5;288;10
853;1;17;289;5
854;1;14;289;1
855;1;4;289;22
1922;1;2;289;15
1923;1;2;289;15
856;1;20.5;290;8
1924;1;2;290;15
857;1;14;291;1
858;1;4;291;24
859;1;4.5;291;26
860;1;20;292;3
861;1;5;292;25
862;1;20.5;293;8
863;1;19;293;6
864;1;4;293;24
865;1;6;293;28
1925;1;2;293;19
1926;1;3;293;9
1927;1;2;293;11
866;2;19.5;294;7
867;2;18;294;4
868;1;6;294;28
1928;1;1.5;294;16
1929;1;3.5;294;20
869;1;20.5;295;8
870;1;4;295;22
1930;1;1.5;295;16
871;1;20.5;296;8
872;1;20;296;3
873;1;6;296;28
874;1;14;297;1
875;1;18;297;2
876;1;5;297;25
877;1;5.5;297;29
1931;1;2;297;19
1932;1;2.5;297;10
878;1;20.5;298;8
879;1;18;298;4
880;1;20;298;3
881;1;4;298;22
1933;1;3.5;298;20
1934;1;1.5;298;16
1935;1;1.5;298;16
882;1;17;299;5
883;1;14;299;1
884;2;20.5;299;8
1936;1;2;299;19
885;2;14;300;1
886;1;3;300;21
887;1;3;300;21
1937;1;2.5;300;12
888;2;20;301;3
889;1;19;302;6
890;1;14;302;1
891;1;18;302;4
892;1;6;302;28
1938;1;2;302;19
1939;1;2.5;302;18
1940;1;2;302;15
893;1;20;303;3
894;1;14;304;1
895;2;19.5;305;7
896;1;18;305;2
897;1;19;305;6
898;1;5;305;30
1941;1;3;305;14
1942;1;2;305;19
899;1;14;306;1
900;1;19;306;6
901;1;18;306;2
902;1;6;306;28
1943;1;2.5;306;10
903;1;18;307;4
904;1;18;307;2
905;1;4.5;307;23
906;1;5;307;30
1944;1;2.5;307;12
907;1;20.5;308;8
908;1;18;308;4
909;1;4.5;308;23
910;1;5;308;25
1945;1;3;308;9
1946;1;2;308;15
911;2;18;309;2
912;2;20;309;3
1947;1;2;309;17
913;1;18;310;2
914;2;18;310;4
915;1;4.5;310;23
916;1;18;311;4
917;1;18;311;2
918;1;4;311;22
919;1;5;311;30
920;1;18;312;2
921;1;19;312;6
922;1;4.5;312;26
1948;1;2;312;17
923;2;19;313;6
924;1;19.5;313;7
925;1;6;313;27
1949;1;3;313;9
1950;1;2;313;11
926;1;20.5;314;8
927;1;18;314;2
928;2;17;314;5
929;1;4;314;24
1951;1;3.5;314;20
930;1;19;315;6
931;1;14;315;1
932;1;17;315;5
933;1;3;315;21
1952;1;3;315;9
1953;1;2;315;19
934;1;19;316;6
935;1;20.5;316;8
936;1;18;317;2
937;1;19.5;317;7
1954;1;2.5;317;18
1955;1;2;317;19
938;1;14;318;1
939;1;19.5;318;7
940;2;14;319;1
941;1;5;319;25
942;1;18;320;2
943;1;14;320;1
944;1;18;320;4
1956;1;2;320;15
1957;1;2.5;320;13
1958;1;2;320;19
1959;1;2.5;320;10
945;1;19.5;321;7
946;1;18;322;2
1960;1;2;322;15
1961;1;2.5;322;18
947;1;20;323;3
948;2;17;323;5
949;1;6;323;28
1962;1;3;323;14
1963;1;2;323;11
950;1;17;324;5
951;1;5;324;25
952;1;18;325;4
953;1;19;325;6
954;1;6;325;28
955;1;18;326;4
956;1;19;326;6
957;1;17;326;5
958;1;4;326;22
959;1;6;326;28
1964;1;3.5;326;20
960;1;19.5;327;7
961;2;19;327;6
962;1;5;327;25
963;1;4.5;327;26
964;1;20;328;3
965;1;19;328;6
966;1;4.5;328;26
967;1;18;329;4
968;1;14;329;1
969;1;4;329;24
970;1;20;330;3
971;1;5;330;25
972;1;18;331;2
973;2;20.5;331;8
974;1;5;331;25
975;1;4;331;22
976;1;14;332;1
977;1;18;332;2
978;1;18;333;2
979;1;4;333;22
1965;1;2.5;333;12
980;1;20;334;3
981;1;18;334;4
982;1;4.5;334;26
983;1;4.5;334;26
984;1;6;334;28
985;2;18;335;2
986;2;17;335;5
987;1;4.5;335;23
988;1;6;335;28
989;1;17;336;5
990;1;20.5;336;8
991;1;19.5;337;7
992;2;18;337;4
1966;1;2;337;19
1967;1;3;337;9
1968;1;3.5;337;20
993;1;17;338;5
994;2;18;339;4
995;1;14;339;1
996;1;5;339;30
1969;1;2;339;17
1970;1;1.5;339;16
1971;1;2;339;19
1972;1;2;339;17
997;1;18;340;4
998;2;19;341;6
999;1;19.5;341;7
1000;1;6;341;27
1973;1;2;341;15
1974;1;3;341;14
1001;1;14;342;1
1002;1;6;342;27
1003;1;20.5;343;8
1004;1;18;343;2
1005;2;14;343;1
1006;1;4.5;343;23
1007;1;5;343;30
1008;2;18;344;4
1009;1;14;344;1
1975;1;2;344;15
1976;1;3.5;344;20
1977;1;1.5;344;16
1010;1;19.5;345;7
1011;1;17;345;5
1012;1;3;345;21
1978;1;3;345;9
1013;1;20;346;3
1014;1;19;346;6
1979;1;2.5;346;13
1980;1;2.5;346;12
1981;1;1.5;346;16
1015;1;18;347;2
1016;1;20.5;347;8
1017;1;4;347;24
1018;1;5;347;25
1982;1;2;347;11
1019;1;18;348;2
1020;1;20;348;3
1021;1;19.5;348;7
1022;1;6;348;28
1983;1;2.5;348;12
1984;1;3;348;14
1985;1;3;348;9
1986;1;1.5;348;16
1987;1;2.5;348;13
1023;1;20;349;3
1024;1;20.5;349;8
1025;1;5.5;349;29
1026;1;18;350;4
1027;2;18;350;2
1028;1;4;350;22
1029;1;19;351;6
1030;1;17;352;5
1031;1;14;352;1
1032;1;3;352;21
1033;1;5;352;30
1988;1;3.5;352;20
1034;1;20.5;353;8
1035;1;17;353;5
1036;2;19;353;6
1037;1;4.5;353;23
1038;1;4;353;22
1039;1;6;353;27
1989;1;2.5;353;13
1990;1;2.5;353;13
1040;1;19;354;6
1041;1;6;354;28
1042;1;17;355;5
1043;1;18;355;2
1044;1;5;355;30
1991;1;3.5;355;20
1992;1;2;355;19
1993;1;2;355;19
1045;1;19;356;6
1046;2;18;356;2
1047;1;4.5;356;26
1048;1;5.5;356;29
1994;1;1.5;356;16
1049;1;19.5;357;7
1050;2;14;357;1
1995;1;2.5;357;18
1996;1;3;357;9
1051;2;14;358;1
1052;1;19.5;358;7
1053;1;5;358;25
1054;2;18;359;2
1997;1;2.5;359;10
1998;1;2;359;17
1055;1;19.5;360;7
1056;2;19;360;6
1057;1;4.5;360;23
1058;1;5.5;360;29
1999;1;2.5;360;12
1059;1;20;361;3
1060;1;19;361;6
1061;1;4.5;361;23
1062;2;20.5;362;8
1063;1;19.5;362;7
1064;1;5;362;30
2000;1;3;362;14
1065;1;18;363;4
1066;1;20.5;363;8
1067;1;14;364;1
1068;1;20;364;3
1069;1;17;364;5
1070;1;4;364;24
1071;1;6;364;28
2001;1;3;364;9
2002;1;2.5;364;13
1072;2;18;365;2
1073;1;19;365;6
1074;1;17;365;5
1075;1;5;365;25
1076;1;4.5;365;26
2003;1;2;365;11
2004;1;2.5;365;10
2005;1;2;365;11
2006;1;2;365;11
1077;1;20;366;3
1078;1;5;366;25
2007;1;2;366;19
2008;1;1.5;366;16
1079;1;18;367;4
1080;1;20.5;367;8
1081;1;4;367;24
2009;1;3.5;367;20
1082;1;18;368;2
1083;2;14;368;1
1084;1;20;368;3
1085;1;4;368;22
1086;1;6;368;27
2010;1;2.5;368;10
2011;1;2.5;368;12
2012;1;2;368;17
1087;1;17;369;5
1088;1;18;369;4
1089;1;4.5;369;26
2013;1;3.5;369;20
2014;1;3;369;14
1090;2;17;370;5
1091;1;18;370;2
2015;1;2.5;370;12
1092;1;19;371;6
2016;1;3;371;14
2017;1;2.5;371;18
1093;2;20.5;372;8
1094;1;4;372;22
2018;1;2;372;17
2019;1;2.5;372;10
1095;1;20.5;373;8
1096;1;3;373;21
1097;1;19;374;6
1098;1;17;374;5
1099;1;4.5;374;26
1100;1;3;374;21
1101;1;19.5;375;7
1102;2;18;375;2
1103;1;17;375;5
1104;1;4.5;375;26
1105;1;3;375;21
2020;1;1.5;375;16
2021;1;2;375;19
1106;1;18;376;2
1107;1;20;376;3
1108;1;4;376;24
1109;1;5.5;376;29
2022;1;3;376;14
1110;1;17;377;5
1111;1;4.5;377;26
1112;1;4;377;24
2023;1;2.5;377;10
1113;2;17;378;5
1114;1;4.5;378;26
2024;1;1.5;378;16
2025;1;1.5;378;16
1115;1;20;379;3
1116;1;20.5;379;8
1117;1;19;379;6
1118;1;5;379;30
2026;1;2;379;11
2027;1;1.5;379;16
1119;2;18;380;2
1120;1;4;380;22
1121;1;18;381;2
1122;1;19;381;6
1123;1;4;381;24
1124;1;4.5;381;23
1125;1;6;381;28
2028;1;2;381;17
2029;1;3;381;14
1126;1;18;382;2
1127;1;5;382;25
1128;2;20.5;383;8
1129;1;17;383;5
1130;1;18;383;4
1131;1;4;383;22
2030;1;2;383;15
2031;1;2;383;19
1132;2;19.5;384;7
1133;1;14;384;1
1134;1;20.5;384;8
1135;1;5;384;30
2032;1;2.5;384;18
1136;1;20;385;3
1137;2;18;385;4
1138;1;5.5;385;29
2033;1;2;385;19
2034;1;2.5;385;13
1139;1;18;386;2
1140;2;17;386;5
1141;1;19.5;387;7
1142;1;4.5;387;26
1143;1;6;387;27
1144;1;20.5;388;8
1145;1;19.5;388;7
1146;1;4.5;388;26
1147;1;3;388;21
1148;1;5;388;30
1149;1;14;389;1
1150;1;20.5;389;8
1151;2;20;389;3
1152;1;6;389;27
1153;1;20.5;390;8
1154;1;18;390;2
2035;1;1.5;390;16
2036;1;3.5;390;20
1155;1;17;391;5
1156;1;18;391;2
1157;1;4.5;391;23
1158;1;17;392;5
1159;1;4;392;24
2037;1;2;392;15
2038;1;3;392;9
1160;1;19;393;6
1161;2;18;393;2
1162;1;18;393;4
2039;1;2;393;17
2040;1;2;393;17
1163;1;20.5;394;8
1164;2;18;394;4
1165;1;14;394;1
2041;1;2.5;394;18
2042;1;2;394;15
2043;1;2;394;19
1166;1;14;395;1
1167;1;5.5;395;29
2044;1;2.5;395;10
2045;1;2;395;15
1168;1;18;396;2
1169;1;3;396;21
1170;1;4;396;22
1171;1;5.5;396;29
1172;1;14;397;1
1173;1;3;397;21
1174;1;5;397;30
1175;1;19.5;398;7
1176;1;19;398;6
1177;1;4;398;24
1178;1;5.5;398;29
2046;1;2.5;398;18
1179;1;18;399;4
1180;1;4;399;24
1181;1;4;399;22
2047;1;3;399;9
2048;1;2.5;399;12
1182;1;20.5;400;8
1183;1;4.5;400;23
1184;1;4;400;24
1185;1;18;401;2
1186;2;20.5;401;8
1187;1;5;401;25
2049;1;2.5;401;12
1188;1;19;402;6
1189;1;14;402;1
1190;1;4;402;22
1191;1;5;402;25
1192;1;5;402;30
2050;1;2;402;19
1193;1;18;403;2
1194;1;17;403;5
1195;1;14;403;1
1196;1;4.5;403;26
1197;1;4.5;403;23
2051;1;1.5;403;16
2052;1;2.5;403;12
1198;1;20;404;3
1199;1;6;404;27
2053;1;3;404;14
1200;1;19;405;6
1201;1;18;405;4
1202;1;6;405;28
2054;1;2.5;405;18
1203;1;20.5;406;8
1204;1;14;406;1
1205;1;4.5;406;26
1206;1;5;406;25
2055;1;2;406;17
2056;1;2;406;19
1207;1;19.5;407;7
1208;1;20;407;3
1209;1;18;407;2
1210;1;5;407;25
1211;1;5.5;407;29
2057;1;2;407;19
2058;1;2.5;407;10
1212;1;19;408;6
1213;1;19.5;408;7
1214;1;6;408;27
1215;2;17;409;5
1216;1;14;409;1
1217;2;18;409;4
2059;1;3;409;9
2060;1;2;409;19
2061;1;3;409;9
2062;1;2;409;17
2063;1;2;409;19
1218;1;18;410;4
1219;1;19.5;410;7
1220;1;4.5;410;23
2064;1;2.5;410;10
2065;1;2.5;410;13
1221;1;20;411;3
1222;2;18;411;4
1223;2;14;412;1
1224;1;19.5;412;7
1225;2;18;412;4
1226;1;5;412;25
2066;1;2.5;412;12
2067;1;2.5;412;18
2068;1;3;412;9
2069;1;2;412;15
1227;1;20.5;413;8
1228;1;19;413;6
2070;1;3.5;413;20
2071;1;2;413;11
2072;1;2.5;413;12
1229;1;18;414;2
1230;1;20.5;414;8
1231;1;4;414;24
1232;1;4;414;24
1233;2;20;415;3
1234;1;19;415;6
1235;1;4.5;415;23
2073;1;2;415;11
1236;1;14;416;1
1237;2;20;416;3
2074;1;3;416;9
2075;1;3;416;14
1238;2;18;417;2
1239;1;5.5;417;29
2076;1;1.5;417;16
2077;1;3.5;417;20
1240;2;17;418;5
1241;1;6;418;27
2078;1;2.5;418;18
2079;1;2.5;418;18
1242;2;18;419;4
1243;1;14;420;1
2080;1;2;420;15
2081;1;2;420;11
1244;2;18;421;4
1245;1;3;421;21
1246;1;4.5;421;23
2082;1;2.5;421;12
1247;2;20.5;422;8
1248;1;4;422;22
2083;1;2;422;17
2084;1;3;422;14
1249;1;20.5;423;8
1250;1;18;423;2
1251;1;14;423;1
2085;1;2.5;423;13
2086;1;2.5;423;10
2087;1;2;423;11
2088;1;2;423;17
1252;2;14;424;1
1253;1;3;424;21
1254;1;5.5;424;29
1255;1;18;425;2
1256;2;18;425;4
1257;1;6;425;27
1258;1;14;426;1
1259;1;20.5;426;8
1260;1;18;427;2
1261;2;14;428;1
1262;1;19.5;428;7
1263;1;4.5;428;23
1264;1;5;428;25
2089;1;1.5;428;16
1265;1;18;429;4
1266;1;20.5;429;8
1267;1;4.5;429;23
1268;1;19;430;6
1269;2;18;430;4
1270;1;20.5;430;8
1271;1;3;430;21
1272;1;17;431;5
1273;1;20;431;3
1274;1;4;431;24
2090;1;3;431;9
1275;1;19;432;6
1276;1;17;433;5
1277;1;19.5;433;7
1278;1;5;433;30
1279;1;18;434;2
1280;1;3;434;21
1281;2;17;435;5
1282;1;19.5;435;7
1283;2;17;436;5
1284;2;20;436;3
1285;2;18;436;4
2091;1;2;436;11
1286;1;14;437;1
1287;1;5;437;25
1288;1;6;437;27
1289;1;19.5;438;7
1290;2;14;438;1
2092;1;3;438;14
2093;1;2;438;15
1291;2;14;439;1
2094;1;2;439;17
2095;1;3.5;439;20
1292;1;18;440;2
1293;1;14;440;1
1294;1;19;441;6
1295;1;4;441;22
1296;1;4.5;441;23
1297;1;5.5;441;29
1298;1;20.5;442;8
1299;1;17;442;5
1300;1;19;443;6
1301;2;14;443;1
1302;1;19.5;443;7
1303;1;4.5;443;23
1304;1;5;443;25
2096;1;1.5;443;16
1305;2;19.5;444;7
1306;1;18;444;4
1307;1;20;444;3
2097;1;3;444;14
2098;1;2.5;444;18
2099;1;2.5;444;10
1308;2;18;445;2
1309;1;4;445;22
2100;1;2;445;19
2101;1;2;445;19
1310;1;19.5;446;7
1311;2;20;446;3
2102;1;2;446;11
1312;1;20.5;447;8
1313;1;18;447;4
1314;2;18;447;2
1315;1;5;447;25
1316;1;5;447;25
2103;1;2.5;447;18
2104;1;2.5;447;10
2105;1;3;447;9
1317;1;20.5;448;8
1318;1;4.5;448;26
1319;1;3;448;21
1320;1;18;449;2
1321;1;19;449;6
1322;1;5;449;25
1323;1;14;450;1
1324;1;4;450;22
1325;1;18;451;4
1326;1;14;451;1
1327;1;5;451;25
1328;1;17;452;5
1329;1;20.5;453;8
1330;2;20;453;3
1331;1;14;454;1
1332;1;20.5;455;8
1333;1;19;455;6
1334;1;18;455;2
1335;1;5;455;25
2106;1;2;455;19
1336;1;14;456;1
1337;1;17;456;5
1338;1;4.5;456;23
1339;1;18;457;2
1340;2;17;457;5
1341;1;5.5;457;29
2107;1;2;457;19
1342;2;18;458;2
1343;1;14;458;1
1344;1;5;458;25
1345;1;18;459;4
1346;1;14;459;1
1347;1;20;459;3
1348;1;4.5;459;26
1349;1;5;459;25
1350;1;18;460;4
1351;2;17;460;5
1352;1;14;460;1
2108;1;1.5;460;16
2109;1;2.5;460;18
2110;1;2;460;19
2111;1;2.5;460;12
1353;1;14;461;1
1354;1;5;461;30
2112;1;3.5;461;20
2113;1;3;461;14
1355;1;20.5;462;8
1356;1;17;462;5
1357;1;4;462;22
1358;1;3;462;21
1359;1;6;462;27
1360;1;20.5;463;8
1361;1;18;463;2
2114;1;2.5;463;13
2115;1;3.5;463;20
1362;1;19;464;6
1363;1;17;464;5
1364;1;3;464;21
2116;1;2;464;11
1365;2;19;465;6
1366;1;4.5;465;26
1367;1;5;465;25
1368;1;17;466;5
1369;1;18;467;2
1370;1;20.5;467;8
1371;1;17;467;5
1372;1;4;467;22
1373;1;3;467;21
2117;1;2.5;467;12
2118;1;2;467;11
1374;1;20.5;468;8
1375;1;18;468;4
1376;1;4.5;468;23
2119;1;2.5;468;12
2120;1;3.5;468;20
2121;1;1.5;468;16
1377;2;17;469;5
1378;1;19;469;6
1379;1;5;469;25
2122;1;1.5;469;16
2123;1;2;469;19
1380;2;19;470;6
1381;1;17;470;5
1382;1;17;471;5
1383;1;20;471;3
1384;1;19;472;6
1385;2;14;472;1
1386;2;17;472;5
2124;1;2;472;11
1387;1;20;473;3
1388;1;20;474;3
1389;1;19;474;6
1390;1;3;474;21
2125;1;2.5;474;13
1391;2;20;475;3
1392;1;19;475;6
2126;1;2;475;11
2127;1;1.5;475;16
2128;1;2.5;475;10
1393;1;17;476;5
1394;1;18;476;2
1395;1;4.5;476;23
1396;1;4.5;476;23
1397;1;14;477;1
1398;1;4.5;477;26
1399;1;18;478;4
1400;1;20;478;3
1401;1;4;478;24
2129;1;2;478;17
2130;1;1.5;478;16
1402;1;19;479;6
1403;1;20;479;3
2131;1;2.5;479;13
2132;1;2;479;11
2133;1;1.5;479;16
1404;1;14;480;1
1405;1;18;480;2
1406;1;20;481;3
1407;2;18;481;2
1408;1;3;481;21
1409;1;4.5;481;26
1410;1;6;481;28
2134;1;3;481;14
1411;2;19;482;6
1412;1;4;482;22
2135;1;1.5;482;16
1413;1;20;483;3
1414;1;18;483;4
1415;1;3;483;21
1416;1;19;484;6
1417;1;3;484;21
1418;1;5;484;30
2136;1;2.5;484;10
2137;1;2;484;19
1419;1;14;485;1
1420;2;20;485;3
1421;1;20;486;3
1422;2;17;486;5
1423;1;19;487;6
1424;1;19.5;487;7
1425;1;4.5;487;26
2138;1;2;487;15
2139;1;2;487;11
1426;1;19;488;6
1427;1;20;488;3
1428;1;4.5;488;23
1429;1;4.5;488;23
2140;1;2;488;11
2141;1;2.5;488;13
1430;2;20;489;3
1431;1;19;489;6
1432;1;4.5;489;26
2142;1;3.5;489;20
2143;1;2.5;489;18
1433;1;18;490;2
1434;1;20;490;3
1435;1;5;490;30
2144;1;3.5;490;20
2145;1;2;490;19
1436;1;19;491;6
1437;1;17;491;5
1438;1;6;491;27
1439;1;20;492;3
1440;1;20.5;492;8
1441;1;3;492;21
2146;1;2.5;492;12
1442;1;14;493;1
1443;1;20;493;3
1444;1;4;493;24
1445;1;4.5;493;23
2147;1;2;493;11
2148;1;1.5;493;16
1446;1;19;494;6
1447;1;18;494;4
1448;1;5.5;494;29
2149;1;2.5;494;18
1449;1;18;495;2
1450;1;14;495;1
2150;1;2.5;495;18
1451;2;19;496;6
1452;1;20.5;496;8
1453;1;4;496;24
1454;1;5;496;30
1455;1;20;497;3
1456;1;4;497;22
1457;1;4;497;22
2151;1;2;497;15
2152;1;2;497;15
1458;2;20.5;498;8
1459;1;19;498;6
1460;1;4;498;22
1461;1;6;498;28
2153;1;2;498;17
2154;1;2;498;17
1462;1;20;499;3
1463;1;18;499;4
1464;1;17;499;5
2155;1;3;499;9
1465;1;18;500;2
1466;2;19;500;6
1467;1;17;500;5
1468;1;5;500;25
2156;1;3.5;500;20
2157;1;3;500;9
1469;2;19.5;501;7
1470;2;19;501;6
1471;2;20;501;3
1472;1;4.5;501;23
1473;1;4.5;501;23
1474;1;5;501;30
2158;1;2.5;501;12
2159;1;2.5;501;13
1475;1;19;502;6
1476;1;17;502;5
1477;1;20;502;3
2160;1;2.5;502;18
2161;1;2;502;11
1478;1;19.5;503;7
1479;1;20.5;504;8
1480;1;18;504;2
1481;1;18;504;4
1482;1;4;504;24
1483;1;4;504;24
2162;1;3;504;14
2163;1;2.5;504;13
1484;2;18;505;4
1485;1;20;505;3
1486;1;19;505;6
1487;1;18;506;4
1488;1;4.5;506;23
1489;1;18;507;4
1490;1;18;507;2
1491;1;5;507;30
2164;1;3;507;14
1492;1;18;508;2
1493;2;19;508;6
1494;1;17;509;5
1495;1;19;509;6
1496;1;4;509;22
2165;1;2;509;19
2166;1;1.5;509;16
1497;1;18;510;2
1498;1;20.5;511;8
1499;1;14;511;1
1500;1;4;511;24
1501;1;4;511;22
1502;1;17;512;5
1503;1;4.5;512;26
2167;1;3;512;14
2168;1;2;512;11
1504;1;20.5;513;8
1505;1;19.5;513;7
1506;1;3;513;21
1507;2;17;514;5
2169;1;3.5;514;20
2170;1;1.5;514;16
1508;2;18;515;2
1509;1;4.5;515;26
1510;1;3;515;21
2171;1;1.5;515;16
2172;1;2.5;515;13
1511;1;20.5;516;8
1512;1;18;516;2
1513;1;19;517;6
1514;1;20;517;3
1515;2;18;517;2
2173;1;2;517;15
2174;1;2;517;15
1516;1;20.5;518;8
1517;1;5;518;25
1518;1;3;518;21
2175;1;3.5;518;20
1519;1;20.5;519;8
1520;1;19;519;6
1521;1;18;519;2
1522;1;5;519;25
1523;1;4;519;24
1524;1;6;519;28
2176;1;1.5;519;16
2177;1;2;519;17
1525;1;19;520;6
1526;1;4;520;22
1527;1;4;520;22
1528;1;19;521;6
1529;1;18;521;2
1530;1;20.5;521;8
1531;1;3;521;21
2178;1;2.5;521;13
2179;1;2.5;521;12
2180;1;3;521;9
2181;1;2;521;11
1532;1;18;522;2
1533;1;14;522;1
1534;1;4;522;24
1535;1;4.5;522;26
1536;2;18;523;2
1537;1;18;523;4
2182;1;2;523;15
2183;1;2.5;523;10
1538;1;17;524;5
1539;2;19;524;6
2184;1;2.5;524;12
2185;1;2;524;11
1540;1;20;525;3
1541;1;18;525;2
1542;2;17;525;5
1543;1;5.5;525;29
2186;1;2;525;11
2187;1;2;525;19
2188;1;3;525;14
1544;2;20;526;3
1545;1;18;526;2
2189;1;2.5;526;10
2190;1;1.5;526;16
2191;1;2;526;15
1546;1;18;527;2
1547;1;18;527;4
1548;1;3;527;21
1549;1;4.5;527;26
2192;1;2;527;11
1550;1;20.5;528;8
1551;1;19;528;6
1552;1;5;528;25
2193;1;3;528;14
1553;1;20;529;3
1554;1;19;529;6
1555;1;14;529;1
2194;1;3;529;14
2195;1;3;529;9
1556;1;19;530;6
1557;1;4;530;24
1558;2;14;531;1
1559;1;17;531;5
1560;1;3;531;21
2196;1;2.5;531;10
2197;1;2.5;531;10
2198;1;2.5;531;13
2199;1;1.5;531;16
1561;2;18;532;4
1562;1;19.5;532;7
1563;1;5;532;25
1564;1;5.5;532;29
1565;1;20;533;3
1566;1;17;533;5
2200;1;2.5;533;13
2201;1;2;533;15
1567;1;18;534;2
1568;1;14;534;1
1569;1;3;534;21
1570;1;5.5;534;29
2202;1;2;534;11
2203;1;2.5;534;12
2204;1;2;534;15
2205;1;2.5;534;18
1571;1;17;535;5
1572;1;19.5;535;7
1573;1;19;536;6
1574;1;4.5;536;23
1575;1;5;536;30
1576;1;18;537;2
1577;1;14;537;1
1578;1;4.5;537;23
2206;1;3.5;537;20
2207;1;2;537;15
1579;1;20.5;538;8
1580;1;18;538;2
1581;1;17;538;5
1582;1;4.5;538;26
2208;1;2;538;17
2209;1;2.5;538;18
2210;1;3;538;9
2211;1;2.5;538;18
1583;1;19;539;6
1584;1;20.5;539;8
1585;1;14;540;1
1586;1;19;540;6
1587;1;4.5;540;23
1588;1;19;541;6
1589;1;20.5;541;8
1590;1;6;541;27
2212;1;1.5;541;16
2213;1;3;541;14
1591;1;20.5;542;8
1592;1;20;542;3
1593;1;4.5;542;23
1594;1;5;542;25
2214;1;3;542;14
1595;2;17;543;5
1596;1;5.5;543;29
2215;1;2;543;15
2216;1;2;543;11
1597;1;17;544;5
1598;1;14;544;1
1599;1;6;544;27
2217;1;1.5;544;16
1600;1;19.5;545;7
1601;1;19;545;6
1602;1;17;545;5
1603;1;4;545;22
1604;2;20;546;3
1605;1;18;547;4
1606;1;4;547;24
1607;1;19;548;6
1608;1;14;548;1
2218;1;3.5;548;20
2219;1;3;548;9
1609;1;19.5;549;7
1610;1;18;549;2
1611;2;17;549;5
1612;1;3;549;21
1613;2;20;550;3
