SET FOREIGN_KEY_CHECKS=0;
USE db_thanospizza;
-- MySQL dump 10.13  Distrib 8.0.30, for Linux (x86_64)
--
-- Host: localhost    Database: db_thanospizza
-- ------------------------------------------------------
-- Server version	8.0.30

/*!40101 SET @OLD_CHARACTER_SET_CLIENT=@@CHARACTER_SET_CLIENT */;
/*!40101 SET @OLD_CHARACTER_SET_RESULTS=@@CHARACTER_SET_RESULTS */;
/*!40101 SET @OLD_COLLATION_CONNECTION=@@COLLATION_CONNECTION */;
/*!50503 SET NAMES utf8mb4 */;
/*!40103 SET @OLD_TIME_ZONE=@@TIME_ZONE */;
/*!40103 SET TIME_ZONE='+00:00' */;
/*!40014 SET @OLD_UNIQUE_CHECKS=@@UNIQUE_CHECKS, UNIQUE_CHECKS=0 */;
/*!40014 SET @OLD_FOREIGN_KEY_CHECKS=@@FOREIGN_KEY_CHECKS, FOREIGN_KEY_CHECKS=0 */;
/*!40101 SET @OLD_SQL_MODE=@@SQL_MODE, SQL_MODE='NO_AUTO_VALUE_ON_ZERO' */;
/*!40111 SET @OLD_SQL_NOTES=@@SQL_NOTES, SQL_NOTES=0 */;

--
-- Dumping data for table `t_commande`
--
-- WHERE:  backup_date >= '2026-01-09 04:35:03'

LOCK TABLES `t_commande` WRITE;
/*!40000 ALTER TABLE `t_commande` DISABLE KEYS */;
REPLACE INTO `t_commande` (`commande_id`, `date_`, `type`, `statut`, `adresse_fk`, `client_fk`, `livraison_fk`, `backup_date`) VALUES (1,'2025-01-15 16:11:00','sur_place','livr',0,118,1,'2026-01-09 04:56:10'),(2,'2025-01-15 17:03:00','emporter','livr',0,193,2,'2026-01-09 04:56:10'),(3,'2025-01-15 18:53:00','sur_place','livr',0,75,3,'2026-01-09 04:56:10'),(4,'2025-01-15 22:00:00','emporter','livr',0,213,4,'2026-01-09 04:56:10'),(5,'2025-01-15 22:09:00','sur_place','livr',0,204,5,'2026-01-09 04:56:10'),(6,'2025-01-15 23:17:00','emporter','livr',0,110,6,'2026-01-09 04:56:10'),(7,'2025-01-16 01:22:00','livraison','annul',28,24,7,'2026-01-09 04:56:10'),(8,'2025-01-16 05:14:00','livraison','livr',194,157,8,'2026-01-09 04:56:10'),(9,'2025-01-16 13:18:00','emporter','livr',0,36,9,'2026-01-09 04:56:10'),(10,'2025-01-16 15:37:00','emporter','livr',0,153,10,'2026-01-09 04:56:10'),(11,'2025-01-16 17:35:00','livraison','livr',20,16,11,'2026-01-09 04:56:10'),(12,'2025-01-16 18:21:00','emporter','livr',0,217,12,'2026-01-09 04:56:10'),(13,'2025-01-16 21:00:00','sur_place','livr',0,43,13,'2026-01-09 04:56:10'),(14,'2025-01-16 21:30:00','sur_place','livr',0,15,14,'2026-01-09 04:56:10'),(15,'2025-01-16 22:57:00','emporter','livr',0,108,15,'2026-01-09 04:56:10'),(16,'2025-01-16 23:54:00','livraison','livr',94,73,16,'2026-01-09 04:56:10'),(17,'2025-01-17 01:05:00','emporter','livr',0,7,17,'2026-01-09 04:56:10'),(18,'2025-01-17 01:20:00','sur_place','livr',0,61,18,'2026-01-09 04:56:10'),(19,'2025-01-17 05:50:00','livraison','livr',141,112,19,'2026-01-09 04:56:10'),(20,'2025-01-17 12:34:00','emporter','livr',0,219,20,'2026-01-09 04:56:10'),(21,'2025-01-17 14:36:00','livraison','annul',259,210,21,'2026-01-09 04:56:10'),(22,'2025-01-17 15:03:00','livraison','livr',64,51,22,'2026-01-09 04:56:10'),(23,'2025-01-17 17:14:00','emporter','livr',0,48,23,'2026-01-09 04:56:10'),(24,'2025-01-18 01:27:00','sur_place','livr',0,92,24,'2026-01-09 04:56:10'),(25,'2025-01-18 01:33:00','emporter','livr',0,41,25,'2026-01-09 04:56:10'),(26,'2025-01-18 04:22:00','sur_place','livr',0,180,26,'2026-01-09 04:56:10'),(27,'2025-01-18 11:53:00','livraison','livr',255,206,27,'2026-01-09 04:56:10'),(28,'2025-01-18 12:42:00','livraison','livr',181,144,28,'2026-01-09 04:56:10'),(29,'2025-01-18 17:15:00','livraison','livr',257,208,29,'2026-01-09 04:56:10'),(30,'2025-01-18 19:34:00','livraison','livr',55,43,30,'2026-01-09 04:56:10'),(31,'2025-01-19 00:38:00','livraison','livr',53,42,31,'2026-01-09 04:56:10'),(32,'2025-01-19 01:10:00','emporter','livr',0,25,32,'2026-01-09 04:56:10'),(33,'2025-01-19 01:37:00','emporter','livr',0,170,33,'2026-01-09 04:56:10'),(34,'2025-01-19 03:34:00','sur_place','livr',0,139,34,'2026-01-09 04:56:10'),(35,'2025-01-19 04:37:00','livraison','livr',57,45,35,'2026-01-09 04:56:10'),(36,'2025-01-19 04:38:00','emporter','livr',0,108,36,'2026-01-09 04:56:10'),(37,'2025-01-19 06:22:00','livraison','livr',130,102,37,'2026-01-09 04:56:10'),(38,'2025-01-19 08:55:00','emporter','livr',0,166,38,'2026-01-09 04:56:10'),(39,'2025-01-19 10:34:00','sur_place','livr',0,130,39,'2026-01-09 04:56:10'),(40,'2025-01-19 11:19:00','sur_place','livr',0,62,40,'2026-01-09 04:56:10'),(41,'2025-01-19 11:20:00','livraison','livr',72,57,41,'2026-01-09 04:56:10'),(42,'2025-01-19 13:40:00','livraison','livr',222,182,42,'2026-01-09 04:56:10'),(43,'2025-01-19 13:44:00','emporter','livr',0,17,43,'2026-01-09 04:56:10'),(44,'2025-01-19 14:00:00','livraison','livr',184,147,44,'2026-01-09 04:56:10'),(45,'2025-01-19 14:50:00','livraison','livr',228,186,45,'2026-01-09 04:56:10'),(46,'2025-01-19 15:01:00','sur_place','livr',0,175,46,'2026-01-09 04:56:10'),(47,'2025-01-19 16:42:00','emporter','livr',0,46,47,'2026-01-09 04:56:10'),(48,'2025-01-19 19:24:00','livraison','livr',121,96,48,'2026-01-09 04:56:10'),(49,'2025-01-19 21:37:00','livraison','livr',98,77,49,'2026-01-09 04:56:10'),(50,'2025-01-19 23:25:00','emporter','livr',0,130,50,'2026-01-09 04:56:10'),(51,'2025-01-19 23:56:00','livraison','annul',218,178,51,'2026-01-09 04:56:10'),(52,'2025-01-20 02:06:00','livraison','livr',67,54,52,'2026-01-09 04:56:10'),(53,'2025-01-20 04:44:00','emporter','livr',0,174,53,'2026-01-09 04:56:10'),(54,'2025-01-20 04:48:00','emporter','livr',0,117,54,'2026-01-09 04:56:10'),(55,'2025-01-20 05:53:00','livraison','livr',59,47,55,'2026-01-09 04:56:10'),(56,'2025-01-20 09:32:00','livraison','livr',169,135,56,'2026-01-09 04:56:10'),(57,'2025-01-20 10:06:00','livraison','livr',163,130,57,'2026-01-09 04:56:10'),(58,'2025-01-20 11:20:00','livraison','livr',235,191,58,'2026-01-09 04:56:10'),(59,'2025-01-20 12:48:00','livraison','livr',244,197,59,'2026-01-09 04:56:10'),(60,'2025-01-20 14:26:00','emporter','livr',0,127,60,'2026-01-09 04:56:10'),(61,'2025-01-20 15:08:00','sur_place','livr',0,169,61,'2026-01-09 04:56:10'),(62,'2025-01-20 15:37:00','livraison','livr',127,100,62,'2026-01-09 04:56:10'),(63,'2025-01-20 18:25:00','emporter','livr',0,132,63,'2026-01-09 04:56:10'),(64,'2025-01-20 18:25:00','livraison','livr',104,83,64,'2026-01-09 04:56:10'),(65,'2025-01-20 23:41:00','livraison','livr',89,69,65,'2026-01-09 04:56:10'),(66,'2025-01-20 23:46:00','sur_place','livr',0,100,66,'2026-01-09 04:56:10'),(67,'2025-01-21 00:05:00','emporter','livr',0,155,67,'2026-01-09 04:56:10'),(68,'2025-01-21 01:05:00','livraison','livr',51,40,68,'2026-01-09 04:56:10'),(69,'2025-01-21 02:13:00','sur_place','livr',0,138,69,'2026-01-09 04:56:10'),(70,'2025-01-21 03:15:00','sur_place','livr',0,83,70,'2026-01-09 04:56:10'),(71,'2025-01-21 04:19:00','livraison','livr',68,54,71,'2026-01-09 04:56:10'),(72,'2025-01-21 21:22:00','emporter','livr',0,184,72,'2026-01-09 04:56:10'),(73,'2025-01-21 23:03:00','emporter','livr',0,159,73,'2026-01-09 04:56:10'),(74,'2025-01-22 00:51:00','livraison','livr',128,101,74,'2026-01-09 04:56:10'),(75,'2025-01-22 01:35:00','livraison','livr',177,141,75,'2026-01-09 04:56:10'),(76,'2025-01-22 02:04:00','sur_place','livr',0,205,76,'2026-01-09 04:56:10'),(77,'2025-01-22 03:37:00','emporter','livr',0,61,77,'2026-01-09 04:56:10'),(78,'2025-01-22 04:45:00','emporter','livr',0,44,78,'2026-01-09 04:56:10'),(79,'2025-01-22 05:09:00','emporter','livr',0,138,79,'2026-01-09 04:56:10'),(80,'2025-01-22 06:03:00','sur_place','livr',0,10,80,'2026-01-09 04:56:10'),(81,'2025-01-22 06:27:00','livraison','livr',195,158,81,'2026-01-09 04:56:10'),(82,'2025-01-22 07:41:00','livraison','livr',221,181,82,'2026-01-09 04:56:10'),(83,'2025-01-22 08:03:00','emporter','livr',0,59,83,'2026-01-09 04:56:10'),(84,'2025-01-22 10:59:00','livraison','annul',44,35,84,'2026-01-09 04:56:10'),(85,'2025-01-22 13:01:00','livraison','livr',55,43,85,'2026-01-09 04:56:10'),(86,'2025-01-22 18:37:00','sur_place','livr',0,24,86,'2026-01-09 04:56:10'),(87,'2025-01-22 22:35:00','livraison','livr',264,215,87,'2026-01-09 04:56:10'),(88,'2025-01-22 22:40:00','sur_place','livr',0,81,88,'2026-01-09 04:56:10'),(89,'2025-01-22 22:44:00','livraison','livr',83,65,89,'2026-01-09 04:56:10'),(90,'2025-01-23 05:34:00','emporter','livr',0,202,90,'2026-01-09 04:56:10'),(91,'2025-01-23 08:16:00','emporter','livr',0,23,91,'2026-01-09 04:56:10'),(92,'2025-01-23 10:29:00','emporter','livr',0,179,92,'2026-01-09 04:56:10'),(93,'2025-01-23 12:47:00','emporter','livr',0,150,93,'2026-01-09 04:56:10'),(94,'2025-01-23 13:24:00','livraison','livr',172,138,94,'2026-01-09 04:56:10'),(95,'2025-01-23 13:48:00','livraison','livr',123,98,95,'2026-01-09 04:56:10'),(96,'2025-01-23 13:51:00','emporter','livr',0,147,96,'2026-01-09 04:56:10'),(97,'2025-01-23 16:29:00','livraison','livr',25,21,97,'2026-01-09 04:56:10'),(98,'2025-01-23 16:34:00','emporter','livr',0,33,98,'2026-01-09 04:56:10'),(99,'2025-01-23 18:40:00','emporter','livr',0,67,99,'2026-01-09 04:56:10'),(100,'2025-01-23 20:00:00','emporter','livr',0,209,100,'2026-01-09 04:56:10'),(101,'2025-01-23 20:49:00','emporter','livr',0,77,101,'2026-01-09 04:56:10'),(102,'2025-01-23 22:15:00','sur_place','livr',0,167,102,'2026-01-09 04:56:10'),(103,'2025-01-24 01:57:00','livraison','livr',133,104,103,'2026-01-09 04:56:10'),(104,'2025-01-24 03:57:00','livraison','livr',76,61,104,'2026-01-09 04:56:10'),(105,'2025-01-24 04:37:00','livraison','annul',169,135,105,'2026-01-09 04:56:10'),(106,'2025-01-24 08:15:00','livraison','livr',236,192,106,'2026-01-09 04:56:10'),(107,'2025-01-24 09:54:00','sur_place','livr',0,197,107,'2026-01-09 04:56:10'),(108,'2025-01-24 11:24:00','livraison','livr',218,178,108,'2026-01-09 04:56:10'),(109,'2025-01-24 11:25:00','emporter','livr',0,6,109,'2026-01-09 04:56:10'),(110,'2025-01-24 12:09:00','emporter','livr',0,38,110,'2026-01-09 04:56:10'),(111,'2025-01-24 12:49:00','emporter','livr',0,198,111,'2026-01-09 04:56:10'),(112,'2025-01-24 12:59:00','emporter','livr',0,29,112,'2026-01-09 04:56:10'),(113,'2025-01-24 13:19:00','livraison','livr',241,195,113,'2026-01-09 04:56:10'),(114,'2025-01-24 22:20:00','sur_place','livr',0,76,114,'2026-01-09 04:56:10'),(115,'2025-01-24 22:49:00','livraison','livr',246,199,115,'2026-01-09 04:56:10'),(116,'2025-01-25 00:36:00','livraison','livr',14,12,116,'2026-01-09 04:56:10'),(117,'2025-01-25 00:53:00','emporter','livr',0,214,117,'2026-01-09 04:56:10'),(118,'2025-01-25 03:47:00','sur_place','livr',0,137,118,'2026-01-09 04:56:10'),(119,'2025-01-25 05:00:00','livraison','livr',220,180,119,'2026-01-09 04:56:10'),(120,'2025-01-25 10:45:00','emporter','livr',0,140,120,'2026-01-09 04:56:10'),(121,'2025-01-25 12:01:00','emporter','livr',0,220,121,'2026-01-09 04:56:10'),(122,'2025-01-25 12:21:00','livraison','livr',71,56,122,'2026-01-09 04:56:10'),(123,'2025-01-25 15:15:00','sur_place','livr',0,82,123,'2026-01-09 04:56:10'),(124,'2025-01-25 17:19:00','sur_place','livr',0,13,124,'2026-01-09 04:56:10'),(125,'2025-01-25 21:15:00','emporter','livr',0,111,125,'2026-01-09 04:56:10'),(126,'2025-01-26 03:56:00','emporter','livr',0,22,126,'2026-01-09 04:56:10'),(127,'2025-01-26 04:31:00','sur_place','livr',0,140,127,'2026-01-09 04:56:10'),(128,'2025-01-26 05:39:00','sur_place','livr',0,169,128,'2026-01-09 04:56:10'),(129,'2025-01-26 08:57:00','emporter','livr',0,11,129,'2026-01-09 04:56:10'),(130,'2025-01-26 10:08:00','livraison','livr',128,101,130,'2026-01-09 04:56:10'),(131,'2025-01-26 12:48:00','livraison','livr',182,145,131,'2026-01-09 04:56:10'),(132,'2025-01-26 14:41:00','emporter','livr',0,200,132,'2026-01-09 04:56:10'),(133,'2025-01-26 17:07:00','sur_place','livr',0,100,133,'2026-01-09 04:56:10'),(134,'2025-01-26 17:28:00','sur_place','livr',0,212,134,'2026-01-09 04:56:10'),(135,'2025-01-27 00:57:00','emporter','livr',0,189,135,'2026-01-09 04:56:10'),(136,'2025-01-27 03:10:00','emporter','livr',0,116,136,'2026-01-09 04:56:10'),(137,'2025-01-27 04:58:00','livraison','livr',206,167,137,'2026-01-09 04:56:10'),(138,'2025-01-27 05:26:00','emporter','livr',0,183,138,'2026-01-09 04:56:10'),(139,'2025-01-27 05:48:00','livraison','livr',3,2,139,'2026-01-09 04:56:10'),(140,'2025-01-27 06:21:00','sur_place','livr',0,171,140,'2026-01-09 04:56:10'),(141,'2025-01-27 07:10:00','emporter','livr',0,71,141,'2026-01-09 04:56:10'),(142,'2025-01-27 10:08:00','sur_place','livr',0,160,142,'2026-01-09 04:56:10'),(143,'2025-01-27 10:17:00','sur_place','livr',0,107,143,'2026-01-09 04:56:10'),(144,'2025-01-27 12:12:00','livraison','livr',195,158,144,'2026-01-09 04:56:10'),(145,'2025-01-27 16:15:00','livraison','livr',228,186,145,'2026-01-09 04:56:10'),(146,'2025-01-27 17:23:00','livraison','livr',249,201,146,'2026-01-09 04:56:10'),(147,'2025-01-28 00:27:00','livraison','livr',30,26,147,'2026-01-09 04:56:10'),(148,'2025-01-28 04:39:00','emporter','livr',0,191,148,'2026-01-09 04:56:10'),(149,'2025-01-28 11:12:00','emporter','livr',0,141,149,'2026-01-09 04:56:10'),(150,'2025-01-28 11:42:00','livraison','livr',58,46,150,'2026-01-09 04:56:10'),(151,'2025-01-28 12:18:00','livraison','livr',255,206,151,'2026-01-09 04:56:10'),(152,'2025-01-28 13:18:00','emporter','livr',0,217,152,'2026-01-09 04:56:10'),(153,'2025-01-28 14:50:00','emporter','livr',0,159,153,'2026-01-09 04:56:10'),(154,'2025-01-28 17:26:00','emporter','livr',0,119,154,'2026-01-09 04:56:10'),(155,'2025-01-28 19:13:00','livraison','livr',200,163,155,'2026-01-09 04:56:10'),(156,'2025-01-28 20:31:00','livraison','livr',194,157,156,'2026-01-09 04:56:10'),(157,'2025-01-28 23:17:00','emporter','livr',0,122,157,'2026-01-09 04:56:10'),(158,'2025-01-29 01:34:00','livraison','livr',156,125,158,'2026-01-09 04:56:10'),(159,'2025-01-29 01:39:00','livraison','livr',266,217,159,'2026-01-09 04:56:10'),(160,'2025-01-29 11:19:00','livraison','livr',209,170,160,'2026-01-09 04:56:10'),(161,'2025-01-29 11:31:00','emporter','livr',0,205,161,'2026-01-09 04:56:10'),(162,'2025-01-29 14:25:00','livraison','livr',232,189,162,'2026-01-09 04:56:10'),(163,'2025-01-29 14:33:00','livraison','livr',26,22,163,'2026-01-09 04:56:10'),(164,'2025-01-29 15:01:00','emporter','livr',0,122,164,'2026-01-09 04:56:10'),(165,'2025-01-29 15:18:00','livraison','annul',170,136,165,'2026-01-09 04:56:10'),(166,'2025-01-29 19:08:00','emporter','livr',0,134,166,'2026-01-09 04:56:10'),(167,'2025-01-29 19:12:00','livraison','livr',190,153,167,'2026-01-09 04:56:10'),(168,'2025-01-29 21:32:00','livraison','livr',209,170,168,'2026-01-09 04:56:10'),(169,'2025-01-29 23:40:00','sur_place','livr',0,18,169,'2026-01-09 04:56:10'),(170,'2025-01-30 00:14:00','livraison','livr',184,147,170,'2026-01-09 04:56:10'),(171,'2025-01-30 00:29:00','livraison','livr',216,177,171,'2026-01-09 04:56:10'),(172,'2025-01-30 00:49:00','livraison','livr',13,11,172,'2026-01-09 04:56:10'),(173,'2025-01-30 01:01:00','sur_place','livr',0,128,173,'2026-01-09 04:56:10'),(174,'2025-01-30 01:50:00','emporter','livr',0,159,174,'2026-01-09 04:56:10'),(175,'2025-01-30 03:49:00','sur_place','livr',0,148,175,'2026-01-09 04:56:10'),(176,'2025-01-30 05:57:00','emporter','annul',0,125,176,'2026-01-09 04:56:10'),(177,'2025-01-30 06:47:00','emporter','livr',0,106,177,'2026-01-09 04:56:10'),(178,'2025-01-30 10:09:00','sur_place','livr',0,139,178,'2026-01-09 04:56:10'),(179,'2025-01-30 14:22:00','sur_place','livr',0,195,179,'2026-01-09 04:56:10'),(180,'2025-01-30 15:53:00','sur_place','livr',0,189,180,'2026-01-09 04:56:10'),(181,'2025-01-30 16:08:00','emporter','livr',0,72,181,'2026-01-09 04:56:10'),(182,'2025-01-30 17:03:00','livraison','livr',152,122,182,'2026-01-09 04:56:10'),(183,'2025-01-30 17:24:00','livraison','annul',230,188,183,'2026-01-09 04:56:10'),(184,'2025-01-30 17:30:00','sur_place','livr',0,181,184,'2026-01-09 04:56:10'),(185,'2025-01-30 19:57:00','emporter','livr',0,176,185,'2026-01-09 04:56:10'),(186,'2025-01-30 22:33:00','emporter','livr',0,86,186,'2026-01-09 04:56:10'),(187,'2025-01-30 22:49:00','sur_place','livr',0,212,187,'2026-01-09 04:56:10'),(188,'2025-01-31 00:36:00','emporter','livr',0,179,188,'2026-01-09 04:56:10'),(189,'2025-01-31 04:59:00','livraison','livr',263,214,189,'2026-01-09 04:56:10'),(190,'2025-01-31 06:41:00','sur_place','livr',0,73,190,'2026-01-09 04:56:10'),(191,'2025-01-31 06:47:00','emporter','livr',0,182,191,'2026-01-09 04:56:10'),(192,'2025-01-31 07:15:00','livraison','livr',96,75,192,'2026-01-09 04:56:10'),(193,'2025-01-31 10:56:00','livraison','livr',18,15,193,'2026-01-09 04:56:10'),(194,'2025-01-31 12:37:00','livraison','livr',224,184,194,'2026-01-09 04:56:10'),(195,'2025-01-31 12:57:00','sur_place','livr',0,70,195,'2026-01-09 04:56:10'),(196,'2025-01-31 13:20:00','emporter','livr',0,119,196,'2026-01-09 04:56:10'),(197,'2025-01-31 13:29:00','sur_place','livr',0,18,197,'2026-01-09 04:56:10'),(198,'2025-01-31 14:03:00','sur_place','livr',0,70,198,'2026-01-09 04:56:10'),(199,'2025-01-31 16:59:00','emporter','livr',0,93,199,'2026-01-09 04:56:10'),(200,'2025-01-31 23:49:00','livraison','livr',171,137,200,'2026-01-09 04:56:10'),(201,'2025-02-01 02:42:00','livraison','livr',234,191,201,'2026-01-09 04:56:10'),(202,'2025-02-01 02:42:00','emporter','livr',0,12,202,'2026-01-09 04:56:10'),(203,'2025-02-01 04:54:00','livraison','livr',162,129,203,'2026-01-09 04:56:10'),(204,'2025-02-01 05:57:00','livraison','livr',142,113,204,'2026-01-09 04:56:10'),(205,'2025-02-01 08:21:00','emporter','livr',0,99,205,'2026-01-09 04:56:10'),(206,'2025-02-01 08:47:00','emporter','livr',0,173,206,'2026-01-09 04:56:10'),(207,'2025-02-01 08:49:00','emporter','livr',0,104,207,'2026-01-09 04:56:10'),(208,'2025-02-01 13:05:00','sur_place','livr',0,197,208,'2026-01-09 04:56:10'),(209,'2025-02-01 15:20:00','sur_place','livr',0,126,209,'2026-01-09 04:56:10'),(210,'2025-02-01 16:36:00','emporter','livr',0,200,210,'2026-01-09 04:56:10'),(211,'2025-02-01 17:33:00','livraison','livr',243,197,211,'2026-01-09 04:56:10'),(212,'2025-02-01 21:18:00','emporter','livr',0,138,212,'2026-01-09 04:56:10'),(213,'2025-02-01 21:06:00','emporter','livr',0,173,213,'2026-01-09 04:56:10'),(214,'2025-02-01 22:20:00','emporter','annul',0,55,214,'2026-01-09 04:56:10'),(215,'2025-02-01 23:14:00','sur_place','livr',0,136,215,'2026-01-09 04:56:10'),(216,'2025-02-01 23:44:00','livraison','livr',198,161,216,'2026-01-09 04:56:10'),(217,'2025-02-02 04:16:00','sur_place','livr',0,217,217,'2026-01-09 04:56:10'),(218,'2025-02-02 05:10:00','livraison','livr',93,72,218,'2026-01-09 04:56:10'),(219,'2025-02-02 13:55:00','sur_place','livr',0,24,219,'2026-01-09 04:56:10'),(220,'2025-02-02 14:52:00','sur_place','livr',0,189,220,'2026-01-09 04:56:10'),(221,'2025-02-02 16:24:00','livraison','livr',93,72,221,'2026-01-09 04:56:10'),(222,'2025-02-02 17:08:00','livraison','livr',117,93,222,'2026-01-09 04:56:10'),(223,'2025-02-02 18:13:00','livraison','livr',260,211,223,'2026-01-09 04:56:10'),(224,'2025-02-02 18:26:00','sur_place','livr',0,209,224,'2026-01-09 04:56:10'),(225,'2025-02-02 20:52:00','sur_place','livr',0,64,225,'2026-01-09 04:56:10'),(226,'2025-02-02 21:36:00','sur_place','livr',0,47,226,'2026-01-09 04:56:10'),(227,'2025-02-02 21:43:00','emporter','livr',0,51,227,'2026-01-09 04:56:10'),(228,'2025-02-02 21:49:00','emporter','livr',0,183,228,'2026-01-09 04:56:10'),(229,'2025-02-02 22:35:00','livraison','livr',76,61,229,'2026-01-09 04:56:10'),(230,'2025-02-03 02:03:00','sur_place','livr',0,61,230,'2026-01-09 04:56:10'),(231,'2025-02-03 02:12:00','emporter','livr',0,149,231,'2026-01-09 04:56:10'),(232,'2025-02-03 02:19:00','livraison','livr',88,68,232,'2026-01-09 04:56:10'),(233,'2025-02-03 03:50:00','sur_place','livr',0,10,233,'2026-01-09 04:56:10'),(234,'2025-02-03 06:49:00','livraison','livr',182,145,234,'2026-01-09 04:56:10'),(235,'2025-02-03 07:35:00','livraison','livr',146,117,235,'2026-01-09 04:56:10'),(236,'2025-02-03 07:47:00','emporter','livr',0,73,236,'2026-01-09 04:56:10'),(237,'2025-02-03 08:01:00','livraison','livr',140,111,237,'2026-01-09 04:56:10'),(238,'2025-02-03 08:24:00','emporter','livr',0,158,238,'2026-01-09 04:56:10'),(239,'2025-02-03 08:56:00','sur_place','livr',0,206,239,'2026-01-09 04:56:10'),(240,'2025-02-03 10:42:00','sur_place','livr',0,197,240,'2026-01-09 04:56:10'),(241,'2025-02-03 12:20:00','emporter','livr',0,48,241,'2026-01-09 04:56:10'),(242,'2025-02-03 12:48:00','sur_place','livr',0,158,242,'2026-01-09 04:56:10'),(243,'2025-02-03 15:53:00','livraison','livr',155,124,243,'2026-01-09 04:56:10'),(244,'2025-02-03 16:00:00','sur_place','livr',0,76,244,'2026-01-09 04:56:10'),(245,'2025-02-03 17:11:00','sur_place','livr',0,16,245,'2026-01-09 04:56:10'),(246,'2025-02-03 18:58:00','livraison','livr',265,216,246,'2026-01-09 04:56:10'),(247,'2025-02-03 19:02:00','emporter','livr',0,192,247,'2026-01-09 04:56:10'),(248,'2025-02-03 20:35:00','emporter','livr',0,59,248,'2026-01-09 04:56:10'),(249,'2025-02-03 21:58:00','livraison','livr',249,201,249,'2026-01-09 04:56:10'),(250,'2025-02-04 02:54:00','livraison','livr',108,86,250,'2026-01-09 04:56:10'),(251,'2025-02-04 03:11:00','livraison','livr',46,36,251,'2026-01-09 04:56:10'),(252,'2025-02-04 06:24:00','emporter','livr',0,165,252,'2026-01-09 04:56:10'),(253,'2025-02-04 07:40:00','emporter','livr',0,89,253,'2026-01-09 04:56:10'),(254,'2025-02-04 07:41:00','sur_place','livr',0,10,254,'2026-01-09 04:56:10'),(255,'2025-02-04 13:07:00','emporter','livr',0,67,255,'2026-01-09 04:56:10'),(256,'2025-02-04 15:14:00','sur_place','livr',0,2,256,'2026-01-09 04:56:10'),(257,'2025-02-04 15:38:00','sur_place','livr',0,93,257,'2026-01-09 04:56:10'),(258,'2025-02-04 18:17:00','livraison','livr',142,113,258,'2026-01-09 04:56:10'),(259,'2025-02-04 18:21:00','livraison','livr',39,31,259,'2026-01-09 04:56:10'),(260,'2025-02-04 21:37:00','emporter','livr',0,126,260,'2026-01-09 04:56:10'),(261,'2025-02-04 23:52:00','emporter','livr',0,115,261,'2026-01-09 04:56:10'),(262,'2025-02-04 23:58:00','livraison','livr',253,204,262,'2026-01-09 04:56:10'),(263,'2025-02-05 03:45:00','livraison','livr',59,47,263,'2026-01-09 04:56:10'),(264,'2025-02-05 07:27:00','emporter','livr',0,37,264,'2026-01-09 04:56:10'),(265,'2025-02-05 08:31:00','sur_place','livr',0,153,265,'2026-01-09 04:56:10'),(266,'2025-02-05 08:42:00','emporter','livr',0,202,266,'2026-01-09 04:56:10'),(267,'2025-02-05 09:07:00','livraison','livr',262,213,267,'2026-01-09 04:56:10'),(268,'2025-02-05 10:08:00','livraison','livr',93,72,268,'2026-01-09 04:56:10'),(269,'2025-02-05 10:28:00','livraison','livr',4,3,269,'2026-01-09 04:56:10'),(270,'2025-02-05 12:32:00','sur_place','livr',0,209,270,'2026-01-09 04:56:10'),(271,'2025-02-05 13:26:00','emporter','livr',0,161,271,'2026-01-09 04:56:10'),(272,'2025-02-05 16:14:00','sur_place','livr',0,190,272,'2026-01-09 04:56:10'),(273,'2025-02-05 17:30:00','livraison','livr',1,1,273,'2026-01-09 04:56:10'),(274,'2025-02-05 17:50:00','sur_place','livr',0,2,274,'2026-01-09 04:56:10'),(275,'2025-02-05 19:53:00','sur_place','annul',0,123,275,'2026-01-09 04:56:10'),(276,'2025-02-06 00:07:00','livraison','livr',23,19,276,'2026-01-09 04:56:10'),(277,'2025-02-06 01:09:00','emporter','livr',0,111,277,'2026-01-09 04:56:10'),(278,'2025-02-06 02:22:00','emporter','livr',0,201,278,'2026-01-09 04:56:10'),(279,'2025-02-06 05:56:00','sur_place','livr',0,80,279,'2026-01-09 04:56:10'),(280,'2025-02-06 06:12:00','sur_place','livr',0,61,280,'2026-01-09 04:56:10'),(281,'2025-02-06 06:47:00','emporter','livr',0,178,281,'2026-01-09 04:56:10'),(282,'2025-02-06 07:55:00','emporter','livr',0,209,282,'2026-01-09 04:56:10'),(283,'2025-02-06 08:27:00','emporter','livr',0,6,283,'2026-01-09 04:56:10'),(284,'2025-02-06 10:08:00','livraison','livr',197,160,284,'2026-01-09 04:56:10'),(285,'2025-02-06 13:30:00','sur_place','livr',0,218,285,'2026-01-09 04:56:10'),(286,'2025-02-06 16:05:00','sur_place','livr',0,69,286,'2026-01-09 04:56:10'),(287,'2025-02-06 16:26:00','emporter','livr',0,141,287,'2026-01-09 04:56:10'),(288,'2025-02-06 16:26:00','emporter','livr',0,60,288,'2026-01-09 04:56:10'),(289,'2025-02-06 20:49:00','emporter','livr',0,71,289,'2026-01-09 04:56:10'),(290,'2025-02-06 21:19:00','sur_place','livr',0,54,290,'2026-01-09 04:56:10'),(291,'2025-02-06 22:30:00','emporter','livr',0,143,291,'2026-01-09 04:56:10'),(292,'2025-02-07 12:59:00','emporter','annul',0,77,292,'2026-01-09 04:56:10'),(293,'2025-02-07 13:35:00','sur_place','livr',0,17,293,'2026-01-09 04:56:10'),(294,'2025-02-07 13:46:00','emporter','livr',0,117,294,'2026-01-09 04:56:10'),(295,'2025-02-07 17:05:00','sur_place','livr',0,171,295,'2026-01-09 04:56:10'),(296,'2025-02-07 17:20:00','sur_place','annul',0,118,296,'2026-01-09 04:56:10'),(297,'2025-02-07 21:28:00','livraison','livr',125,99,297,'2026-01-09 04:56:10'),(298,'2025-02-07 21:38:00','emporter','livr',0,43,298,'2026-01-09 04:56:10'),(299,'2025-02-07 23:10:00','livraison','livr',93,72,299,'2026-01-09 04:56:10'),(300,'2025-02-07 23:36:00','livraison','livr',224,184,300,'2026-01-09 04:56:10'),(301,'2025-02-08 02:00:00','livraison','livr',72,57,301,'2026-01-09 04:56:10'),(302,'2025-02-08 04:22:00','emporter','livr',0,31,302,'2026-01-09 04:56:10'),(303,'2025-02-08 05:17:00','livraison','livr',106,84,303,'2026-01-09 04:56:10'),(304,'2025-02-08 05:28:00','sur_place','livr',0,150,304,'2026-01-09 04:56:10'),(305,'2025-02-08 06:35:00','emporter','livr',0,159,305,'2026-01-09 04:56:10'),(306,'2025-02-08 07:03:00','emporter','livr',0,7,306,'2026-01-09 04:56:10'),(307,'2025-02-08 07:54:00','emporter','livr',0,53,307,'2026-01-09 04:56:10'),(308,'2025-02-08 09:31:00','sur_place','livr',0,201,308,'2026-01-09 04:56:10'),(309,'2025-02-08 11:40:00','sur_place','livr',0,98,309,'2026-01-09 04:56:10'),(310,'2025-02-08 12:39:00','livraison','livr',129,102,310,'2026-01-09 04:56:10'),(311,'2025-02-08 16:43:00','sur_place','livr',0,177,311,'2026-01-09 04:56:10'),(312,'2025-02-08 17:22:00','livraison','livr',81,64,312,'2026-01-09 04:56:10'),(313,'2025-02-08 18:05:00','livraison','livr',239,193,313,'2026-01-09 04:56:10'),(314,'2025-02-08 18:27:00','sur_place','livr',0,188,314,'2026-01-09 04:56:10'),(315,'2025-02-08 23:52:00','emporter','livr',0,163,315,'2026-01-09 04:56:10'),(316,'2025-02-09 01:14:00','livraison','livr',89,69,316,'2026-01-09 04:56:10'),(317,'2025-02-09 05:58:00','sur_place','livr',0,179,317,'2026-01-09 04:56:10'),(318,'2025-02-09 06:09:00','livraison','livr',201,164,318,'2026-01-09 04:56:10'),(319,'2025-02-09 08:02:00','sur_place','livr',0,188,319,'2026-01-09 04:56:10'),(320,'2025-02-09 12:10:00','sur_place','livr',0,30,320,'2026-01-09 04:56:10'),(321,'2025-02-09 15:26:00','livraison','livr',73,58,321,'2026-01-09 04:56:10'),(322,'2025-02-09 18:07:00','emporter','livr',0,75,322,'2026-01-09 04:56:10'),(323,'2025-02-09 18:08:00','livraison','livr',127,100,323,'2026-01-09 04:56:10'),(324,'2025-02-10 01:49:00','livraison','livr',236,192,324,'2026-01-09 04:56:10'),(325,'2025-02-10 02:21:00','livraison','livr',20,16,325,'2026-01-09 04:56:10'),(326,'2025-02-10 09:34:00','livraison','livr',113,90,326,'2026-01-09 04:56:10'),(327,'2025-02-10 12:31:00','livraison','livr',32,27,327,'2026-01-09 04:56:10'),(328,'2025-02-10 12:32:00','emporter','livr',0,9,328,'2026-01-09 04:56:10'),(329,'2025-02-10 13:05:00','emporter','livr',0,3,329,'2026-01-09 04:56:10'),(330,'2025-02-10 13:21:00','emporter','livr',0,147,330,'2026-01-09 04:56:10'),(331,'2025-02-10 16:48:00','livraison','livr',223,183,331,'2026-01-09 04:56:10'),(332,'2025-02-10 19:40:00','emporter','livr',0,130,332,'2026-01-09 04:56:10'),(333,'2025-02-10 20:23:00','livraison','livr',168,134,333,'2026-01-09 04:56:10'),(334,'2025-02-10 22:42:00','livraison','livr',229,187,334,'2026-01-09 04:56:10'),(335,'2025-02-11 03:54:00','sur_place','annul',0,202,335,'2026-01-09 04:56:10'),(336,'2025-02-11 06:01:00','sur_place','livr',0,57,336,'2026-01-09 04:56:10'),(337,'2025-02-11 06:56:00','emporter','livr',0,44,337,'2026-01-09 04:56:10'),(338,'2025-02-11 07:20:00','livraison','livr',137,108,338,'2026-01-09 04:56:10'),(339,'2025-02-11 08:42:00','livraison','livr',134,105,339,'2026-01-09 04:56:10'),(340,'2025-02-11 09:19:00','livraison','livr',262,213,340,'2026-01-09 04:56:10'),(341,'2025-02-11 09:31:00','livraison','livr',212,173,341,'2026-01-09 04:56:10'),(342,'2025-02-11 11:56:00','livraison','livr',232,189,342,'2026-01-09 04:56:10'),(343,'2025-02-11 13:06:00','livraison','livr',114,90,343,'2026-01-09 04:56:10'),(344,'2025-02-11 14:54:00','emporter','livr',0,113,344,'2026-01-09 04:56:10'),(345,'2025-02-11 15:16:00','livraison','livr',158,127,345,'2026-01-09 04:56:10'),(346,'2025-02-11 17:17:00','sur_place','livr',0,112,346,'2026-01-09 04:56:10'),(347,'2025-02-11 19:11:00','emporter','livr',0,47,347,'2026-01-09 04:56:10'),(348,'2025-02-11 19:32:00','sur_place','livr',0,87,348,'2026-01-09 04:56:10'),(349,'2025-02-11 19:56:00','emporter','livr',0,86,349,'2026-01-09 04:56:10'),(350,'2025-02-11 20:03:00','emporter','livr',0,28,350,'2026-01-09 04:56:10'),(351,'2025-02-11 21:44:00','sur_place','livr',0,108,351,'2026-01-09 04:56:10'),(352,'2025-02-11 22:16:00','livraison','livr',162,129,352,'2026-01-09 04:56:10'),(353,'2025-02-11 23:14:00','emporter','livr',0,48,353,'2026-01-09 04:56:10'),(354,'2025-02-11 23:21:00','emporter','livr',0,211,354,'2026-01-09 04:56:10'),(355,'2025-02-12 05:22:00','livraison','livr',105,84,355,'2026-01-09 04:56:10'),(356,'2025-02-12 08:41:00','livraison','livr',271,220,356,'2026-01-09 04:56:10'),(357,'2025-02-12 09:11:00','emporter','livr',0,49,357,'2026-01-09 04:56:10'),(358,'2025-02-12 09:56:00','emporter','livr',0,22,358,'2026-01-09 04:56:10'),(359,'2025-02-12 11:39:00','emporter','livr',0,123,359,'2026-01-09 04:56:10'),(360,'2025-02-12 15:21:00','sur_place','livr',0,59,360,'2026-01-09 04:56:10'),(361,'2025-02-12 17:21:00','livraison','livr',26,22,361,'2026-01-09 04:56:10'),(362,'2025-02-12 21:35:00','livraison','livr',49,39,362,'2026-01-09 04:56:10'),(363,'2025-02-12 22:54:00','livraison','livr',135,106,363,'2026-01-09 04:56:10'),(364,'2025-02-12 22:56:00','livraison','livr',257,208,364,'2026-01-09 04:56:10'),(365,'2025-02-13 00:45:00','livraison','livr',122,97,365,'2026-01-09 04:56:10'),(366,'2025-02-13 02:35:00','emporter','livr',0,74,366,'2026-01-09 04:56:10'),(367,'2025-02-13 04:58:00','emporter','livr',0,41,367,'2026-01-09 04:56:10'),(368,'2025-02-13 04:59:00','emporter','livr',0,43,368,'2026-01-09 04:56:10'),(369,'2025-02-13 06:50:00','emporter','livr',0,12,369,'2026-01-09 04:56:10'),(370,'2025-02-13 06:51:00','sur_place','livr',0,7,370,'2026-01-09 04:56:10'),(371,'2025-02-13 07:31:00','sur_place','livr',0,129,371,'2026-01-09 04:56:10'),(372,'2025-02-13 08:56:00','emporter','livr',0,100,372,'2026-01-09 04:56:10'),(373,'2025-02-13 09:53:00','sur_place','livr',0,94,373,'2026-01-09 04:56:10'),(374,'2025-02-13 10:28:00','sur_place','livr',0,74,374,'2026-01-09 04:56:10'),(375,'2025-02-13 10:31:00','livraison','livr',80,63,375,'2026-01-09 04:56:10'),(376,'2025-02-13 11:38:00','emporter','livr',0,82,376,'2026-01-09 04:56:10'),(377,'2025-02-13 11:46:00','emporter','livr',0,55,377,'2026-01-09 04:56:10'),(378,'2025-02-13 17:47:00','emporter','livr',0,67,378,'2026-01-09 04:56:10'),(379,'2025-02-13 20:04:00','emporter','livr',0,211,379,'2026-01-09 04:56:10'),(380,'2025-02-14 03:13:00','livraison','livr',145,116,380,'2026-01-09 04:56:10'),(381,'2025-02-14 04:49:00','sur_place','livr',0,4,381,'2026-01-09 04:56:10'),(382,'2025-02-14 06:12:00','livraison','livr',266,217,382,'2026-01-09 04:56:10'),(383,'2025-02-14 06:29:00','emporter','livr',0,207,383,'2026-01-09 04:56:10'),(384,'2025-02-14 06:55:00','livraison','livr',100,79,384,'2026-01-09 04:56:10'),(385,'2025-02-14 09:28:00','sur_place','livr',0,163,385,'2026-01-09 04:56:10'),(386,'2025-02-14 10:16:00','emporter','livr',0,112,386,'2026-01-09 04:56:10'),(387,'2025-02-14 11:44:00','emporter','livr',0,77,387,'2026-01-09 04:56:10'),(388,'2025-02-14 12:39:00','emporter','livr',0,32,388,'2026-01-09 04:56:10'),(389,'2025-02-14 13:34:00','livraison','livr',145,116,389,'2026-01-09 04:56:10'),(390,'2025-02-14 19:01:00','emporter','livr',0,36,390,'2026-01-09 04:56:10'),(391,'2025-02-15 00:43:00','livraison','livr',267,217,391,'2026-01-09 04:56:10'),(392,'2025-02-15 04:23:00','livraison','livr',199,162,392,'2026-01-09 04:56:10'),(393,'2025-02-15 04:53:00','livraison','livr',48,38,393,'2026-01-09 04:56:10'),(394,'2025-02-15 05:32:00','sur_place','livr',0,194,394,'2026-01-09 04:56:10'),(395,'2025-02-15 05:48:00','livraison','livr',43,34,395,'2026-01-09 04:56:10'),(396,'2025-02-15 07:24:00','livraison','livr',98,77,396,'2026-01-09 04:56:10'),(397,'2025-02-15 08:51:00','livraison','livr',228,186,397,'2026-01-09 04:56:10'),(398,'2025-02-15 10:32:00','emporter','livr',0,33,398,'2026-01-09 04:56:10'),(399,'2025-02-15 11:36:00','sur_place','livr',0,91,399,'2026-01-09 04:56:10'),(400,'2025-02-15 13:12:00','sur_place','livr',0,195,400,'2026-01-09 04:56:10'),(401,'2025-02-15 18:22:00','sur_place','livr',0,200,401,'2026-01-09 04:56:10'),(402,'2025-02-15 18:30:00','sur_place','livr',0,22,402,'2026-01-09 04:56:10'),(403,'2025-02-15 18:41:00','emporter','livr',0,29,403,'2026-01-09 04:56:10'),(404,'2025-02-15 19:32:00','livraison','livr',220,180,404,'2026-01-09 04:56:10'),(405,'2025-02-15 20:48:00','livraison','livr',88,68,405,'2026-01-09 04:56:10'),(406,'2025-02-15 20:28:00','sur_place','livr',0,189,406,'2026-01-09 04:56:10'),(407,'2025-02-16 00:10:00','emporter','livr',0,220,407,'2026-01-09 04:56:10'),(408,'2025-02-16 01:30:00','livraison','livr',136,107,408,'2026-01-09 04:56:10'),(409,'2025-02-16 03:52:00','livraison','livr',96,75,409,'2026-01-09 04:56:10'),(410,'2025-02-16 04:39:00','livraison','livr',187,150,410,'2026-01-09 04:56:10'),(411,'2025-02-16 08:49:00','emporter','livr',0,52,411,'2026-01-09 04:56:10'),(412,'2025-02-16 09:09:00','sur_place','livr',0,91,412,'2026-01-09 04:56:10'),(413,'2025-02-16 09:45:00','livraison','livr',262,213,413,'2026-01-09 04:56:10'),(414,'2025-02-16 10:23:00','emporter','annul',0,52,414,'2026-01-09 04:56:10'),(415,'2025-02-16 12:44:00','livraison','livr',260,211,415,'2026-01-09 04:56:10'),(416,'2025-02-16 17:25:00','livraison','livr',126,99,416,'2026-01-09 04:56:10'),(417,'2025-02-17 00:25:00','livraison','livr',271,220,417,'2026-01-09 04:56:10'),(418,'2025-02-17 02:03:00','livraison','livr',151,121,418,'2026-01-09 04:56:10'),(419,'2025-02-17 03:04:00','livraison','livr',161,128,419,'2026-01-09 04:56:10'),(420,'2025-02-17 03:47:00','livraison','livr',12,10,420,'2026-01-09 04:56:10'),(421,'2025-02-17 07:48:00','emporter','livr',0,58,421,'2026-01-09 04:56:10'),(422,'2025-02-17 07:55:00','emporter','livr',0,88,422,'2026-01-09 04:56:10'),(423,'2025-02-17 08:18:00','sur_place','livr',0,19,423,'2026-01-09 04:56:10'),(424,'2025-02-17 10:44:00','livraison','livr',219,179,424,'2026-01-09 04:56:10'),(425,'2025-02-17 10:54:00','livraison','livr',182,145,425,'2026-01-09 04:56:10'),(426,'2025-02-17 13:15:00','sur_place','livr',0,111,426,'2026-01-09 04:56:10'),(427,'2025-02-17 15:57:00','sur_place','livr',0,197,427,'2026-01-09 04:56:10'),(428,'2025-02-17 16:25:00','emporter','livr',0,15,428,'2026-01-09 04:56:10'),(429,'2025-02-17 16:43:00','sur_place','livr',0,156,429,'2026-01-09 04:56:10'),(430,'2025-02-17 17:27:00','livraison','livr',169,135,430,'2026-01-09 04:56:10'),(431,'2025-02-17 20:11:00','livraison','livr',206,167,431,'2026-01-09 04:56:10'),(432,'2025-02-17 22:06:00','livraison','annul',16,14,432,'2026-01-09 04:56:10'),(433,'2025-02-17 23:25:00','emporter','livr',0,193,433,'2026-01-09 04:56:10'),(434,'2025-02-18 00:53:00','emporter','annul',0,61,434,'2026-01-09 04:56:10'),(435,'2025-02-18 01:34:00','livraison','annul',257,208,435,'2026-01-09 04:56:10'),(436,'2025-02-18 02:12:00','sur_place','livr',0,157,436,'2026-01-09 04:56:10'),(437,'2025-02-18 02:54:00','emporter','livr',0,184,437,'2026-01-09 04:56:10'),(438,'2025-02-18 02:54:00','emporter','livr',0,131,438,'2026-01-09 04:56:10'),(439,'2025-02-18 04:41:00','emporter','annul',0,8,439,'2026-01-09 04:56:10'),(440,'2025-02-18 05:04:00','sur_place','livr',0,213,440,'2026-01-09 04:56:10'),(441,'2025-02-18 06:47:00','livraison','livr',170,136,441,'2026-01-09 04:56:10'),(442,'2025-02-18 07:20:00','sur_place','livr',0,105,442,'2026-01-09 04:56:10'),(443,'2025-02-18 12:27:00','sur_place','livr',0,173,443,'2026-01-09 04:56:10'),(444,'2025-02-18 13:52:00','livraison','annul',11,9,444,'2026-01-09 04:56:10'),(445,'2025-02-18 14:56:00','emporter','livr',0,180,445,'2026-01-09 04:56:10'),(446,'2025-02-18 16:04:00','emporter','livr',0,25,446,'2026-01-09 04:56:10'),(447,'2025-02-18 17:32:00','emporter','livr',0,158,447,'2026-01-09 04:56:10'),(448,'2025-02-18 20:18:00','sur_place','livr',0,7,448,'2026-01-09 04:56:10'),(449,'2025-02-18 22:22:00','livraison','livr',46,36,449,'2026-01-09 04:56:10'),(450,'2025-02-18 23:07:00','livraison','livr',221,181,450,'2026-01-09 04:56:10'),(451,'2025-02-19 00:09:00','emporter','livr',0,73,451,'2026-01-09 04:56:10'),(452,'2025-02-19 01:22:00','sur_place','livr',0,124,452,'2026-01-09 04:56:10'),(453,'2025-02-19 01:49:00','emporter','livr',0,57,453,'2026-01-09 04:56:10'),(454,'2025-02-19 04:18:00','livraison','livr',155,124,454,'2026-01-09 04:56:10'),(455,'2025-02-19 10:54:00','livraison','livr',128,101,455,'2026-01-09 04:56:10'),(456,'2025-02-19 12:11:00','emporter','livr',0,181,456,'2026-01-09 04:56:10'),(457,'2025-02-19 14:42:00','sur_place','livr',0,56,457,'2026-01-09 04:56:10'),(458,'2025-02-19 15:30:00','livraison','livr',122,97,458,'2026-01-09 04:56:10'),(459,'2025-02-19 18:15:00','emporter','livr',0,201,459,'2026-01-09 04:56:10'),(460,'2025-02-19 21:41:00','sur_place','livr',0,187,460,'2026-01-09 04:56:10'),(461,'2025-02-20 03:11:00','livraison','livr',195,158,461,'2026-01-09 04:56:10'),(462,'2025-02-20 06:07:00','sur_place','livr',0,140,462,'2026-01-09 04:56:10'),(463,'2025-02-20 08:45:00','emporter','livr',0,30,463,'2026-01-09 04:56:10'),(464,'2025-02-20 08:51:00','sur_place','livr',0,96,464,'2026-01-09 04:56:10'),(465,'2025-02-20 09:43:00','emporter','livr',0,2,465,'2026-01-09 04:56:10'),(466,'2025-02-20 15:31:00','emporter','livr',0,50,466,'2026-01-09 04:56:10'),(467,'2025-02-20 17:08:00','emporter','livr',0,152,467,'2026-01-09 04:56:10'),(468,'2025-02-20 23:26:00','livraison','livr',152,122,468,'2026-01-09 04:56:10'),(469,'2025-02-20 23:31:00','emporter','livr',0,183,469,'2026-01-09 04:56:10'),(470,'2025-02-20 23:56:00','sur_place','livr',0,98,470,'2026-01-09 04:56:10'),(471,'2025-02-21 03:20:00','emporter','livr',0,166,471,'2026-01-09 04:56:10'),(472,'2025-02-21 07:58:00','livraison','livr',152,122,472,'2026-01-09 04:56:10'),(473,'2025-02-21 09:41:00','emporter','livr',0,5,473,'2026-01-09 04:56:10'),(474,'2025-02-21 10:01:00','livraison','livr',264,215,474,'2026-01-09 04:56:10'),(475,'2025-02-21 17:20:00','emporter','livr',0,179,475,'2026-01-09 04:56:10'),(476,'2025-02-21 18:53:00','livraison','livr',61,49,476,'2026-01-09 04:56:10'),(477,'2025-02-21 18:57:00','livraison','livr',245,198,477,'2026-01-09 04:56:10'),(478,'2025-02-21 22:38:00','sur_place','livr',0,129,478,'2026-01-09 04:56:10'),(479,'2025-02-21 22:50:00','livraison','livr',31,27,479,'2026-01-09 04:56:10'),(480,'2025-02-22 00:15:00','livraison','livr',83,65,480,'2026-01-09 04:56:10'),(481,'2025-02-22 06:47:00','livraison','livr',98,77,481,'2026-01-09 04:56:10'),(482,'2025-02-22 10:03:00','emporter','livr',0,112,482,'2026-01-09 04:56:10'),(483,'2025-02-22 10:52:00','emporter','livr',0,181,483,'2026-01-09 04:56:10'),(484,'2025-02-22 11:53:00','emporter','livr',0,7,484,'2026-01-09 04:56:10'),(485,'2025-02-22 12:17:00','sur_place','livr',0,47,485,'2026-01-09 04:56:10'),(486,'2025-02-22 12:44:00','livraison','livr',30,26,486,'2026-01-09 04:56:10'),(487,'2025-02-22 12:51:00','livraison','livr',192,155,487,'2026-01-09 04:56:10'),(488,'2025-02-22 12:56:00','emporter','livr',0,11,488,'2026-01-09 04:56:10'),(489,'2025-02-22 14:36:00','sur_place','livr',0,10,489,'2026-01-09 04:56:10'),(490,'2025-02-22 20:23:00','livraison','livr',48,38,490,'2026-01-09 04:56:10'),(491,'2025-02-22 19:59:00','sur_place','livr',0,158,491,'2026-01-09 04:56:10'),(492,'2025-02-22 20:15:00','emporter','annul',0,174,492,'2026-01-09 04:56:10'),(493,'2025-02-23 01:17:00','livraison','livr',137,108,493,'2026-01-09 04:56:10'),(494,'2025-02-23 02:00:00','emporter','livr',0,89,494,'2026-01-09 04:56:10'),(495,'2025-02-23 02:16:00','sur_place','livr',0,61,495,'2026-01-09 04:56:10'),(496,'2025-02-23 02:24:00','livraison','livr',115,91,496,'2026-01-09 04:56:10'),(497,'2025-02-23 02:40:00','sur_place','annul',0,46,497,'2026-01-09 04:56:10'),(498,'2025-02-23 04:22:00','livraison','livr',134,105,498,'2026-01-09 04:56:10'),(499,'2025-02-23 04:27:00','sur_place','livr',0,119,499,'2026-01-09 04:56:10'),(500,'2025-02-23 04:48:00','livraison','livr',151,121,500,'2026-01-09 04:56:10'),(501,'2025-02-23 06:29:00','livraison','livr',241,195,501,'2026-01-09 04:56:10'),(502,'2025-02-23 07:07:00','livraison','livr',12,10,502,'2026-01-09 04:56:10'),(503,'2025-02-23 07:46:00','sur_place','livr',0,38,503,'2026-01-09 04:56:10'),(504,'2025-02-23 11:49:00','sur_place','livr',0,134,504,'2026-01-09 04:56:10'),(505,'2025-02-23 17:14:00','livraison','livr',237,192,505,'2026-01-09 04:56:10'),(506,'2025-02-23 18:56:00','emporter','livr',0,63,506,'2026-01-09 04:56:10'),(507,'2025-02-23 21:23:00','livraison','livr',262,213,507,'2026-01-09 04:56:10'),(508,'2025-02-23 23:04:00','emporter','livr',0,151,508,'2026-01-09 04:56:10'),(509,'2025-02-24 00:47:00','emporter','livr',0,154,509,'2026-01-09 04:56:10'),(510,'2025-02-24 01:05:00','sur_place','livr',0,121,510,'2026-01-09 04:56:10'),(511,'2025-02-24 02:17:00','emporter','livr',0,196,511,'2026-01-09 04:56:10'),(512,'2025-02-24 05:09:00','livraison','livr',167,133,512,'2026-01-09 04:56:10'),(513,'2025-02-24 07:10:00','emporter','livr',0,104,513,'2026-01-09 04:56:10'),(514,'2025-02-24 07:25:00','livraison','livr',181,144,514,'2026-01-09 04:56:10'),(515,'2025-02-24 10:29:00','sur_place','livr',0,181,515,'2026-01-09 04:56:10'),(516,'2025-02-24 15:45:00','livraison','livr',49,39,516,'2026-01-09 04:56:10'),(517,'2025-02-24 19:30:00','livraison','livr',144,115,517,'2026-01-09 04:56:10'),(518,'2025-02-24 19:33:00','livraison','livr',141,112,518,'2026-01-09 04:56:10'),(519,'2025-02-24 23:26:00','livraison','livr',62,49,519,'2026-01-09 04:56:10'),(520,'2025-02-25 04:07:00','emporter','livr',0,197,520,'2026-01-09 04:56:10'),(521,'2025-02-25 05:32:00','emporter','livr',0,217,521,'2026-01-09 04:56:10'),(522,'2025-02-25 07:33:00','emporter','livr',0,98,522,'2026-01-09 04:56:10'),(523,'2025-02-25 07:59:00','emporter','livr',0,49,523,'2026-01-09 04:56:10'),(524,'2025-02-25 11:52:00','emporter','livr',0,180,524,'2026-01-09 04:56:10'),(525,'2025-02-25 12:05:00','livraison','livr',233,190,525,'2026-01-09 04:56:10'),(526,'2025-02-25 14:44:00','livraison','livr',11,9,526,'2026-01-09 04:56:10'),(527,'2025-02-25 14:50:00','emporter','livr',0,66,527,'2026-01-09 04:56:10'),(528,'2025-02-25 16:21:00','emporter','livr',0,58,528,'2026-01-09 04:56:10'),(529,'2025-02-25 16:40:00','sur_place','annul',0,205,529,'2026-01-09 04:56:10'),(530,'2025-02-25 17:49:00','sur_place','livr',0,140,530,'2026-01-09 04:56:10'),(531,'2025-02-26 02:35:00','emporter','livr',0,220,531,'2026-01-09 04:56:10'),(532,'2025-02-26 02:53:00','livraison','livr',259,210,532,'2026-01-09 04:56:10'),(533,'2025-02-26 04:23:00','livraison','livr',55,43,533,'2026-01-09 04:56:10'),(534,'2025-02-26 07:32:00','emporter','livr',0,77,534,'2026-01-09 04:56:10'),(535,'2025-02-26 08:02:00','livraison','livr',228,186,535,'2026-01-09 04:56:10'),(536,'2025-02-26 09:18:00','sur_place','livr',0,157,536,'2026-01-09 04:56:10'),(537,'2025-02-26 11:24:00','livraison','livr',222,182,537,'2026-01-09 04:56:10'),(538,'2025-02-26 14:25:00','livraison','livr',210,171,538,'2026-01-09 04:56:10'),(539,'2025-02-26 16:11:00','livraison','livr',222,182,539,'2026-01-09 04:56:10'),(540,'2025-02-26 18:55:00','emporter','livr',0,47,540,'2026-01-09 04:56:10'),(541,'2025-02-27 07:52:00','emporter','livr',0,163,541,'2026-01-09 04:56:10'),(542,'2025-02-27 13:04:00','livraison','livr',161,128,542,'2026-01-09 04:56:10'),(543,'2025-02-27 21:30:00','emporter','livr',0,51,543,'2026-01-09 04:56:10'),(544,'2025-02-27 22:20:00','livraison','livr',104,83,544,'2026-01-09 04:56:10'),(545,'2025-02-27 23:31:00','sur_place','livr',0,107,545,'2026-01-09 04:56:10'),(546,'2025-02-28 02:46:00','emporter','livr',0,35,546,'2026-01-09 04:56:10'),(547,'2025-02-28 04:53:00','livraison','livr',261,212,547,'2026-01-09 04:56:10'),(548,'2025-02-28 05:03:00','emporter','livr',0,167,548,'2026-01-09 04:56:10'),(549,'2025-02-28 09:38:00','emporter','livr',0,116,549,'2026-01-09 04:56:10'),(550,'2025-02-28 20:21:00','emporter','livr',0,188,550,'2026-01-09 04:56:10');
/*!40000 ALTER TABLE `t_commande` ENABLE KEYS */;
UNLOCK TABLES;
/*!40103 SET TIME_ZONE=@OLD_TIME_ZONE */;

/*!40101 SET SQL_MODE=@OLD_SQL_MODE */;
/*!40014 SET FOREIGN_KEY_CHECKS=@OLD_FOREIGN_KEY_CHECKS */;
/*!40014 SET UNIQUE_CHECKS=@OLD_UNIQUE_CHECKS */;
/*!40101 SET CHARACTER_SET_CLIENT=@OLD_CHARACTER_SET_CLIENT */;
/*!40101 SET CHARACTER_SET_RESULTS=@OLD_CHARACTER_SET_RESULTS */;
/*!40101 SET COLLATION_CONNECTION=@OLD_COLLATION_CONNECTION */;
/*!40111 SET SQL_NOTES=@OLD_SQL_NOTES */;

-- Dump completed on 2026-01-09  5:05:03
-- MySQL dump 10.13  Distrib 8.0.30, for Linux (x86_64)
--
-- Host: localhost    Database: db_thanospizza
-- ------------------------------------------------------
-- Server version	8.0.30

/*!40101 SET @OLD_CHARACTER_SET_CLIENT=@@CHARACTER_SET_CLIENT */;
/*!40101 SET @OLD_CHARACTER_SET_RESULTS=@@CHARACTER_SET_RESULTS */;
/*!40101 SET @OLD_COLLATION_CONNECTION=@@COLLATION_CONNECTION */;
/*!50503 SET NAMES utf8mb4 */;
/*!40103 SET @OLD_TIME_ZONE=@@TIME_ZONE */;
/*!40103 SET TIME_ZONE='+00:00' */;
/*!40014 SET @OLD_UNIQUE_CHECKS=@@UNIQUE_CHECKS, UNIQUE_CHECKS=0 */;
/*!40014 SET @OLD_FOREIGN_KEY_CHECKS=@@FOREIGN_KEY_CHECKS, FOREIGN_KEY_CHECKS=0 */;
/*!40101 SET @OLD_SQL_MODE=@@SQL_MODE, SQL_MODE='NO_AUTO_VALUE_ON_ZERO' */;
/*!40111 SET @OLD_SQL_NOTES=@@SQL_NOTES, SQL_NOTES=0 */;

--
-- Dumping data for table `t_ligne_commande`
--
-- WHERE:  backup_date >= '2026-01-09 04:35:03'

LOCK TABLES `t_ligne_commande` WRITE;
/*!40000 ALTER TABLE `t_ligne_commande` DISABLE KEYS */;
REPLACE INTO `t_ligne_commande` (`ligne_commande_id`, `quantite`, `prix_unitaire`, `commande_fk`, `article_fk`, `backup_date`) VALUES (1,1,18.0000,1,2,'2026-01-09 04:56:10'),(2,1,20.0000,1,3,'2026-01-09 04:56:10'),(3,1,5.0000,1,25,'2026-01-09 04:56:10'),(4,1,5.0000,1,30,'2026-01-09 04:56:10'),(5,1,18.0000,2,2,'2026-01-09 04:56:10'),(6,1,18.0000,2,4,'2026-01-09 04:56:10'),(7,1,14.0000,2,1,'2026-01-09 04:56:10'),(8,1,5.0000,2,25,'2026-01-09 04:56:10'),(9,1,18.0000,3,2,'2026-01-09 04:56:10'),(10,1,20.5000,3,8,'2026-01-09 04:56:10'),(11,1,6.0000,3,28,'2026-01-09 04:56:10'),(12,1,17.0000,4,5,'2026-01-09 04:56:10'),(13,1,19.0000,4,6,'2026-01-09 04:56:10'),(14,1,18.0000,4,4,'2026-01-09 04:56:10'),(15,1,17.0000,5,5,'2026-01-09 04:56:10'),(16,1,20.0000,5,3,'2026-01-09 04:56:10'),(17,1,19.5000,5,7,'2026-01-09 04:56:10'),(18,1,4.0000,5,24,'2026-01-09 04:56:10'),(19,1,3.0000,5,21,'2026-01-09 04:56:10'),(20,1,6.0000,5,28,'2026-01-09 04:56:10'),(21,1,20.0000,6,3,'2026-01-09 04:56:10'),(22,1,19.5000,6,7,'2026-01-09 04:56:10'),(23,1,4.5000,6,23,'2026-01-09 04:56:10'),(24,1,18.0000,7,4,'2026-01-09 04:56:10'),(25,1,17.0000,7,5,'2026-01-09 04:56:10'),(26,1,19.0000,7,6,'2026-01-09 04:56:10'),(27,1,4.0000,7,22,'2026-01-09 04:56:10'),(28,1,20.0000,8,3,'2026-01-09 04:56:10'),(29,1,3.0000,8,21,'2026-01-09 04:56:10'),(30,1,4.0000,8,22,'2026-01-09 04:56:10'),(31,1,17.0000,9,5,'2026-01-09 04:56:10'),(32,1,19.5000,9,7,'2026-01-09 04:56:10'),(33,1,4.0000,9,22,'2026-01-09 04:56:10'),(34,1,19.0000,10,6,'2026-01-09 04:56:10'),(35,1,18.0000,10,2,'2026-01-09 04:56:10'),(36,1,3.0000,10,21,'2026-01-09 04:56:10'),(37,1,6.0000,10,27,'2026-01-09 04:56:10'),(38,1,19.5000,11,7,'2026-01-09 04:56:10'),(39,2,18.0000,11,4,'2026-01-09 04:56:10'),(40,1,4.5000,11,26,'2026-01-09 04:56:10'),(41,1,14.0000,12,1,'2026-01-09 04:56:10'),(42,2,20.0000,12,3,'2026-01-09 04:56:10'),(43,1,4.5000,12,23,'2026-01-09 04:56:10'),(44,1,18.0000,13,2,'2026-01-09 04:56:10'),(45,1,5.0000,13,25,'2026-01-09 04:56:10'),(46,1,18.0000,14,2,'2026-01-09 04:56:10'),(47,1,17.0000,14,5,'2026-01-09 04:56:10'),(48,1,19.0000,14,6,'2026-01-09 04:56:10'),(49,1,3.0000,14,21,'2026-01-09 04:56:10'),(50,1,18.0000,15,2,'2026-01-09 04:56:10'),(51,1,3.0000,15,21,'2026-01-09 04:56:10'),(52,1,19.0000,16,6,'2026-01-09 04:56:10'),(53,1,18.0000,16,2,'2026-01-09 04:56:10'),(54,2,19.0000,17,6,'2026-01-09 04:56:10'),(55,2,17.0000,18,5,'2026-01-09 04:56:10'),(56,1,14.0000,18,1,'2026-01-09 04:56:10'),(57,1,4.5000,18,26,'2026-01-09 04:56:10'),(58,1,19.5000,19,7,'2026-01-09 04:56:10'),(59,2,19.0000,19,6,'2026-01-09 04:56:10'),(60,1,4.5000,19,23,'2026-01-09 04:56:10'),(61,1,14.0000,20,1,'2026-01-09 04:56:10'),(62,1,4.5000,20,23,'2026-01-09 04:56:10'),(63,1,18.0000,21,4,'2026-01-09 04:56:10'),(64,2,14.0000,21,1,'2026-01-09 04:56:10'),(65,1,4.5000,21,26,'2026-01-09 04:56:10'),(66,2,19.0000,22,6,'2026-01-09 04:56:10'),(67,2,14.0000,22,1,'2026-01-09 04:56:10'),(68,1,18.0000,23,4,'2026-01-09 04:56:10'),(69,1,19.0000,23,6,'2026-01-09 04:56:10'),(70,1,5.0000,23,25,'2026-01-09 04:56:10'),(71,1,6.0000,23,27,'2026-01-09 04:56:10'),(72,1,19.0000,24,6,'2026-01-09 04:56:10'),(73,1,18.0000,24,4,'2026-01-09 04:56:10'),(74,1,5.0000,24,25,'2026-01-09 04:56:10'),(75,1,14.0000,25,1,'2026-01-09 04:56:10'),(76,2,19.5000,25,7,'2026-01-09 04:56:10'),(77,1,20.5000,26,8,'2026-01-09 04:56:10'),(78,2,17.0000,26,5,'2026-01-09 04:56:10'),(79,1,5.0000,26,25,'2026-01-09 04:56:10'),(80,1,4.0000,26,22,'2026-01-09 04:56:10'),(81,2,20.0000,27,3,'2026-01-09 04:56:10'),(82,1,19.5000,27,7,'2026-01-09 04:56:10'),(83,1,4.0000,27,22,'2026-01-09 04:56:10'),(84,1,20.0000,28,3,'2026-01-09 04:56:10'),(85,2,18.0000,28,4,'2026-01-09 04:56:10'),(86,1,20.0000,29,3,'2026-01-09 04:56:10'),(87,1,20.5000,29,8,'2026-01-09 04:56:10'),(88,1,3.0000,29,21,'2026-01-09 04:56:10'),(89,1,4.5000,29,23,'2026-01-09 04:56:10'),(90,1,6.0000,29,27,'2026-01-09 04:56:10'),(91,1,18.0000,30,2,'2026-01-09 04:56:10'),(92,1,19.5000,30,7,'2026-01-09 04:56:10'),(93,1,3.0000,30,21,'2026-01-09 04:56:10'),(94,1,4.5000,30,23,'2026-01-09 04:56:10'),(95,1,5.5000,30,29,'2026-01-09 04:56:10'),(96,2,20.5000,31,8,'2026-01-09 04:56:10'),(97,2,19.0000,31,6,'2026-01-09 04:56:10'),(98,1,4.0000,31,22,'2026-01-09 04:56:10'),(99,1,4.0000,31,22,'2026-01-09 04:56:10'),(100,1,19.0000,32,6,'2026-01-09 04:56:10'),(101,2,14.0000,32,1,'2026-01-09 04:56:10'),(102,2,19.5000,33,7,'2026-01-09 04:56:10'),(103,1,20.0000,33,3,'2026-01-09 04:56:10'),(104,1,19.5000,34,7,'2026-01-09 04:56:10'),(105,1,20.5000,34,8,'2026-01-09 04:56:10'),(106,1,17.0000,34,5,'2026-01-09 04:56:10'),(107,1,4.5000,34,26,'2026-01-09 04:56:10'),(108,1,6.0000,34,28,'2026-01-09 04:56:10'),(109,1,14.0000,35,1,'2026-01-09 04:56:10'),(110,1,18.0000,35,4,'2026-01-09 04:56:10'),(111,1,20.5000,35,8,'2026-01-09 04:56:10'),(112,1,4.5000,35,23,'2026-01-09 04:56:10'),(113,1,18.0000,36,2,'2026-01-09 04:56:10'),(114,1,14.0000,36,1,'2026-01-09 04:56:10'),(115,1,4.0000,36,24,'2026-01-09 04:56:10'),(116,1,4.0000,36,22,'2026-01-09 04:56:10'),(117,2,17.0000,37,5,'2026-01-09 04:56:10'),(118,1,20.0000,37,3,'2026-01-09 04:56:10'),(119,1,4.0000,37,22,'2026-01-09 04:56:10'),(120,1,20.5000,38,8,'2026-01-09 04:56:10'),(121,1,20.0000,39,3,'2026-01-09 04:56:10'),(122,2,18.0000,39,2,'2026-01-09 04:56:10'),(123,1,5.0000,39,25,'2026-01-09 04:56:10'),(124,2,19.0000,40,6,'2026-01-09 04:56:10'),(125,1,20.0000,40,3,'2026-01-09 04:56:10'),(126,1,4.0000,40,22,'2026-01-09 04:56:10'),(127,1,14.0000,41,1,'2026-01-09 04:56:10'),(128,2,19.5000,41,7,'2026-01-09 04:56:10'),(129,1,17.0000,42,5,'2026-01-09 04:56:10'),(130,1,18.0000,42,2,'2026-01-09 04:56:10'),(131,1,4.5000,42,23,'2026-01-09 04:56:10'),(132,1,17.0000,43,5,'2026-01-09 04:56:10'),(133,1,18.0000,43,2,'2026-01-09 04:56:10'),(134,2,19.5000,43,7,'2026-01-09 04:56:10'),(135,1,4.0000,43,24,'2026-01-09 04:56:10'),(136,1,20.5000,44,8,'2026-01-09 04:56:10'),(137,1,4.5000,44,26,'2026-01-09 04:56:10'),(138,2,19.0000,45,6,'2026-01-09 04:56:10'),(139,1,20.5000,45,8,'2026-01-09 04:56:10'),(140,1,3.0000,45,21,'2026-01-09 04:56:10'),(141,1,4.5000,45,26,'2026-01-09 04:56:10'),(142,1,20.0000,46,3,'2026-01-09 04:56:10'),(143,1,18.0000,46,2,'2026-01-09 04:56:10'),(144,1,4.0000,46,22,'2026-01-09 04:56:10'),(145,1,20.0000,47,3,'2026-01-09 04:56:10'),(146,2,17.0000,47,5,'2026-01-09 04:56:10'),(147,1,18.0000,47,2,'2026-01-09 04:56:10'),(148,1,14.0000,48,1,'2026-01-09 04:56:10'),(149,1,4.5000,48,23,'2026-01-09 04:56:10'),(150,1,19.5000,49,7,'2026-01-09 04:56:10'),(151,2,19.0000,49,6,'2026-01-09 04:56:10'),(152,1,6.0000,49,28,'2026-01-09 04:56:10'),(153,1,17.0000,50,5,'2026-01-09 04:56:10'),(154,2,19.5000,50,7,'2026-01-09 04:56:10'),(155,1,4.0000,50,24,'2026-01-09 04:56:10'),(156,1,4.0000,50,24,'2026-01-09 04:56:10'),(157,1,5.5000,50,29,'2026-01-09 04:56:10'),(158,1,17.0000,51,5,'2026-01-09 04:56:10'),(159,1,20.5000,51,8,'2026-01-09 04:56:10'),(160,1,19.5000,51,7,'2026-01-09 04:56:10'),(161,1,4.5000,51,23,'2026-01-09 04:56:10'),(162,1,5.0000,51,25,'2026-01-09 04:56:10'),(163,1,18.0000,52,2,'2026-01-09 04:56:10'),(164,2,14.0000,52,1,'2026-01-09 04:56:10'),(165,1,17.0000,52,5,'2026-01-09 04:56:10'),(166,1,4.5000,52,23,'2026-01-09 04:56:10'),(167,1,14.0000,53,1,'2026-01-09 04:56:10'),(168,2,20.5000,53,8,'2026-01-09 04:56:10'),(169,1,5.5000,53,29,'2026-01-09 04:56:10'),(170,2,20.0000,54,3,'2026-01-09 04:56:10'),(171,1,4.0000,54,22,'2026-01-09 04:56:10'),(172,1,5.0000,54,30,'2026-01-09 04:56:10'),(173,1,20.0000,55,3,'2026-01-09 04:56:10'),(174,1,19.0000,56,6,'2026-01-09 04:56:10'),(175,2,17.0000,56,5,'2026-01-09 04:56:10'),(176,1,4.5000,56,26,'2026-01-09 04:56:10'),(177,1,20.5000,57,8,'2026-01-09 04:56:10'),(178,2,20.0000,57,3,'2026-01-09 04:56:10'),(179,1,5.0000,57,25,'2026-01-09 04:56:10'),(180,2,14.0000,58,1,'2026-01-09 04:56:10'),(181,1,19.5000,58,7,'2026-01-09 04:56:10'),(182,2,18.0000,59,2,'2026-01-09 04:56:10'),(183,1,4.5000,59,26,'2026-01-09 04:56:10'),(184,2,18.0000,60,4,'2026-01-09 04:56:10'),(185,1,18.0000,60,2,'2026-01-09 04:56:10'),(186,1,4.0000,60,24,'2026-01-09 04:56:10'),(187,1,6.0000,60,27,'2026-01-09 04:56:10'),(188,1,14.0000,61,1,'2026-01-09 04:56:10'),(189,1,17.0000,61,5,'2026-01-09 04:56:10'),(190,1,6.0000,61,28,'2026-01-09 04:56:10'),(191,1,19.5000,62,7,'2026-01-09 04:56:10'),(192,1,17.0000,62,5,'2026-01-09 04:56:10'),(193,1,18.0000,63,4,'2026-01-09 04:56:10'),(194,1,4.5000,63,26,'2026-01-09 04:56:10'),(195,1,6.0000,63,28,'2026-01-09 04:56:10'),(196,1,19.5000,64,7,'2026-01-09 04:56:10'),(197,1,19.0000,64,6,'2026-01-09 04:56:10'),(198,1,14.0000,65,1,'2026-01-09 04:56:10'),(199,1,19.0000,65,6,'2026-01-09 04:56:10'),(200,1,20.0000,65,3,'2026-01-09 04:56:10'),(201,1,4.5000,65,26,'2026-01-09 04:56:10'),(202,1,5.0000,65,25,'2026-01-09 04:56:10'),(203,2,14.0000,66,1,'2026-01-09 04:56:10'),(204,1,18.0000,67,2,'2026-01-09 04:56:10'),(205,2,20.5000,67,8,'2026-01-09 04:56:10'),(206,1,4.5000,67,23,'2026-01-09 04:56:10'),(207,1,5.0000,67,30,'2026-01-09 04:56:10'),(208,1,17.0000,68,5,'2026-01-09 04:56:10'),(209,1,4.5000,68,23,'2026-01-09 04:56:10'),(210,1,19.0000,69,6,'2026-01-09 04:56:10'),(211,1,4.0000,69,24,'2026-01-09 04:56:10'),(212,1,6.0000,69,28,'2026-01-09 04:56:10'),(213,1,17.0000,70,5,'2026-01-09 04:56:10'),(214,1,14.0000,70,1,'2026-01-09 04:56:10'),(215,1,20.5000,70,8,'2026-01-09 04:56:10'),(216,1,18.0000,71,2,'2026-01-09 04:56:10'),(217,1,18.0000,72,2,'2026-01-09 04:56:10'),(218,1,17.0000,72,5,'2026-01-09 04:56:10'),(219,1,4.0000,72,24,'2026-01-09 04:56:10'),(220,2,19.0000,73,6,'2026-01-09 04:56:10'),(221,1,17.0000,73,5,'2026-01-09 04:56:10'),(222,1,6.0000,73,28,'2026-01-09 04:56:10'),(223,1,17.0000,74,5,'2026-01-09 04:56:10'),(224,1,19.0000,74,6,'2026-01-09 04:56:10'),(225,1,6.0000,74,28,'2026-01-09 04:56:10'),(226,1,19.0000,75,6,'2026-01-09 04:56:10'),(227,1,6.0000,75,28,'2026-01-09 04:56:10'),(228,1,20.5000,76,8,'2026-01-09 04:56:10'),(229,1,4.0000,76,24,'2026-01-09 04:56:10'),(230,1,20.5000,77,8,'2026-01-09 04:56:10'),(231,1,5.5000,77,29,'2026-01-09 04:56:10'),(232,1,19.5000,78,7,'2026-01-09 04:56:10'),(233,1,20.0000,78,3,'2026-01-09 04:56:10'),(234,1,4.5000,78,26,'2026-01-09 04:56:10'),(235,1,5.0000,78,25,'2026-01-09 04:56:10'),(236,1,5.5000,78,29,'2026-01-09 04:56:10'),(237,1,14.0000,79,1,'2026-01-09 04:56:10'),(238,1,20.0000,80,3,'2026-01-09 04:56:10'),(239,1,4.5000,80,23,'2026-01-09 04:56:10'),(240,1,5.0000,80,25,'2026-01-09 04:56:10'),(241,1,6.0000,80,28,'2026-01-09 04:56:10'),(242,1,20.0000,81,3,'2026-01-09 04:56:10'),(243,1,19.0000,81,6,'2026-01-09 04:56:10'),(244,1,19.5000,81,7,'2026-01-09 04:56:10'),(245,1,20.0000,82,3,'2026-01-09 04:56:10'),(246,1,18.0000,82,4,'2026-01-09 04:56:10'),(247,1,4.5000,82,23,'2026-01-09 04:56:10'),(248,1,19.0000,83,6,'2026-01-09 04:56:10'),(249,1,17.0000,83,5,'2026-01-09 04:56:10'),(250,1,20.5000,83,8,'2026-01-09 04:56:10'),(251,1,4.0000,83,24,'2026-01-09 04:56:10'),(252,1,6.0000,83,27,'2026-01-09 04:56:10'),(253,1,17.0000,84,5,'2026-01-09 04:56:10'),(254,1,18.0000,84,2,'2026-01-09 04:56:10'),(255,1,20.5000,84,8,'2026-01-09 04:56:10'),(256,1,5.0000,84,30,'2026-01-09 04:56:10'),(257,1,18.0000,85,4,'2026-01-09 04:56:10'),(258,1,20.5000,85,8,'2026-01-09 04:56:10'),(259,1,3.0000,85,21,'2026-01-09 04:56:10'),(260,1,4.0000,85,22,'2026-01-09 04:56:10'),(261,1,19.5000,86,7,'2026-01-09 04:56:10'),(262,1,4.0000,86,24,'2026-01-09 04:56:10'),(263,1,4.0000,86,24,'2026-01-09 04:56:10'),(264,2,18.0000,87,4,'2026-01-09 04:56:10'),(265,1,19.5000,87,7,'2026-01-09 04:56:10'),(266,1,6.0000,87,27,'2026-01-09 04:56:10'),(267,1,17.0000,88,5,'2026-01-09 04:56:10'),(268,1,19.5000,88,7,'2026-01-09 04:56:10'),(269,1,5.0000,88,25,'2026-01-09 04:56:10'),(270,1,5.0000,88,25,'2026-01-09 04:56:10'),(271,1,20.0000,89,3,'2026-01-09 04:56:10'),(272,1,20.0000,90,3,'2026-01-09 04:56:10'),(273,1,19.5000,91,7,'2026-01-09 04:56:10'),(274,1,18.0000,91,4,'2026-01-09 04:56:10'),(275,1,17.0000,91,5,'2026-01-09 04:56:10'),(276,1,6.0000,91,27,'2026-01-09 04:56:10'),(277,1,14.0000,92,1,'2026-01-09 04:56:10'),(278,1,18.0000,92,2,'2026-01-09 04:56:10'),(279,2,20.5000,92,8,'2026-01-09 04:56:10'),(280,1,18.0000,93,4,'2026-01-09 04:56:10'),(281,1,20.5000,93,8,'2026-01-09 04:56:10'),(282,1,4.5000,93,23,'2026-01-09 04:56:10'),(283,1,4.5000,93,23,'2026-01-09 04:56:10'),(284,1,20.5000,94,8,'2026-01-09 04:56:10'),(285,1,19.0000,95,6,'2026-01-09 04:56:10'),(286,2,18.0000,95,4,'2026-01-09 04:56:10'),(287,1,4.5000,95,26,'2026-01-09 04:56:10'),(288,1,4.5000,95,26,'2026-01-09 04:56:10'),(289,1,20.5000,96,8,'2026-01-09 04:56:10'),(290,1,4.0000,96,22,'2026-01-09 04:56:10'),(291,1,5.0000,96,25,'2026-01-09 04:56:10'),(292,1,14.0000,97,1,'2026-01-09 04:56:10'),(293,1,19.0000,98,6,'2026-01-09 04:56:10'),(294,1,18.0000,98,4,'2026-01-09 04:56:10'),(295,1,4.0000,98,24,'2026-01-09 04:56:10'),(296,2,19.0000,99,6,'2026-01-09 04:56:10'),(297,1,20.0000,99,3,'2026-01-09 04:56:10'),(298,1,4.0000,99,24,'2026-01-09 04:56:10'),(299,1,6.0000,99,28,'2026-01-09 04:56:10'),(300,2,19.5000,100,7,'2026-01-09 04:56:10'),(301,2,18.0000,100,2,'2026-01-09 04:56:10'),(302,1,4.5000,100,26,'2026-01-09 04:56:10'),(303,1,20.0000,101,3,'2026-01-09 04:56:10'),(304,1,14.0000,101,1,'2026-01-09 04:56:10'),(305,1,18.0000,101,2,'2026-01-09 04:56:10'),(306,1,4.5000,101,26,'2026-01-09 04:56:10'),(307,1,20.5000,102,8,'2026-01-09 04:56:10'),(308,1,19.5000,102,7,'2026-01-09 04:56:10'),(309,1,19.0000,103,6,'2026-01-09 04:56:10'),(310,1,20.5000,103,8,'2026-01-09 04:56:10'),(311,1,20.0000,103,3,'2026-01-09 04:56:10'),(312,2,20.0000,104,3,'2026-01-09 04:56:10'),(313,2,18.0000,104,4,'2026-01-09 04:56:10'),(314,1,4.5000,104,26,'2026-01-09 04:56:10'),(315,1,4.0000,104,24,'2026-01-09 04:56:10'),(316,1,19.0000,105,6,'2026-01-09 04:56:10'),(317,1,17.0000,106,5,'2026-01-09 04:56:10'),(318,1,20.0000,106,3,'2026-01-09 04:56:10'),(319,1,5.0000,106,25,'2026-01-09 04:56:10'),(320,1,4.0000,106,22,'2026-01-09 04:56:10'),(321,1,19.0000,107,6,'2026-01-09 04:56:10'),(322,1,18.0000,107,2,'2026-01-09 04:56:10'),(323,1,18.0000,107,4,'2026-01-09 04:56:10'),(324,1,4.5000,107,26,'2026-01-09 04:56:10'),(325,1,4.0000,107,22,'2026-01-09 04:56:10'),(326,2,19.5000,108,7,'2026-01-09 04:56:10'),(327,1,4.0000,108,24,'2026-01-09 04:56:10'),(328,1,5.0000,108,30,'2026-01-09 04:56:10'),(329,2,14.0000,109,1,'2026-01-09 04:56:10'),(330,1,18.0000,109,2,'2026-01-09 04:56:10'),(331,1,4.5000,109,26,'2026-01-09 04:56:10'),(332,1,18.0000,110,4,'2026-01-09 04:56:10'),(333,1,19.5000,110,7,'2026-01-09 04:56:10'),(334,1,4.0000,110,22,'2026-01-09 04:56:10'),(335,2,17.0000,111,5,'2026-01-09 04:56:10'),(336,1,20.0000,111,3,'2026-01-09 04:56:10'),(337,1,4.5000,111,23,'2026-01-09 04:56:10'),(338,1,6.0000,111,27,'2026-01-09 04:56:10'),(339,1,18.0000,112,2,'2026-01-09 04:56:10'),(340,1,18.0000,112,4,'2026-01-09 04:56:10'),(341,1,3.0000,112,21,'2026-01-09 04:56:10'),(342,1,5.0000,112,30,'2026-01-09 04:56:10'),(343,2,18.0000,113,2,'2026-01-09 04:56:10'),(344,1,4.5000,113,23,'2026-01-09 04:56:10'),(345,1,19.0000,114,6,'2026-01-09 04:56:10'),(346,1,20.5000,114,8,'2026-01-09 04:56:10'),(347,1,4.0000,114,24,'2026-01-09 04:56:10'),(348,1,5.5000,114,29,'2026-01-09 04:56:10'),(349,1,19.0000,115,6,'2026-01-09 04:56:10'),(350,1,19.5000,115,7,'2026-01-09 04:56:10'),(351,1,17.0000,115,5,'2026-01-09 04:56:10'),(352,1,5.0000,115,25,'2026-01-09 04:56:10'),(353,1,5.0000,115,30,'2026-01-09 04:56:10'),(354,2,20.5000,116,8,'2026-01-09 04:56:10'),(355,1,18.0000,116,2,'2026-01-09 04:56:10'),(356,1,4.5000,116,23,'2026-01-09 04:56:10'),(357,1,6.0000,116,28,'2026-01-09 04:56:10'),(358,1,19.5000,117,7,'2026-01-09 04:56:10'),(359,1,20.5000,117,8,'2026-01-09 04:56:10'),(360,1,4.0000,117,22,'2026-01-09 04:56:10'),(361,1,20.0000,118,3,'2026-01-09 04:56:10'),(362,1,19.5000,119,7,'2026-01-09 04:56:10'),(363,1,17.0000,119,5,'2026-01-09 04:56:10'),(364,1,20.0000,119,3,'2026-01-09 04:56:10'),(365,1,20.5000,120,8,'2026-01-09 04:56:10'),(366,1,18.0000,120,4,'2026-01-09 04:56:10'),(367,2,20.0000,121,3,'2026-01-09 04:56:10'),(368,1,5.0000,121,25,'2026-01-09 04:56:10'),(369,1,4.0000,121,22,'2026-01-09 04:56:10'),(370,1,5.5000,121,29,'2026-01-09 04:56:10'),(371,1,18.0000,122,2,'2026-01-09 04:56:10'),(372,1,17.0000,122,5,'2026-01-09 04:56:10'),(373,1,6.0000,122,27,'2026-01-09 04:56:10'),(374,1,14.0000,123,1,'2026-01-09 04:56:10'),(375,1,19.0000,123,6,'2026-01-09 04:56:10'),(376,2,19.5000,123,7,'2026-01-09 04:56:10'),(377,1,5.5000,123,29,'2026-01-09 04:56:10'),(378,2,20.0000,124,3,'2026-01-09 04:56:10'),(379,1,19.5000,124,7,'2026-01-09 04:56:10'),(380,1,4.5000,124,26,'2026-01-09 04:56:10'),(381,1,19.5000,125,7,'2026-01-09 04:56:10'),(382,2,20.0000,125,3,'2026-01-09 04:56:10'),(383,1,4.0000,125,22,'2026-01-09 04:56:10'),(384,1,5.5000,125,29,'2026-01-09 04:56:10'),(385,2,17.0000,126,5,'2026-01-09 04:56:10'),(386,1,3.0000,126,21,'2026-01-09 04:56:10'),(387,1,20.0000,127,3,'2026-01-09 04:56:10'),(388,2,19.0000,127,6,'2026-01-09 04:56:10'),(389,1,5.0000,127,30,'2026-01-09 04:56:10'),(390,1,19.5000,128,7,'2026-01-09 04:56:10'),(391,1,18.0000,128,2,'2026-01-09 04:56:10'),(392,1,3.0000,128,21,'2026-01-09 04:56:10'),(393,1,5.0000,128,30,'2026-01-09 04:56:10'),(394,1,20.0000,129,3,'2026-01-09 04:56:10'),(395,1,14.0000,129,1,'2026-01-09 04:56:10'),(396,1,18.0000,130,4,'2026-01-09 04:56:10'),(397,1,20.5000,130,8,'2026-01-09 04:56:10'),(398,1,4.0000,130,22,'2026-01-09 04:56:10'),(399,1,18.0000,131,2,'2026-01-09 04:56:10'),(400,1,20.5000,131,8,'2026-01-09 04:56:10'),(401,1,17.0000,132,5,'2026-01-09 04:56:10'),(402,1,20.5000,132,8,'2026-01-09 04:56:10'),(403,1,14.0000,133,1,'2026-01-09 04:56:10'),(404,1,20.0000,133,3,'2026-01-09 04:56:10'),(405,1,18.0000,133,4,'2026-01-09 04:56:10'),(406,1,4.0000,133,22,'2026-01-09 04:56:10'),(407,1,14.0000,134,1,'2026-01-09 04:56:10'),(408,1,6.0000,134,28,'2026-01-09 04:56:10'),(409,1,18.0000,135,4,'2026-01-09 04:56:10'),(410,1,3.0000,135,21,'2026-01-09 04:56:10'),(411,1,4.5000,135,26,'2026-01-09 04:56:10'),(412,1,20.0000,136,3,'2026-01-09 04:56:10'),(413,2,18.0000,136,4,'2026-01-09 04:56:10'),(414,1,5.0000,136,30,'2026-01-09 04:56:10'),(415,1,18.0000,137,2,'2026-01-09 04:56:10'),(416,1,19.0000,137,6,'2026-01-09 04:56:10'),(417,1,17.0000,138,5,'2026-01-09 04:56:10'),(418,1,3.0000,138,21,'2026-01-09 04:56:10'),(419,1,20.5000,139,8,'2026-01-09 04:56:10'),(420,2,18.0000,139,4,'2026-01-09 04:56:10'),(421,1,4.0000,139,22,'2026-01-09 04:56:10'),(422,1,6.0000,139,28,'2026-01-09 04:56:10'),(423,2,18.0000,140,2,'2026-01-09 04:56:10'),(424,1,18.0000,140,4,'2026-01-09 04:56:10'),(425,1,20.5000,140,8,'2026-01-09 04:56:10'),(426,1,5.0000,140,30,'2026-01-09 04:56:10'),(427,1,14.0000,141,1,'2026-01-09 04:56:10'),(428,1,20.5000,141,8,'2026-01-09 04:56:10'),(429,1,17.0000,141,5,'2026-01-09 04:56:10'),(430,1,5.5000,141,29,'2026-01-09 04:56:10'),(431,1,20.5000,142,8,'2026-01-09 04:56:10'),(432,1,18.0000,142,4,'2026-01-09 04:56:10'),(433,1,3.0000,142,21,'2026-01-09 04:56:10'),(434,1,14.0000,143,1,'2026-01-09 04:56:10'),(435,1,19.0000,143,6,'2026-01-09 04:56:10'),(436,1,5.5000,143,29,'2026-01-09 04:56:10'),(437,1,20.5000,144,8,'2026-01-09 04:56:10'),(438,1,18.0000,144,4,'2026-01-09 04:56:10'),(439,1,19.0000,145,6,'2026-01-09 04:56:10'),(440,2,19.5000,145,7,'2026-01-09 04:56:10'),(441,1,19.5000,146,7,'2026-01-09 04:56:10'),(442,1,14.0000,146,1,'2026-01-09 04:56:10'),(443,1,18.0000,146,4,'2026-01-09 04:56:10'),(444,1,5.0000,146,25,'2026-01-09 04:56:10'),(445,1,5.5000,146,29,'2026-01-09 04:56:10'),(446,1,14.0000,147,1,'2026-01-09 04:56:10'),(447,2,18.0000,147,4,'2026-01-09 04:56:10'),(448,2,19.0000,148,6,'2026-01-09 04:56:10'),(449,2,18.0000,148,2,'2026-01-09 04:56:10'),(450,2,18.0000,149,4,'2026-01-09 04:56:10'),(451,1,18.0000,149,2,'2026-01-09 04:56:10'),(452,1,4.5000,149,26,'2026-01-09 04:56:10'),(453,1,5.0000,149,30,'2026-01-09 04:56:10'),(454,1,20.5000,150,8,'2026-01-09 04:56:10'),(455,1,20.5000,151,8,'2026-01-09 04:56:10'),(456,2,18.0000,151,4,'2026-01-09 04:56:10'),(457,1,4.5000,151,23,'2026-01-09 04:56:10'),(458,1,18.0000,152,2,'2026-01-09 04:56:10'),(459,1,18.0000,152,4,'2026-01-09 04:56:10'),(460,1,18.0000,153,4,'2026-01-09 04:56:10'),(461,1,19.5000,153,7,'2026-01-09 04:56:10'),(462,1,19.0000,153,6,'2026-01-09 04:56:10'),(463,1,19.5000,154,7,'2026-01-09 04:56:10'),(464,1,14.0000,154,1,'2026-01-09 04:56:10'),(465,1,3.0000,154,21,'2026-01-09 04:56:10'),(466,1,6.0000,154,28,'2026-01-09 04:56:10'),(467,1,17.0000,155,5,'2026-01-09 04:56:10'),(468,1,4.5000,155,23,'2026-01-09 04:56:10'),(469,1,5.5000,155,29,'2026-01-09 04:56:10'),(470,2,19.0000,156,6,'2026-01-09 04:56:10'),(471,1,17.0000,156,5,'2026-01-09 04:56:10'),(472,1,14.0000,156,1,'2026-01-09 04:56:10'),(473,2,19.5000,157,7,'2026-01-09 04:56:10'),(474,1,6.0000,157,27,'2026-01-09 04:56:10'),(475,1,19.5000,158,7,'2026-01-09 04:56:10'),(476,1,20.5000,158,8,'2026-01-09 04:56:10'),(477,1,18.0000,158,4,'2026-01-09 04:56:10'),(478,1,19.0000,159,6,'2026-01-09 04:56:10'),(479,1,14.0000,159,1,'2026-01-09 04:56:10'),(480,1,4.5000,159,23,'2026-01-09 04:56:10'),(481,1,17.0000,160,5,'2026-01-09 04:56:10'),(482,1,4.0000,160,24,'2026-01-09 04:56:10'),(483,1,5.0000,160,25,'2026-01-09 04:56:10'),(484,1,17.0000,161,5,'2026-01-09 04:56:10'),(485,1,4.0000,161,22,'2026-01-09 04:56:10'),(486,2,17.0000,162,5,'2026-01-09 04:56:10'),(487,2,20.0000,162,3,'2026-01-09 04:56:10'),(488,1,4.5000,162,23,'2026-01-09 04:56:10'),(489,1,19.5000,163,7,'2026-01-09 04:56:10'),(490,1,4.5000,163,23,'2026-01-09 04:56:10'),(491,1,5.5000,163,29,'2026-01-09 04:56:10'),(492,1,19.5000,164,7,'2026-01-09 04:56:10'),(493,1,5.0000,164,30,'2026-01-09 04:56:10'),(494,1,19.5000,165,7,'2026-01-09 04:56:10'),(495,1,3.0000,165,21,'2026-01-09 04:56:10'),(496,1,4.5000,165,23,'2026-01-09 04:56:10'),(497,2,14.0000,166,1,'2026-01-09 04:56:10'),(498,1,19.5000,166,7,'2026-01-09 04:56:10'),(499,1,4.5000,166,23,'2026-01-09 04:56:10'),(500,1,6.0000,166,27,'2026-01-09 04:56:10'),(501,2,18.0000,167,2,'2026-01-09 04:56:10'),(502,1,4.5000,167,26,'2026-01-09 04:56:10'),(503,1,19.5000,168,7,'2026-01-09 04:56:10'),(504,1,19.0000,168,6,'2026-01-09 04:56:10'),(505,2,20.5000,169,8,'2026-01-09 04:56:10'),(506,1,14.0000,169,1,'2026-01-09 04:56:10'),(507,1,14.0000,170,1,'2026-01-09 04:56:10'),(508,2,20.5000,170,8,'2026-01-09 04:56:10'),(509,1,19.0000,171,6,'2026-01-09 04:56:10'),(510,1,20.0000,171,3,'2026-01-09 04:56:10'),(511,1,4.5000,171,23,'2026-01-09 04:56:10'),(512,1,5.0000,171,30,'2026-01-09 04:56:10'),(513,1,18.0000,172,2,'2026-01-09 04:56:10'),(514,1,19.0000,172,6,'2026-01-09 04:56:10'),(515,1,3.0000,172,21,'2026-01-09 04:56:10'),(516,1,4.5000,172,26,'2026-01-09 04:56:10'),(517,2,14.0000,173,1,'2026-01-09 04:56:10'),(518,2,20.0000,173,3,'2026-01-09 04:56:10'),(519,1,3.0000,173,21,'2026-01-09 04:56:10'),(520,1,6.0000,173,28,'2026-01-09 04:56:10'),(521,1,14.0000,174,1,'2026-01-09 04:56:10'),(522,2,20.0000,174,3,'2026-01-09 04:56:10'),(523,1,20.5000,174,8,'2026-01-09 04:56:10'),(524,1,4.5000,174,26,'2026-01-09 04:56:10'),(525,2,14.0000,175,1,'2026-01-09 04:56:10'),(526,2,17.0000,175,5,'2026-01-09 04:56:10'),(527,1,4.0000,175,22,'2026-01-09 04:56:10'),(528,1,5.0000,175,30,'2026-01-09 04:56:10'),(529,1,17.0000,176,5,'2026-01-09 04:56:10'),(530,1,20.5000,177,8,'2026-01-09 04:56:10'),(531,1,3.0000,177,21,'2026-01-09 04:56:10'),(532,1,5.0000,177,25,'2026-01-09 04:56:10'),(533,2,14.0000,178,1,'2026-01-09 04:56:10'),(534,2,18.0000,178,2,'2026-01-09 04:56:10'),(535,1,4.0000,178,22,'2026-01-09 04:56:10'),(536,2,20.0000,179,3,'2026-01-09 04:56:10'),(537,2,19.5000,179,7,'2026-01-09 04:56:10'),(538,1,4.5000,179,26,'2026-01-09 04:56:10'),(539,1,4.5000,179,23,'2026-01-09 04:56:10'),(540,1,6.0000,179,27,'2026-01-09 04:56:10'),(541,1,20.5000,180,8,'2026-01-09 04:56:10'),(542,1,14.0000,180,1,'2026-01-09 04:56:10'),(543,1,4.5000,180,23,'2026-01-09 04:56:10'),(544,1,6.0000,180,28,'2026-01-09 04:56:10'),(545,1,19.0000,181,6,'2026-01-09 04:56:10'),(546,1,18.0000,181,2,'2026-01-09 04:56:10'),(547,2,20.0000,181,3,'2026-01-09 04:56:10'),(548,1,5.0000,181,30,'2026-01-09 04:56:10'),(549,1,18.0000,182,4,'2026-01-09 04:56:10'),(550,1,4.0000,182,22,'2026-01-09 04:56:10'),(551,1,18.0000,183,2,'2026-01-09 04:56:10'),(552,1,18.0000,183,4,'2026-01-09 04:56:10'),(553,1,4.5000,183,26,'2026-01-09 04:56:10'),(554,1,3.0000,183,21,'2026-01-09 04:56:10'),(555,1,5.5000,183,29,'2026-01-09 04:56:10'),(556,1,14.0000,184,1,'2026-01-09 04:56:10'),(557,1,19.5000,184,7,'2026-01-09 04:56:10'),(558,2,19.0000,185,6,'2026-01-09 04:56:10'),(559,1,14.0000,185,1,'2026-01-09 04:56:10'),(560,1,18.0000,186,4,'2026-01-09 04:56:10'),(561,1,19.5000,186,7,'2026-01-09 04:56:10'),(562,1,5.0000,186,25,'2026-01-09 04:56:10'),(563,2,18.0000,187,2,'2026-01-09 04:56:10'),(564,1,4.0000,187,22,'2026-01-09 04:56:10'),(565,1,6.0000,187,27,'2026-01-09 04:56:10'),(566,1,14.0000,188,1,'2026-01-09 04:56:10'),(567,1,20.0000,188,3,'2026-01-09 04:56:10'),(568,1,3.0000,188,21,'2026-01-09 04:56:10'),(569,1,6.0000,188,27,'2026-01-09 04:56:10'),(570,1,19.0000,189,6,'2026-01-09 04:56:10'),(571,1,18.0000,189,4,'2026-01-09 04:56:10'),(572,1,4.5000,189,23,'2026-01-09 04:56:10'),(573,1,4.0000,189,22,'2026-01-09 04:56:10'),(574,2,17.0000,190,5,'2026-01-09 04:56:10'),(575,1,4.5000,190,23,'2026-01-09 04:56:10'),(576,1,5.0000,190,25,'2026-01-09 04:56:10'),(577,1,5.5000,190,29,'2026-01-09 04:56:10'),(578,1,20.0000,191,3,'2026-01-09 04:56:10'),(579,1,17.0000,191,5,'2026-01-09 04:56:10'),(580,1,4.5000,191,23,'2026-01-09 04:56:10'),(581,1,5.5000,191,29,'2026-01-09 04:56:10'),(582,1,20.5000,192,8,'2026-01-09 04:56:10'),(583,1,6.0000,192,27,'2026-01-09 04:56:10'),(584,2,17.0000,193,5,'2026-01-09 04:56:10'),(585,1,18.0000,193,2,'2026-01-09 04:56:10'),(586,1,4.0000,193,22,'2026-01-09 04:56:10'),(587,1,19.0000,194,6,'2026-01-09 04:56:10'),(588,1,20.0000,194,3,'2026-01-09 04:56:10'),(589,2,18.0000,194,4,'2026-01-09 04:56:10'),(590,1,4.0000,194,24,'2026-01-09 04:56:10'),(591,1,5.0000,194,25,'2026-01-09 04:56:10'),(592,2,20.0000,195,3,'2026-01-09 04:56:10'),(593,1,4.5000,195,23,'2026-01-09 04:56:10'),(594,1,20.5000,196,8,'2026-01-09 04:56:10'),(595,1,14.0000,196,1,'2026-01-09 04:56:10'),(596,1,6.0000,196,27,'2026-01-09 04:56:10'),(597,1,17.0000,197,5,'2026-01-09 04:56:10'),(598,1,19.0000,197,6,'2026-01-09 04:56:10'),(599,1,4.5000,197,23,'2026-01-09 04:56:10'),(600,1,4.0000,197,24,'2026-01-09 04:56:10'),(601,1,17.0000,198,5,'2026-01-09 04:56:10'),(602,2,20.5000,198,8,'2026-01-09 04:56:10'),(603,1,4.5000,198,26,'2026-01-09 04:56:10'),(604,1,17.0000,199,5,'2026-01-09 04:56:10'),(605,1,20.0000,199,3,'2026-01-09 04:56:10'),(606,1,5.0000,199,25,'2026-01-09 04:56:10'),(607,2,18.0000,200,2,'2026-01-09 04:56:10'),(608,1,4.0000,200,22,'2026-01-09 04:56:10'),(609,2,18.0000,201,4,'2026-01-09 04:56:10'),(610,1,20.0000,201,3,'2026-01-09 04:56:10'),(611,1,4.0000,201,24,'2026-01-09 04:56:10'),(612,1,6.0000,201,27,'2026-01-09 04:56:10'),(613,1,18.0000,202,4,'2026-01-09 04:56:10'),(614,1,4.5000,202,23,'2026-01-09 04:56:10'),(615,1,14.0000,203,1,'2026-01-09 04:56:10'),(616,2,17.0000,203,5,'2026-01-09 04:56:10'),(617,2,18.0000,203,2,'2026-01-09 04:56:10'),(618,1,19.5000,204,7,'2026-01-09 04:56:10'),(619,1,4.0000,204,22,'2026-01-09 04:56:10'),(620,1,4.0000,204,24,'2026-01-09 04:56:10'),(621,1,20.5000,205,8,'2026-01-09 04:56:10'),(622,1,18.0000,205,2,'2026-01-09 04:56:10'),(623,1,20.0000,206,3,'2026-01-09 04:56:10'),(624,2,18.0000,206,4,'2026-01-09 04:56:10'),(625,1,6.0000,206,28,'2026-01-09 04:56:10'),(626,1,17.0000,207,5,'2026-01-09 04:56:10'),(627,1,19.5000,207,7,'2026-01-09 04:56:10'),(628,1,20.0000,208,3,'2026-01-09 04:56:10'),(629,1,14.0000,208,1,'2026-01-09 04:56:10'),(630,1,19.5000,208,7,'2026-01-09 04:56:10'),(631,1,5.0000,208,25,'2026-01-09 04:56:10'),(632,1,4.0000,208,24,'2026-01-09 04:56:10'),(633,1,14.0000,209,1,'2026-01-09 04:56:10'),(634,1,4.0000,209,24,'2026-01-09 04:56:10'),(635,1,19.5000,210,7,'2026-01-09 04:56:10'),(636,1,18.0000,210,4,'2026-01-09 04:56:10'),(637,1,14.0000,210,1,'2026-01-09 04:56:10'),(638,1,4.5000,210,23,'2026-01-09 04:56:10'),(639,1,4.0000,210,24,'2026-01-09 04:56:10'),(640,1,19.0000,211,6,'2026-01-09 04:56:10'),(641,1,20.0000,211,3,'2026-01-09 04:56:10'),(642,1,20.5000,211,8,'2026-01-09 04:56:10'),(643,1,3.0000,211,21,'2026-01-09 04:56:10'),(644,1,19.5000,212,7,'2026-01-09 04:56:10'),(645,1,4.0000,212,24,'2026-01-09 04:56:10'),(646,1,20.0000,213,3,'2026-01-09 04:56:10'),(647,1,18.0000,214,4,'2026-01-09 04:56:10'),(648,1,17.0000,215,5,'2026-01-09 04:56:10'),(649,1,4.0000,215,24,'2026-01-09 04:56:10'),(650,1,20.5000,216,8,'2026-01-09 04:56:10'),(651,1,20.0000,216,3,'2026-01-09 04:56:10'),(652,1,19.0000,216,6,'2026-01-09 04:56:10'),(653,1,4.0000,216,22,'2026-01-09 04:56:10'),(654,1,5.5000,216,29,'2026-01-09 04:56:10'),(655,1,18.0000,217,4,'2026-01-09 04:56:10'),(656,1,20.5000,217,8,'2026-01-09 04:56:10'),(657,1,4.0000,217,22,'2026-01-09 04:56:10'),(658,1,6.0000,217,28,'2026-01-09 04:56:10'),(659,1,20.5000,218,8,'2026-01-09 04:56:10'),(660,1,18.0000,219,2,'2026-01-09 04:56:10'),(661,1,17.0000,219,5,'2026-01-09 04:56:10'),(662,1,5.0000,219,25,'2026-01-09 04:56:10'),(663,1,3.0000,219,21,'2026-01-09 04:56:10'),(664,2,20.0000,220,3,'2026-01-09 04:56:10'),(665,1,14.0000,220,1,'2026-01-09 04:56:10'),(666,1,3.0000,220,21,'2026-01-09 04:56:10'),(667,1,17.0000,221,5,'2026-01-09 04:56:10'),(668,2,14.0000,221,1,'2026-01-09 04:56:10'),(669,1,6.0000,221,28,'2026-01-09 04:56:10'),(670,1,20.5000,222,8,'2026-01-09 04:56:10'),(671,1,18.0000,222,4,'2026-01-09 04:56:10'),(672,1,14.0000,222,1,'2026-01-09 04:56:10'),(673,1,4.5000,222,23,'2026-01-09 04:56:10'),(674,1,19.0000,223,6,'2026-01-09 04:56:10'),(675,1,20.0000,224,3,'2026-01-09 04:56:10'),(676,1,4.5000,224,26,'2026-01-09 04:56:10'),(677,1,19.5000,225,7,'2026-01-09 04:56:10'),(678,1,4.5000,225,23,'2026-01-09 04:56:10'),(679,1,14.0000,226,1,'2026-01-09 04:56:10'),(680,2,17.0000,227,5,'2026-01-09 04:56:10'),(681,1,18.0000,227,2,'2026-01-09 04:56:10'),(682,2,20.5000,228,8,'2026-01-09 04:56:10'),(683,1,18.0000,228,4,'2026-01-09 04:56:10'),(684,1,4.0000,228,24,'2026-01-09 04:56:10'),(685,1,6.0000,228,28,'2026-01-09 04:56:10'),(686,2,20.5000,229,8,'2026-01-09 04:56:10'),(687,1,14.0000,229,1,'2026-01-09 04:56:10'),(688,2,14.0000,230,1,'2026-01-09 04:56:10'),(689,1,4.5000,230,26,'2026-01-09 04:56:10'),(690,2,20.5000,231,8,'2026-01-09 04:56:10'),(691,1,18.0000,231,2,'2026-01-09 04:56:10'),(692,1,4.5000,231,23,'2026-01-09 04:56:10'),(693,1,20.0000,232,3,'2026-01-09 04:56:10'),(694,1,20.5000,232,8,'2026-01-09 04:56:10'),(695,1,20.5000,233,8,'2026-01-09 04:56:10'),(696,1,14.0000,233,1,'2026-01-09 04:56:10'),(697,1,18.0000,233,4,'2026-01-09 04:56:10'),(698,1,4.5000,233,23,'2026-01-09 04:56:10'),(699,1,4.0000,233,22,'2026-01-09 04:56:10'),(700,1,20.0000,234,3,'2026-01-09 04:56:10'),(701,1,18.0000,234,4,'2026-01-09 04:56:10'),(702,1,3.0000,234,21,'2026-01-09 04:56:10'),(703,1,14.0000,235,1,'2026-01-09 04:56:10'),(704,1,4.5000,235,26,'2026-01-09 04:56:10'),(705,1,19.5000,236,7,'2026-01-09 04:56:10'),(706,1,14.0000,236,1,'2026-01-09 04:56:10'),(707,1,19.0000,237,6,'2026-01-09 04:56:10'),(708,1,4.0000,237,24,'2026-01-09 04:56:10'),(709,1,20.5000,238,8,'2026-01-09 04:56:10'),(710,2,19.0000,238,6,'2026-01-09 04:56:10'),(711,1,18.0000,239,4,'2026-01-09 04:56:10'),(712,1,17.0000,239,5,'2026-01-09 04:56:10'),(713,1,4.0000,239,24,'2026-01-09 04:56:10'),(714,1,5.5000,239,29,'2026-01-09 04:56:10'),(715,1,20.0000,240,3,'2026-01-09 04:56:10'),(716,1,19.5000,240,7,'2026-01-09 04:56:10'),(717,1,4.5000,240,23,'2026-01-09 04:56:10'),(718,2,19.5000,241,7,'2026-01-09 04:56:10'),(719,1,17.0000,241,5,'2026-01-09 04:56:10'),(720,1,4.5000,241,26,'2026-01-09 04:56:10'),(721,2,17.0000,242,5,'2026-01-09 04:56:10'),(722,1,18.0000,243,4,'2026-01-09 04:56:10'),(723,1,14.0000,243,1,'2026-01-09 04:56:10'),(724,1,19.5000,244,7,'2026-01-09 04:56:10'),(725,1,18.0000,244,4,'2026-01-09 04:56:10'),(726,1,20.5000,244,8,'2026-01-09 04:56:10'),(727,1,19.5000,245,7,'2026-01-09 04:56:10'),(728,1,18.0000,245,4,'2026-01-09 04:56:10'),(729,2,14.0000,245,1,'2026-01-09 04:56:10'),(730,1,4.0000,245,22,'2026-01-09 04:56:10'),(731,1,5.0000,245,25,'2026-01-09 04:56:10'),(732,1,19.5000,246,7,'2026-01-09 04:56:10'),(733,1,20.5000,247,8,'2026-01-09 04:56:10'),(734,1,14.0000,247,1,'2026-01-09 04:56:10'),(735,1,18.0000,247,4,'2026-01-09 04:56:10'),(736,1,5.0000,247,25,'2026-01-09 04:56:10'),(737,1,6.0000,247,27,'2026-01-09 04:56:10'),(738,2,19.0000,248,6,'2026-01-09 04:56:10'),(739,1,19.5000,248,7,'2026-01-09 04:56:10'),(740,1,4.0000,248,24,'2026-01-09 04:56:10'),(741,1,14.0000,249,1,'2026-01-09 04:56:10'),(742,1,5.5000,249,29,'2026-01-09 04:56:10'),(743,1,14.0000,250,1,'2026-01-09 04:56:10'),(744,1,18.0000,250,2,'2026-01-09 04:56:10'),(745,1,19.0000,251,6,'2026-01-09 04:56:10'),(746,1,14.0000,251,1,'2026-01-09 04:56:10'),(747,1,4.0000,251,24,'2026-01-09 04:56:10'),(748,1,17.0000,252,5,'2026-01-09 04:56:10'),(749,1,19.5000,253,7,'2026-01-09 04:56:10'),(750,1,18.0000,253,4,'2026-01-09 04:56:10'),(751,1,4.5000,253,26,'2026-01-09 04:56:10'),(752,1,17.0000,254,5,'2026-01-09 04:56:10'),(753,1,4.5000,254,26,'2026-01-09 04:56:10'),(754,1,6.0000,254,27,'2026-01-09 04:56:10'),(755,1,18.0000,255,2,'2026-01-09 04:56:10'),(756,1,3.0000,255,21,'2026-01-09 04:56:10'),(757,1,6.0000,255,27,'2026-01-09 04:56:10'),(758,1,18.0000,256,4,'2026-01-09 04:56:10'),(759,1,3.0000,256,21,'2026-01-09 04:56:10'),(760,1,18.0000,257,2,'2026-01-09 04:56:10'),(761,2,14.0000,257,1,'2026-01-09 04:56:10'),(762,1,4.0000,257,24,'2026-01-09 04:56:10'),(763,2,20.0000,258,3,'2026-01-09 04:56:10'),(764,1,4.5000,258,26,'2026-01-09 04:56:10'),(765,1,5.0000,258,30,'2026-01-09 04:56:10'),(766,2,14.0000,259,1,'2026-01-09 04:56:10'),(767,1,17.0000,259,5,'2026-01-09 04:56:10'),(768,1,3.0000,259,21,'2026-01-09 04:56:10'),(769,1,20.5000,260,8,'2026-01-09 04:56:10'),(770,1,17.0000,260,5,'2026-01-09 04:56:10'),(771,1,20.0000,260,3,'2026-01-09 04:56:10'),(772,1,19.5000,261,7,'2026-01-09 04:56:10'),(773,1,18.0000,261,4,'2026-01-09 04:56:10'),(774,2,18.0000,262,2,'2026-01-09 04:56:10'),(775,1,5.0000,262,25,'2026-01-09 04:56:10'),(776,1,5.0000,262,25,'2026-01-09 04:56:10'),(777,1,5.0000,262,30,'2026-01-09 04:56:10'),(778,1,20.5000,263,8,'2026-01-09 04:56:10'),(779,1,14.0000,263,1,'2026-01-09 04:56:10'),(780,1,5.0000,263,25,'2026-01-09 04:56:10'),(781,1,20.0000,264,3,'2026-01-09 04:56:10'),(782,2,14.0000,264,1,'2026-01-09 04:56:10'),(783,1,6.0000,264,27,'2026-01-09 04:56:10'),(784,1,18.0000,265,2,'2026-01-09 04:56:10'),(785,1,3.0000,265,21,'2026-01-09 04:56:10'),(786,1,6.0000,265,27,'2026-01-09 04:56:10'),(787,1,18.0000,266,4,'2026-01-09 04:56:10'),(788,1,19.5000,266,7,'2026-01-09 04:56:10'),(789,1,20.5000,267,8,'2026-01-09 04:56:10'),(790,1,20.0000,267,3,'2026-01-09 04:56:10'),(791,1,17.0000,267,5,'2026-01-09 04:56:10'),(792,1,5.0000,267,25,'2026-01-09 04:56:10'),(793,1,5.0000,267,25,'2026-01-09 04:56:10'),(794,1,6.0000,267,27,'2026-01-09 04:56:10'),(795,1,19.0000,268,6,'2026-01-09 04:56:10'),(796,1,20.5000,268,8,'2026-01-09 04:56:10'),(797,1,3.0000,268,21,'2026-01-09 04:56:10'),(798,1,19.5000,269,7,'2026-01-09 04:56:10'),(799,1,6.0000,269,27,'2026-01-09 04:56:10'),(800,1,14.0000,270,1,'2026-01-09 04:56:10'),(801,1,20.5000,270,8,'2026-01-09 04:56:10'),(802,1,19.0000,271,6,'2026-01-09 04:56:10'),(803,1,14.0000,271,1,'2026-01-09 04:56:10'),(804,1,5.0000,271,25,'2026-01-09 04:56:10'),(805,2,20.0000,272,3,'2026-01-09 04:56:10'),(806,1,19.0000,272,6,'2026-01-09 04:56:10'),(807,1,14.0000,272,1,'2026-01-09 04:56:10'),(808,1,19.0000,273,6,'2026-01-09 04:56:10'),(809,2,18.0000,273,4,'2026-01-09 04:56:10'),(810,1,3.0000,273,21,'2026-01-09 04:56:10'),(811,1,18.0000,274,4,'2026-01-09 04:56:10'),(812,1,4.0000,274,22,'2026-01-09 04:56:10'),(813,1,4.5000,274,23,'2026-01-09 04:56:10'),(814,1,17.0000,275,5,'2026-01-09 04:56:10'),(815,2,18.0000,276,2,'2026-01-09 04:56:10'),(816,1,3.0000,276,21,'2026-01-09 04:56:10'),(817,1,19.5000,277,7,'2026-01-09 04:56:10'),(818,1,18.0000,277,4,'2026-01-09 04:56:10'),(819,1,14.0000,277,1,'2026-01-09 04:56:10'),(820,1,5.0000,277,25,'2026-01-09 04:56:10'),(821,2,14.0000,278,1,'2026-01-09 04:56:10'),(822,2,17.0000,278,5,'2026-01-09 04:56:10'),(823,1,19.0000,278,6,'2026-01-09 04:56:10'),(824,1,6.0000,278,28,'2026-01-09 04:56:10'),(825,2,20.0000,279,3,'2026-01-09 04:56:10'),(826,1,18.0000,280,4,'2026-01-09 04:56:10'),(827,1,4.0000,280,22,'2026-01-09 04:56:10'),(828,1,4.5000,280,26,'2026-01-09 04:56:10'),(829,1,19.5000,281,7,'2026-01-09 04:56:10'),(830,1,4.0000,281,22,'2026-01-09 04:56:10'),(831,1,4.5000,281,26,'2026-01-09 04:56:10'),(832,1,6.0000,281,28,'2026-01-09 04:56:10'),(833,2,14.0000,282,1,'2026-01-09 04:56:10'),(834,1,20.0000,282,3,'2026-01-09 04:56:10'),(835,2,20.5000,282,8,'2026-01-09 04:56:10'),(836,1,20.0000,283,3,'2026-01-09 04:56:10'),(837,1,18.0000,283,4,'2026-01-09 04:56:10'),(838,2,20.0000,284,3,'2026-01-09 04:56:10'),(839,1,19.5000,284,7,'2026-01-09 04:56:10'),(840,1,18.0000,284,2,'2026-01-09 04:56:10'),(841,1,4.5000,284,23,'2026-01-09 04:56:10'),(842,1,20.5000,285,8,'2026-01-09 04:56:10'),(843,1,19.5000,285,7,'2026-01-09 04:56:10'),(844,1,5.0000,285,25,'2026-01-09 04:56:10'),(845,1,18.0000,286,4,'2026-01-09 04:56:10'),(846,1,4.0000,286,24,'2026-01-09 04:56:10'),(847,2,18.0000,287,4,'2026-01-09 04:56:10'),(848,1,17.0000,287,5,'2026-01-09 04:56:10'),(849,1,4.0000,287,24,'2026-01-09 04:56:10'),(850,1,18.0000,288,2,'2026-01-09 04:56:10'),(851,1,19.5000,288,7,'2026-01-09 04:56:10'),(852,1,4.5000,288,23,'2026-01-09 04:56:10'),(853,1,17.0000,289,5,'2026-01-09 04:56:10'),(854,1,14.0000,289,1,'2026-01-09 04:56:10'),(855,1,4.0000,289,22,'2026-01-09 04:56:10'),(856,1,20.5000,290,8,'2026-01-09 04:56:10'),(857,1,14.0000,291,1,'2026-01-09 04:56:10'),(858,1,4.0000,291,24,'2026-01-09 04:56:10'),(859,1,4.5000,291,26,'2026-01-09 04:56:10'),(860,1,20.0000,292,3,'2026-01-09 04:56:10'),(861,1,5.0000,292,25,'2026-01-09 04:56:10'),(862,1,20.5000,293,8,'2026-01-09 04:56:10'),(863,1,19.0000,293,6,'2026-01-09 04:56:10'),(864,1,4.0000,293,24,'2026-01-09 04:56:10'),(865,1,6.0000,293,28,'2026-01-09 04:56:10'),(866,2,19.5000,294,7,'2026-01-09 04:56:10'),(867,2,18.0000,294,4,'2026-01-09 04:56:10'),(868,1,6.0000,294,28,'2026-01-09 04:56:10'),(869,1,20.5000,295,8,'2026-01-09 04:56:10'),(870,1,4.0000,295,22,'2026-01-09 04:56:10'),(871,1,20.5000,296,8,'2026-01-09 04:56:10'),(872,1,20.0000,296,3,'2026-01-09 04:56:10'),(873,1,6.0000,296,28,'2026-01-09 04:56:10'),(874,1,14.0000,297,1,'2026-01-09 04:56:10'),(875,1,18.0000,297,2,'2026-01-09 04:56:10'),(876,1,5.0000,297,25,'2026-01-09 04:56:10'),(877,1,5.5000,297,29,'2026-01-09 04:56:10'),(878,1,20.5000,298,8,'2026-01-09 04:56:10'),(879,1,18.0000,298,4,'2026-01-09 04:56:10'),(880,1,20.0000,298,3,'2026-01-09 04:56:10'),(881,1,4.0000,298,22,'2026-01-09 04:56:10'),(882,1,17.0000,299,5,'2026-01-09 04:56:10'),(883,1,14.0000,299,1,'2026-01-09 04:56:10'),(884,2,20.5000,299,8,'2026-01-09 04:56:10'),(885,2,14.0000,300,1,'2026-01-09 04:56:10'),(886,1,3.0000,300,21,'2026-01-09 04:56:10'),(887,1,3.0000,300,21,'2026-01-09 04:56:10'),(888,2,20.0000,301,3,'2026-01-09 04:56:10'),(889,1,19.0000,302,6,'2026-01-09 04:56:10'),(890,1,14.0000,302,1,'2026-01-09 04:56:10'),(891,1,18.0000,302,4,'2026-01-09 04:56:10'),(892,1,6.0000,302,28,'2026-01-09 04:56:10'),(893,1,20.0000,303,3,'2026-01-09 04:56:10'),(894,1,14.0000,304,1,'2026-01-09 04:56:10'),(895,2,19.5000,305,7,'2026-01-09 04:56:10'),(896,1,18.0000,305,2,'2026-01-09 04:56:10'),(897,1,19.0000,305,6,'2026-01-09 04:56:10'),(898,1,5.0000,305,30,'2026-01-09 04:56:10'),(899,1,14.0000,306,1,'2026-01-09 04:56:10'),(900,1,19.0000,306,6,'2026-01-09 04:56:10'),(901,1,18.0000,306,2,'2026-01-09 04:56:10'),(902,1,6.0000,306,28,'2026-01-09 04:56:10'),(903,1,18.0000,307,4,'2026-01-09 04:56:10'),(904,1,18.0000,307,2,'2026-01-09 04:56:10'),(905,1,4.5000,307,23,'2026-01-09 04:56:10'),(906,1,5.0000,307,30,'2026-01-09 04:56:10'),(907,1,20.5000,308,8,'2026-01-09 04:56:10'),(908,1,18.0000,308,4,'2026-01-09 04:56:10'),(909,1,4.5000,308,23,'2026-01-09 04:56:10'),(910,1,5.0000,308,25,'2026-01-09 04:56:10'),(911,2,18.0000,309,2,'2026-01-09 04:56:10'),(912,2,20.0000,309,3,'2026-01-09 04:56:10'),(913,1,18.0000,310,2,'2026-01-09 04:56:10'),(914,2,18.0000,310,4,'2026-01-09 04:56:10'),(915,1,4.5000,310,23,'2026-01-09 04:56:10'),(916,1,18.0000,311,4,'2026-01-09 04:56:10'),(917,1,18.0000,311,2,'2026-01-09 04:56:10'),(918,1,4.0000,311,22,'2026-01-09 04:56:10'),(919,1,5.0000,311,30,'2026-01-09 04:56:10'),(920,1,18.0000,312,2,'2026-01-09 04:56:10'),(921,1,19.0000,312,6,'2026-01-09 04:56:10'),(922,1,4.5000,312,26,'2026-01-09 04:56:10'),(923,2,19.0000,313,6,'2026-01-09 04:56:10'),(924,1,19.5000,313,7,'2026-01-09 04:56:10'),(925,1,6.0000,313,27,'2026-01-09 04:56:10'),(926,1,20.5000,314,8,'2026-01-09 04:56:10'),(927,1,18.0000,314,2,'2026-01-09 04:56:10'),(928,2,17.0000,314,5,'2026-01-09 04:56:10'),(929,1,4.0000,314,24,'2026-01-09 04:56:10'),(930,1,19.0000,315,6,'2026-01-09 04:56:10'),(931,1,14.0000,315,1,'2026-01-09 04:56:10'),(932,1,17.0000,315,5,'2026-01-09 04:56:10'),(933,1,3.0000,315,21,'2026-01-09 04:56:10'),(934,1,19.0000,316,6,'2026-01-09 04:56:10'),(935,1,20.5000,316,8,'2026-01-09 04:56:10'),(936,1,18.0000,317,2,'2026-01-09 04:56:10'),(937,1,19.5000,317,7,'2026-01-09 04:56:10'),(938,1,14.0000,318,1,'2026-01-09 04:56:10'),(939,1,19.5000,318,7,'2026-01-09 04:56:10'),(940,2,14.0000,319,1,'2026-01-09 04:56:10'),(941,1,5.0000,319,25,'2026-01-09 04:56:10'),(942,1,18.0000,320,2,'2026-01-09 04:56:10'),(943,1,14.0000,320,1,'2026-01-09 04:56:10'),(944,1,18.0000,320,4,'2026-01-09 04:56:10'),(945,1,19.5000,321,7,'2026-01-09 04:56:10'),(946,1,18.0000,322,2,'2026-01-09 04:56:10'),(947,1,20.0000,323,3,'2026-01-09 04:56:10'),(948,2,17.0000,323,5,'2026-01-09 04:56:10'),(949,1,6.0000,323,28,'2026-01-09 04:56:10'),(950,1,17.0000,324,5,'2026-01-09 04:56:10'),(951,1,5.0000,324,25,'2026-01-09 04:56:10'),(952,1,18.0000,325,4,'2026-01-09 04:56:10'),(953,1,19.0000,325,6,'2026-01-09 04:56:10'),(954,1,6.0000,325,28,'2026-01-09 04:56:10'),(955,1,18.0000,326,4,'2026-01-09 04:56:10'),(956,1,19.0000,326,6,'2026-01-09 04:56:10'),(957,1,17.0000,326,5,'2026-01-09 04:56:10'),(958,1,4.0000,326,22,'2026-01-09 04:56:10'),(959,1,6.0000,326,28,'2026-01-09 04:56:10'),(960,1,19.5000,327,7,'2026-01-09 04:56:10'),(961,2,19.0000,327,6,'2026-01-09 04:56:10'),(962,1,5.0000,327,25,'2026-01-09 04:56:10'),(963,1,4.5000,327,26,'2026-01-09 04:56:10'),(964,1,20.0000,328,3,'2026-01-09 04:56:10'),(965,1,19.0000,328,6,'2026-01-09 04:56:10'),(966,1,4.5000,328,26,'2026-01-09 04:56:10'),(967,1,18.0000,329,4,'2026-01-09 04:56:10'),(968,1,14.0000,329,1,'2026-01-09 04:56:10'),(969,1,4.0000,329,24,'2026-01-09 04:56:10'),(970,1,20.0000,330,3,'2026-01-09 04:56:10'),(971,1,5.0000,330,25,'2026-01-09 04:56:10'),(972,1,18.0000,331,2,'2026-01-09 04:56:10'),(973,2,20.5000,331,8,'2026-01-09 04:56:10'),(974,1,5.0000,331,25,'2026-01-09 04:56:10'),(975,1,4.0000,331,22,'2026-01-09 04:56:10'),(976,1,14.0000,332,1,'2026-01-09 04:56:10'),(977,1,18.0000,332,2,'2026-01-09 04:56:10'),(978,1,18.0000,333,2,'2026-01-09 04:56:10'),(979,1,4.0000,333,22,'2026-01-09 04:56:10'),(980,1,20.0000,334,3,'2026-01-09 04:56:10'),(981,1,18.0000,334,4,'2026-01-09 04:56:10'),(982,1,4.5000,334,26,'2026-01-09 04:56:10'),(983,1,4.5000,334,26,'2026-01-09 04:56:10'),(984,1,6.0000,334,28,'2026-01-09 04:56:10'),(985,2,18.0000,335,2,'2026-01-09 04:56:10'),(986,2,17.0000,335,5,'2026-01-09 04:56:10'),(987,1,4.5000,335,23,'2026-01-09 04:56:10'),(988,1,6.0000,335,28,'2026-01-09 04:56:10'),(989,1,17.0000,336,5,'2026-01-09 04:56:10'),(990,1,20.5000,336,8,'2026-01-09 04:56:10'),(991,1,19.5000,337,7,'2026-01-09 04:56:10'),(992,2,18.0000,337,4,'2026-01-09 04:56:10'),(993,1,17.0000,338,5,'2026-01-09 04:56:10'),(994,2,18.0000,339,4,'2026-01-09 04:56:10'),(995,1,14.0000,339,1,'2026-01-09 04:56:10'),(996,1,5.0000,339,30,'2026-01-09 04:56:10'),(997,1,18.0000,340,4,'2026-01-09 04:56:10'),(998,2,19.0000,341,6,'2026-01-09 04:56:10'),(999,1,19.5000,341,7,'2026-01-09 04:56:10'),(1000,1,6.0000,341,27,'2026-01-09 04:56:10'),(1001,1,14.0000,342,1,'2026-01-09 04:56:10'),(1002,1,6.0000,342,27,'2026-01-09 04:56:10'),(1003,1,20.5000,343,8,'2026-01-09 04:56:10'),(1004,1,18.0000,343,2,'2026-01-09 04:56:10'),(1005,2,14.0000,343,1,'2026-01-09 04:56:10'),(1006,1,4.5000,343,23,'2026-01-09 04:56:10'),(1007,1,5.0000,343,30,'2026-01-09 04:56:10'),(1008,2,18.0000,344,4,'2026-01-09 04:56:10'),(1009,1,14.0000,344,1,'2026-01-09 04:56:10'),(1010,1,19.5000,345,7,'2026-01-09 04:56:10'),(1011,1,17.0000,345,5,'2026-01-09 04:56:10'),(1012,1,3.0000,345,21,'2026-01-09 04:56:10'),(1013,1,20.0000,346,3,'2026-01-09 04:56:10'),(1014,1,19.0000,346,6,'2026-01-09 04:56:10'),(1015,1,18.0000,347,2,'2026-01-09 04:56:10'),(1016,1,20.5000,347,8,'2026-01-09 04:56:10'),(1017,1,4.0000,347,24,'2026-01-09 04:56:10'),(1018,1,5.0000,347,25,'2026-01-09 04:56:10'),(1019,1,18.0000,348,2,'2026-01-09 04:56:10'),(1020,1,20.0000,348,3,'2026-01-09 04:56:10'),(1021,1,19.5000,348,7,'2026-01-09 04:56:10'),(1022,1,6.0000,348,28,'2026-01-09 04:56:10'),(1023,1,20.0000,349,3,'2026-01-09 04:56:10'),(1024,1,20.5000,349,8,'2026-01-09 04:56:10'),(1025,1,5.5000,349,29,'2026-01-09 04:56:10'),(1026,1,18.0000,350,4,'2026-01-09 04:56:10'),(1027,2,18.0000,350,2,'2026-01-09 04:56:10'),(1028,1,4.0000,350,22,'2026-01-09 04:56:10'),(1029,1,19.0000,351,6,'2026-01-09 04:56:10'),(1030,1,17.0000,352,5,'2026-01-09 04:56:10'),(1031,1,14.0000,352,1,'2026-01-09 04:56:10'),(1032,1,3.0000,352,21,'2026-01-09 04:56:10'),(1033,1,5.0000,352,30,'2026-01-09 04:56:10'),(1034,1,20.5000,353,8,'2026-01-09 04:56:10'),(1035,1,17.0000,353,5,'2026-01-09 04:56:10'),(1036,2,19.0000,353,6,'2026-01-09 04:56:10'),(1037,1,4.5000,353,23,'2026-01-09 04:56:10'),(1038,1,4.0000,353,22,'2026-01-09 04:56:10'),(1039,1,6.0000,353,27,'2026-01-09 04:56:10'),(1040,1,19.0000,354,6,'2026-01-09 04:56:10'),(1041,1,6.0000,354,28,'2026-01-09 04:56:10'),(1042,1,17.0000,355,5,'2026-01-09 04:56:10'),(1043,1,18.0000,355,2,'2026-01-09 04:56:10'),(1044,1,5.0000,355,30,'2026-01-09 04:56:10'),(1045,1,19.0000,356,6,'2026-01-09 04:56:10'),(1046,2,18.0000,356,2,'2026-01-09 04:56:10'),(1047,1,4.5000,356,26,'2026-01-09 04:56:10'),(1048,1,5.5000,356,29,'2026-01-09 04:56:10'),(1049,1,19.5000,357,7,'2026-01-09 04:56:10'),(1050,2,14.0000,357,1,'2026-01-09 04:56:10'),(1051,2,14.0000,358,1,'2026-01-09 04:56:10'),(1052,1,19.5000,358,7,'2026-01-09 04:56:10'),(1053,1,5.0000,358,25,'2026-01-09 04:56:10'),(1054,2,18.0000,359,2,'2026-01-09 04:56:10'),(1055,1,19.5000,360,7,'2026-01-09 04:56:10'),(1056,2,19.0000,360,6,'2026-01-09 04:56:10'),(1057,1,4.5000,360,23,'2026-01-09 04:56:10'),(1058,1,5.5000,360,29,'2026-01-09 04:56:10'),(1059,1,20.0000,361,3,'2026-01-09 04:56:10'),(1060,1,19.0000,361,6,'2026-01-09 04:56:10'),(1061,1,4.5000,361,23,'2026-01-09 04:56:10'),(1062,2,20.5000,362,8,'2026-01-09 04:56:10'),(1063,1,19.5000,362,7,'2026-01-09 04:56:10'),(1064,1,5.0000,362,30,'2026-01-09 04:56:10'),(1065,1,18.0000,363,4,'2026-01-09 04:56:10'),(1066,1,20.5000,363,8,'2026-01-09 04:56:10'),(1067,1,14.0000,364,1,'2026-01-09 04:56:10'),(1068,1,20.0000,364,3,'2026-01-09 04:56:10'),(1069,1,17.0000,364,5,'2026-01-09 04:56:10'),(1070,1,4.0000,364,24,'2026-01-09 04:56:10'),(1071,1,6.0000,364,28,'2026-01-09 04:56:10'),(1072,2,18.0000,365,2,'2026-01-09 04:56:10'),(1073,1,19.0000,365,6,'2026-01-09 04:56:10'),(1074,1,17.0000,365,5,'2026-01-09 04:56:10'),(1075,1,5.0000,365,25,'2026-01-09 04:56:10'),(1076,1,4.5000,365,26,'2026-01-09 04:56:10'),(1077,1,20.0000,366,3,'2026-01-09 04:56:10'),(1078,1,5.0000,366,25,'2026-01-09 04:56:10'),(1079,1,18.0000,367,4,'2026-01-09 04:56:10'),(1080,1,20.5000,367,8,'2026-01-09 04:56:10'),(1081,1,4.0000,367,24,'2026-01-09 04:56:10'),(1082,1,18.0000,368,2,'2026-01-09 04:56:10'),(1083,2,14.0000,368,1,'2026-01-09 04:56:10'),(1084,1,20.0000,368,3,'2026-01-09 04:56:10'),(1085,1,4.0000,368,22,'2026-01-09 04:56:10'),(1086,1,6.0000,368,27,'2026-01-09 04:56:10'),(1087,1,17.0000,369,5,'2026-01-09 04:56:10'),(1088,1,18.0000,369,4,'2026-01-09 04:56:10'),(1089,1,4.5000,369,26,'2026-01-09 04:56:10'),(1090,2,17.0000,370,5,'2026-01-09 04:56:10'),(1091,1,18.0000,370,2,'2026-01-09 04:56:10'),(1092,1,19.0000,371,6,'2026-01-09 04:56:10'),(1093,2,20.5000,372,8,'2026-01-09 04:56:10'),(1094,1,4.0000,372,22,'2026-01-09 04:56:10'),(1095,1,20.5000,373,8,'2026-01-09 04:56:10'),(1096,1,3.0000,373,21,'2026-01-09 04:56:10'),(1097,1,19.0000,374,6,'2026-01-09 04:56:10'),(1098,1,17.0000,374,5,'2026-01-09 04:56:10'),(1099,1,4.5000,374,26,'2026-01-09 04:56:10'),(1100,1,3.0000,374,21,'2026-01-09 04:56:10'),(1101,1,19.5000,375,7,'2026-01-09 04:56:10'),(1102,2,18.0000,375,2,'2026-01-09 04:56:10'),(1103,1,17.0000,375,5,'2026-01-09 04:56:10'),(1104,1,4.5000,375,26,'2026-01-09 04:56:10'),(1105,1,3.0000,375,21,'2026-01-09 04:56:10'),(1106,1,18.0000,376,2,'2026-01-09 04:56:10'),(1107,1,20.0000,376,3,'2026-01-09 04:56:10'),(1108,1,4.0000,376,24,'2026-01-09 04:56:10'),(1109,1,5.5000,376,29,'2026-01-09 04:56:10'),(1110,1,17.0000,377,5,'2026-01-09 04:56:10'),(1111,1,4.5000,377,26,'2026-01-09 04:56:10'),(1112,1,4.0000,377,24,'2026-01-09 04:56:10'),(1113,2,17.0000,378,5,'2026-01-09 04:56:10'),(1114,1,4.5000,378,26,'2026-01-09 04:56:10'),(1115,1,20.0000,379,3,'2026-01-09 04:56:10'),(1116,1,20.5000,379,8,'2026-01-09 04:56:10'),(1117,1,19.0000,379,6,'2026-01-09 04:56:10'),(1118,1,5.0000,379,30,'2026-01-09 04:56:10'),(1119,2,18.0000,380,2,'2026-01-09 04:56:10'),(1120,1,4.0000,380,22,'2026-01-09 04:56:10'),(1121,1,18.0000,381,2,'2026-01-09 04:56:10'),(1122,1,19.0000,381,6,'2026-01-09 04:56:10'),(1123,1,4.0000,381,24,'2026-01-09 04:56:10'),(1124,1,4.5000,381,23,'2026-01-09 04:56:10'),(1125,1,6.0000,381,28,'2026-01-09 04:56:10'),(1126,1,18.0000,382,2,'2026-01-09 04:56:10'),(1127,1,5.0000,382,25,'2026-01-09 04:56:10'),(1128,2,20.5000,383,8,'2026-01-09 04:56:10'),(1129,1,17.0000,383,5,'2026-01-09 04:56:10'),(1130,1,18.0000,383,4,'2026-01-09 04:56:10'),(1131,1,4.0000,383,22,'2026-01-09 04:56:10'),(1132,2,19.5000,384,7,'2026-01-09 04:56:10'),(1133,1,14.0000,384,1,'2026-01-09 04:56:10'),(1134,1,20.5000,384,8,'2026-01-09 04:56:10'),(1135,1,5.0000,384,30,'2026-01-09 04:56:10'),(1136,1,20.0000,385,3,'2026-01-09 04:56:10'),(1137,2,18.0000,385,4,'2026-01-09 04:56:10'),(1138,1,5.5000,385,29,'2026-01-09 04:56:10'),(1139,1,18.0000,386,2,'2026-01-09 04:56:10'),(1140,2,17.0000,386,5,'2026-01-09 04:56:10'),(1141,1,19.5000,387,7,'2026-01-09 04:56:10'),(1142,1,4.5000,387,26,'2026-01-09 04:56:10'),(1143,1,6.0000,387,27,'2026-01-09 04:56:10'),(1144,1,20.5000,388,8,'2026-01-09 04:56:10'),(1145,1,19.5000,388,7,'2026-01-09 04:56:10'),(1146,1,4.5000,388,26,'2026-01-09 04:56:10'),(1147,1,3.0000,388,21,'2026-01-09 04:56:10'),(1148,1,5.0000,388,30,'2026-01-09 04:56:10'),(1149,1,14.0000,389,1,'2026-01-09 04:56:10'),(1150,1,20.5000,389,8,'2026-01-09 04:56:10'),(1151,2,20.0000,389,3,'2026-01-09 04:56:10'),(1152,1,6.0000,389,27,'2026-01-09 04:56:10'),(1153,1,20.5000,390,8,'2026-01-09 04:56:10'),(1154,1,18.0000,390,2,'2026-01-09 04:56:10'),(1155,1,17.0000,391,5,'2026-01-09 04:56:10'),(1156,1,18.0000,391,2,'2026-01-09 04:56:10'),(1157,1,4.5000,391,23,'2026-01-09 04:56:10'),(1158,1,17.0000,392,5,'2026-01-09 04:56:10'),(1159,1,4.0000,392,24,'2026-01-09 04:56:10'),(1160,1,19.0000,393,6,'2026-01-09 04:56:10'),(1161,2,18.0000,393,2,'2026-01-09 04:56:10'),(1162,1,18.0000,393,4,'2026-01-09 04:56:10'),(1163,1,20.5000,394,8,'2026-01-09 04:56:10'),(1164,2,18.0000,394,4,'2026-01-09 04:56:10'),(1165,1,14.0000,394,1,'2026-01-09 04:56:10'),(1166,1,14.0000,395,1,'2026-01-09 04:56:10'),(1167,1,5.5000,395,29,'2026-01-09 04:56:10'),(1168,1,18.0000,396,2,'2026-01-09 04:56:10'),(1169,1,3.0000,396,21,'2026-01-09 04:56:10'),(1170,1,4.0000,396,22,'2026-01-09 04:56:10'),(1171,1,5.5000,396,29,'2026-01-09 04:56:10'),(1172,1,14.0000,397,1,'2026-01-09 04:56:10'),(1173,1,3.0000,397,21,'2026-01-09 04:56:10'),(1174,1,5.0000,397,30,'2026-01-09 04:56:10'),(1175,1,19.5000,398,7,'2026-01-09 04:56:10'),(1176,1,19.0000,398,6,'2026-01-09 04:56:10'),(1177,1,4.0000,398,24,'2026-01-09 04:56:10'),(1178,1,5.5000,398,29,'2026-01-09 04:56:10'),(1179,1,18.0000,399,4,'2026-01-09 04:56:10'),(1180,1,4.0000,399,24,'2026-01-09 04:56:10'),(1181,1,4.0000,399,22,'2026-01-09 04:56:10'),(1182,1,20.5000,400,8,'2026-01-09 04:56:10'),(1183,1,4.5000,400,23,'2026-01-09 04:56:10'),(1184,1,4.0000,400,24,'2026-01-09 04:56:10'),(1185,1,18.0000,401,2,'2026-01-09 04:56:10'),(1186,2,20.5000,401,8,'2026-01-09 04:56:10'),(1187,1,5.0000,401,25,'2026-01-09 04:56:10'),(1188,1,19.0000,402,6,'2026-01-09 04:56:10'),(1189,1,14.0000,402,1,'2026-01-09 04:56:10'),(1190,1,4.0000,402,22,'2026-01-09 04:56:10'),(1191,1,5.0000,402,25,'2026-01-09 04:56:10'),(1192,1,5.0000,402,30,'2026-01-09 04:56:10'),(1193,1,18.0000,403,2,'2026-01-09 04:56:10'),(1194,1,17.0000,403,5,'2026-01-09 04:56:10'),(1195,1,14.0000,403,1,'2026-01-09 04:56:10'),(1196,1,4.5000,403,26,'2026-01-09 04:56:10'),(1197,1,4.5000,403,23,'2026-01-09 04:56:10'),(1198,1,20.0000,404,3,'2026-01-09 04:56:10'),(1199,1,6.0000,404,27,'2026-01-09 04:56:10'),(1200,1,19.0000,405,6,'2026-01-09 04:56:10'),(1201,1,18.0000,405,4,'2026-01-09 04:56:10'),(1202,1,6.0000,405,28,'2026-01-09 04:56:10'),(1203,1,20.5000,406,8,'2026-01-09 04:56:10'),(1204,1,14.0000,406,1,'2026-01-09 04:56:10'),(1205,1,4.5000,406,26,'2026-01-09 04:56:10'),(1206,1,5.0000,406,25,'2026-01-09 04:56:10'),(1207,1,19.5000,407,7,'2026-01-09 04:56:10'),(1208,1,20.0000,407,3,'2026-01-09 04:56:10'),(1209,1,18.0000,407,2,'2026-01-09 04:56:10'),(1210,1,5.0000,407,25,'2026-01-09 04:56:10'),(1211,1,5.5000,407,29,'2026-01-09 04:56:10'),(1212,1,19.0000,408,6,'2026-01-09 04:56:10'),(1213,1,19.5000,408,7,'2026-01-09 04:56:10'),(1214,1,6.0000,408,27,'2026-01-09 04:56:10'),(1215,2,17.0000,409,5,'2026-01-09 04:56:10'),(1216,1,14.0000,409,1,'2026-01-09 04:56:10'),(1217,2,18.0000,409,4,'2026-01-09 04:56:10'),(1218,1,18.0000,410,4,'2026-01-09 04:56:10'),(1219,1,19.5000,410,7,'2026-01-09 04:56:10'),(1220,1,4.5000,410,23,'2026-01-09 04:56:10'),(1221,1,20.0000,411,3,'2026-01-09 04:56:10'),(1222,2,18.0000,411,4,'2026-01-09 04:56:10'),(1223,2,14.0000,412,1,'2026-01-09 04:56:10'),(1224,1,19.5000,412,7,'2026-01-09 04:56:10'),(1225,2,18.0000,412,4,'2026-01-09 04:56:10'),(1226,1,5.0000,412,25,'2026-01-09 04:56:10'),(1227,1,20.5000,413,8,'2026-01-09 04:56:10'),(1228,1,19.0000,413,6,'2026-01-09 04:56:10'),(1229,1,18.0000,414,2,'2026-01-09 04:56:10'),(1230,1,20.5000,414,8,'2026-01-09 04:56:10'),(1231,1,4.0000,414,24,'2026-01-09 04:56:10'),(1232,1,4.0000,414,24,'2026-01-09 04:56:10'),(1233,2,20.0000,415,3,'2026-01-09 04:56:10'),(1234,1,19.0000,415,6,'2026-01-09 04:56:10'),(1235,1,4.5000,415,23,'2026-01-09 04:56:10'),(1236,1,14.0000,416,1,'2026-01-09 04:56:10'),(1237,2,20.0000,416,3,'2026-01-09 04:56:10'),(1238,2,18.0000,417,2,'2026-01-09 04:56:10'),(1239,1,5.5000,417,29,'2026-01-09 04:56:10'),(1240,2,17.0000,418,5,'2026-01-09 04:56:10'),(1241,1,6.0000,418,27,'2026-01-09 04:56:10'),(1242,2,18.0000,419,4,'2026-01-09 04:56:10'),(1243,1,14.0000,420,1,'2026-01-09 04:56:10'),(1244,2,18.0000,421,4,'2026-01-09 04:56:10'),(1245,1,3.0000,421,21,'2026-01-09 04:56:10'),(1246,1,4.5000,421,23,'2026-01-09 04:56:10'),(1247,2,20.5000,422,8,'2026-01-09 04:56:10'),(1248,1,4.0000,422,22,'2026-01-09 04:56:10'),(1249,1,20.5000,423,8,'2026-01-09 04:56:10'),(1250,1,18.0000,423,2,'2026-01-09 04:56:10'),(1251,1,14.0000,423,1,'2026-01-09 04:56:10'),(1252,2,14.0000,424,1,'2026-01-09 04:56:10'),(1253,1,3.0000,424,21,'2026-01-09 04:56:10'),(1254,1,5.5000,424,29,'2026-01-09 04:56:10'),(1255,1,18.0000,425,2,'2026-01-09 04:56:10'),(1256,2,18.0000,425,4,'2026-01-09 04:56:10'),(1257,1,6.0000,425,27,'2026-01-09 04:56:10'),(1258,1,14.0000,426,1,'2026-01-09 04:56:10'),(1259,1,20.5000,426,8,'2026-01-09 04:56:10'),(1260,1,18.0000,427,2,'2026-01-09 04:56:10'),(1261,2,14.0000,428,1,'2026-01-09 04:56:10'),(1262,1,19.5000,428,7,'2026-01-09 04:56:10'),(1263,1,4.5000,428,23,'2026-01-09 04:56:10'),(1264,1,5.0000,428,25,'2026-01-09 04:56:10'),(1265,1,18.0000,429,4,'2026-01-09 04:56:10'),(1266,1,20.5000,429,8,'2026-01-09 04:56:10'),(1267,1,4.5000,429,23,'2026-01-09 04:56:10'),(1268,1,19.0000,430,6,'2026-01-09 04:56:10'),(1269,2,18.0000,430,4,'2026-01-09 04:56:10'),(1270,1,20.5000,430,8,'2026-01-09 04:56:10'),(1271,1,3.0000,430,21,'2026-01-09 04:56:10'),(1272,1,17.0000,431,5,'2026-01-09 04:56:10'),(1273,1,20.0000,431,3,'2026-01-09 04:56:10'),(1274,1,4.0000,431,24,'2026-01-09 04:56:10'),(1275,1,19.0000,432,6,'2026-01-09 04:56:10'),(1276,1,17.0000,433,5,'2026-01-09 04:56:10'),(1277,1,19.5000,433,7,'2026-01-09 04:56:10'),(1278,1,5.0000,433,30,'2026-01-09 04:56:10'),(1279,1,18.0000,434,2,'2026-01-09 04:56:10'),(1280,1,3.0000,434,21,'2026-01-09 04:56:10'),(1281,2,17.0000,435,5,'2026-01-09 04:56:10'),(1282,1,19.5000,435,7,'2026-01-09 04:56:10'),(1283,2,17.0000,436,5,'2026-01-09 04:56:10'),(1284,2,20.0000,436,3,'2026-01-09 04:56:10'),(1285,2,18.0000,436,4,'2026-01-09 04:56:10'),(1286,1,14.0000,437,1,'2026-01-09 04:56:10'),(1287,1,5.0000,437,25,'2026-01-09 04:56:10'),(1288,1,6.0000,437,27,'2026-01-09 04:56:10'),(1289,1,19.5000,438,7,'2026-01-09 04:56:10'),(1290,2,14.0000,438,1,'2026-01-09 04:56:10'),(1291,2,14.0000,439,1,'2026-01-09 04:56:10'),(1292,1,18.0000,440,2,'2026-01-09 04:56:10'),(1293,1,14.0000,440,1,'2026-01-09 04:56:10'),(1294,1,19.0000,441,6,'2026-01-09 04:56:10'),(1295,1,4.0000,441,22,'2026-01-09 04:56:10'),(1296,1,4.5000,441,23,'2026-01-09 04:56:10'),(1297,1,5.5000,441,29,'2026-01-09 04:56:10'),(1298,1,20.5000,442,8,'2026-01-09 04:56:10'),(1299,1,17.0000,442,5,'2026-01-09 04:56:10'),(1300,1,19.0000,443,6,'2026-01-09 04:56:10'),(1301,2,14.0000,443,1,'2026-01-09 04:56:10'),(1302,1,19.5000,443,7,'2026-01-09 04:56:10'),(1303,1,4.5000,443,23,'2026-01-09 04:56:10'),(1304,1,5.0000,443,25,'2026-01-09 04:56:10'),(1305,2,19.5000,444,7,'2026-01-09 04:56:10'),(1306,1,18.0000,444,4,'2026-01-09 04:56:10'),(1307,1,20.0000,444,3,'2026-01-09 04:56:10'),(1308,2,18.0000,445,2,'2026-01-09 04:56:10'),(1309,1,4.0000,445,22,'2026-01-09 04:56:10'),(1310,1,19.5000,446,7,'2026-01-09 04:56:10'),(1311,2,20.0000,446,3,'2026-01-09 04:56:10'),(1312,1,20.5000,447,8,'2026-01-09 04:56:10'),(1313,1,18.0000,447,4,'2026-01-09 04:56:10'),(1314,2,18.0000,447,2,'2026-01-09 04:56:10'),(1315,1,5.0000,447,25,'2026-01-09 04:56:10'),(1316,1,5.0000,447,25,'2026-01-09 04:56:10'),(1317,1,20.5000,448,8,'2026-01-09 04:56:10'),(1318,1,4.5000,448,26,'2026-01-09 04:56:10'),(1319,1,3.0000,448,21,'2026-01-09 04:56:10'),(1320,1,18.0000,449,2,'2026-01-09 04:56:10'),(1321,1,19.0000,449,6,'2026-01-09 04:56:10'),(1322,1,5.0000,449,25,'2026-01-09 04:56:10'),(1323,1,14.0000,450,1,'2026-01-09 04:56:10'),(1324,1,4.0000,450,22,'2026-01-09 04:56:10'),(1325,1,18.0000,451,4,'2026-01-09 04:56:10'),(1326,1,14.0000,451,1,'2026-01-09 04:56:10'),(1327,1,5.0000,451,25,'2026-01-09 04:56:10'),(1328,1,17.0000,452,5,'2026-01-09 04:56:10'),(1329,1,20.5000,453,8,'2026-01-09 04:56:10'),(1330,2,20.0000,453,3,'2026-01-09 04:56:10'),(1331,1,14.0000,454,1,'2026-01-09 04:56:10'),(1332,1,20.5000,455,8,'2026-01-09 04:56:10'),(1333,1,19.0000,455,6,'2026-01-09 04:56:10'),(1334,1,18.0000,455,2,'2026-01-09 04:56:10'),(1335,1,5.0000,455,25,'2026-01-09 04:56:10'),(1336,1,14.0000,456,1,'2026-01-09 04:56:10'),(1337,1,17.0000,456,5,'2026-01-09 04:56:10'),(1338,1,4.5000,456,23,'2026-01-09 04:56:10'),(1339,1,18.0000,457,2,'2026-01-09 04:56:10'),(1340,2,17.0000,457,5,'2026-01-09 04:56:10'),(1341,1,5.5000,457,29,'2026-01-09 04:56:10'),(1342,2,18.0000,458,2,'2026-01-09 04:56:10'),(1343,1,14.0000,458,1,'2026-01-09 04:56:10'),(1344,1,5.0000,458,25,'2026-01-09 04:56:10'),(1345,1,18.0000,459,4,'2026-01-09 04:56:10'),(1346,1,14.0000,459,1,'2026-01-09 04:56:10'),(1347,1,20.0000,459,3,'2026-01-09 04:56:10'),(1348,1,4.5000,459,26,'2026-01-09 04:56:10'),(1349,1,5.0000,459,25,'2026-01-09 04:56:10'),(1350,1,18.0000,460,4,'2026-01-09 04:56:10'),(1351,2,17.0000,460,5,'2026-01-09 04:56:10'),(1352,1,14.0000,460,1,'2026-01-09 04:56:10'),(1353,1,14.0000,461,1,'2026-01-09 04:56:10'),(1354,1,5.0000,461,30,'2026-01-09 04:56:10'),(1355,1,20.5000,462,8,'2026-01-09 04:56:10'),(1356,1,17.0000,462,5,'2026-01-09 04:56:10'),(1357,1,4.0000,462,22,'2026-01-09 04:56:10'),(1358,1,3.0000,462,21,'2026-01-09 04:56:10'),(1359,1,6.0000,462,27,'2026-01-09 04:56:10'),(1360,1,20.5000,463,8,'2026-01-09 04:56:10'),(1361,1,18.0000,463,2,'2026-01-09 04:56:10'),(1362,1,19.0000,464,6,'2026-01-09 04:56:10'),(1363,1,17.0000,464,5,'2026-01-09 04:56:10'),(1364,1,3.0000,464,21,'2026-01-09 04:56:10'),(1365,2,19.0000,465,6,'2026-01-09 04:56:10'),(1366,1,4.5000,465,26,'2026-01-09 04:56:10'),(1367,1,5.0000,465,25,'2026-01-09 04:56:10'),(1368,1,17.0000,466,5,'2026-01-09 04:56:10'),(1369,1,18.0000,467,2,'2026-01-09 04:56:10'),(1370,1,20.5000,467,8,'2026-01-09 04:56:10'),(1371,1,17.0000,467,5,'2026-01-09 04:56:10'),(1372,1,4.0000,467,22,'2026-01-09 04:56:10'),(1373,1,3.0000,467,21,'2026-01-09 04:56:10'),(1374,1,20.5000,468,8,'2026-01-09 04:56:10'),(1375,1,18.0000,468,4,'2026-01-09 04:56:10'),(1376,1,4.5000,468,23,'2026-01-09 04:56:10'),(1377,2,17.0000,469,5,'2026-01-09 04:56:10'),(1378,1,19.0000,469,6,'2026-01-09 04:56:10'),(1379,1,5.0000,469,25,'2026-01-09 04:56:10'),(1380,2,19.0000,470,6,'2026-01-09 04:56:10'),(1381,1,17.0000,470,5,'2026-01-09 04:56:10'),(1382,1,17.0000,471,5,'2026-01-09 04:56:10'),(1383,1,20.0000,471,3,'2026-01-09 04:56:10'),(1384,1,19.0000,472,6,'2026-01-09 04:56:10'),(1385,2,14.0000,472,1,'2026-01-09 04:56:10'),(1386,2,17.0000,472,5,'2026-01-09 04:56:10'),(1387,1,20.0000,473,3,'2026-01-09 04:56:10'),(1388,1,20.0000,474,3,'2026-01-09 04:56:10'),(1389,1,19.0000,474,6,'2026-01-09 04:56:10'),(1390,1,3.0000,474,21,'2026-01-09 04:56:10'),(1391,2,20.0000,475,3,'2026-01-09 04:56:10'),(1392,1,19.0000,475,6,'2026-01-09 04:56:10'),(1393,1,17.0000,476,5,'2026-01-09 04:56:10'),(1394,1,18.0000,476,2,'2026-01-09 04:56:10'),(1395,1,4.5000,476,23,'2026-01-09 04:56:10'),(1396,1,4.5000,476,23,'2026-01-09 04:56:10'),(1397,1,14.0000,477,1,'2026-01-09 04:56:10'),(1398,1,4.5000,477,26,'2026-01-09 04:56:10'),(1399,1,18.0000,478,4,'2026-01-09 04:56:10'),(1400,1,20.0000,478,3,'2026-01-09 04:56:10'),(1401,1,4.0000,478,24,'2026-01-09 04:56:10'),(1402,1,19.0000,479,6,'2026-01-09 04:56:10'),(1403,1,20.0000,479,3,'2026-01-09 04:56:10'),(1404,1,14.0000,480,1,'2026-01-09 04:56:10'),(1405,1,18.0000,480,2,'2026-01-09 04:56:10'),(1406,1,20.0000,481,3,'2026-01-09 04:56:10'),(1407,2,18.0000,481,2,'2026-01-09 04:56:10'),(1408,1,3.0000,481,21,'2026-01-09 04:56:10'),(1409,1,4.5000,481,26,'2026-01-09 04:56:10'),(1410,1,6.0000,481,28,'2026-01-09 04:56:10'),(1411,2,19.0000,482,6,'2026-01-09 04:56:10'),(1412,1,4.0000,482,22,'2026-01-09 04:56:10'),(1413,1,20.0000,483,3,'2026-01-09 04:56:10'),(1414,1,18.0000,483,4,'2026-01-09 04:56:10'),(1415,1,3.0000,483,21,'2026-01-09 04:56:10'),(1416,1,19.0000,484,6,'2026-01-09 04:56:10'),(1417,1,3.0000,484,21,'2026-01-09 04:56:10'),(1418,1,5.0000,484,30,'2026-01-09 04:56:10'),(1419,1,14.0000,485,1,'2026-01-09 04:56:10'),(1420,2,20.0000,485,3,'2026-01-09 04:56:10'),(1421,1,20.0000,486,3,'2026-01-09 04:56:10'),(1422,2,17.0000,486,5,'2026-01-09 04:56:10'),(1423,1,19.0000,487,6,'2026-01-09 04:56:10'),(1424,1,19.5000,487,7,'2026-01-09 04:56:10'),(1425,1,4.5000,487,26,'2026-01-09 04:56:10'),(1426,1,19.0000,488,6,'2026-01-09 04:56:10'),(1427,1,20.0000,488,3,'2026-01-09 04:56:10'),(1428,1,4.5000,488,23,'2026-01-09 04:56:10'),(1429,1,4.5000,488,23,'2026-01-09 04:56:10'),(1430,2,20.0000,489,3,'2026-01-09 04:56:10'),(1431,1,19.0000,489,6,'2026-01-09 04:56:10'),(1432,1,4.5000,489,26,'2026-01-09 04:56:10'),(1433,1,18.0000,490,2,'2026-01-09 04:56:10'),(1434,1,20.0000,490,3,'2026-01-09 04:56:10'),(1435,1,5.0000,490,30,'2026-01-09 04:56:10'),(1436,1,19.0000,491,6,'2026-01-09 04:56:10'),(1437,1,17.0000,491,5,'2026-01-09 04:56:10'),(1438,1,6.0000,491,27,'2026-01-09 04:56:10'),(1439,1,20.0000,492,3,'2026-01-09 04:56:10'),(1440,1,20.5000,492,8,'2026-01-09 04:56:10'),(1441,1,3.0000,492,21,'2026-01-09 04:56:10'),(1442,1,14.0000,493,1,'2026-01-09 04:56:10'),(1443,1,20.0000,493,3,'2026-01-09 04:56:10'),(1444,1,4.0000,493,24,'2026-01-09 04:56:10'),(1445,1,4.5000,493,23,'2026-01-09 04:56:10'),(1446,1,19.0000,494,6,'2026-01-09 04:56:10'),(1447,1,18.0000,494,4,'2026-01-09 04:56:10'),(1448,1,5.5000,494,29,'2026-01-09 04:56:10'),(1449,1,18.0000,495,2,'2026-01-09 04:56:10'),(1450,1,14.0000,495,1,'2026-01-09 04:56:10'),(1451,2,19.0000,496,6,'2026-01-09 04:56:10'),(1452,1,20.5000,496,8,'2026-01-09 04:56:10'),(1453,1,4.0000,496,24,'2026-01-09 04:56:10'),(1454,1,5.0000,496,30,'2026-01-09 04:56:10'),(1455,1,20.0000,497,3,'2026-01-09 04:56:10'),(1456,1,4.0000,497,22,'2026-01-09 04:56:10'),(1457,1,4.0000,497,22,'2026-01-09 04:56:10'),(1458,2,20.5000,498,8,'2026-01-09 04:56:10'),(1459,1,19.0000,498,6,'2026-01-09 04:56:10'),(1460,1,4.0000,498,22,'2026-01-09 04:56:10'),(1461,1,6.0000,498,28,'2026-01-09 04:56:10'),(1462,1,20.0000,499,3,'2026-01-09 04:56:10'),(1463,1,18.0000,499,4,'2026-01-09 04:56:10'),(1464,1,17.0000,499,5,'2026-01-09 04:56:10'),(1465,1,18.0000,500,2,'2026-01-09 04:56:10'),(1466,2,19.0000,500,6,'2026-01-09 04:56:10'),(1467,1,17.0000,500,5,'2026-01-09 04:56:10'),(1468,1,5.0000,500,25,'2026-01-09 04:56:10'),(1469,2,19.5000,501,7,'2026-01-09 04:56:10'),(1470,2,19.0000,501,6,'2026-01-09 04:56:10'),(1471,2,20.0000,501,3,'2026-01-09 04:56:10'),(1472,1,4.5000,501,23,'2026-01-09 04:56:10'),(1473,1,4.5000,501,23,'2026-01-09 04:56:10'),(1474,1,5.0000,501,30,'2026-01-09 04:56:10'),(1475,1,19.0000,502,6,'2026-01-09 04:56:10'),(1476,1,17.0000,502,5,'2026-01-09 04:56:10'),(1477,1,20.0000,502,3,'2026-01-09 04:56:10'),(1478,1,19.5000,503,7,'2026-01-09 04:56:10'),(1479,1,20.5000,504,8,'2026-01-09 04:56:10'),(1480,1,18.0000,504,2,'2026-01-09 04:56:10'),(1481,1,18.0000,504,4,'2026-01-09 04:56:10'),(1482,1,4.0000,504,24,'2026-01-09 04:56:10'),(1483,1,4.0000,504,24,'2026-01-09 04:56:10'),(1484,2,18.0000,505,4,'2026-01-09 04:56:10'),(1485,1,20.0000,505,3,'2026-01-09 04:56:10'),(1486,1,19.0000,505,6,'2026-01-09 04:56:10'),(1487,1,18.0000,506,4,'2026-01-09 04:56:10'),(1488,1,4.5000,506,23,'2026-01-09 04:56:10'),(1489,1,18.0000,507,4,'2026-01-09 04:56:10'),(1490,1,18.0000,507,2,'2026-01-09 04:56:10'),(1491,1,5.0000,507,30,'2026-01-09 04:56:10'),(1492,1,18.0000,508,2,'2026-01-09 04:56:10'),(1493,2,19.0000,508,6,'2026-01-09 04:56:10'),(1494,1,17.0000,509,5,'2026-01-09 04:56:10'),(1495,1,19.0000,509,6,'2026-01-09 04:56:10'),(1496,1,4.0000,509,22,'2026-01-09 04:56:10'),(1497,1,18.0000,510,2,'2026-01-09 04:56:10'),(1498,1,20.5000,511,8,'2026-01-09 04:56:10'),(1499,1,14.0000,511,1,'2026-01-09 04:56:10'),(1500,1,4.0000,511,24,'2026-01-09 04:56:10'),(1501,1,4.0000,511,22,'2026-01-09 04:56:10'),(1502,1,17.0000,512,5,'2026-01-09 04:56:10'),(1503,1,4.5000,512,26,'2026-01-09 04:56:10'),(1504,1,20.5000,513,8,'2026-01-09 04:56:10'),(1505,1,19.5000,513,7,'2026-01-09 04:56:10'),(1506,1,3.0000,513,21,'2026-01-09 04:56:10'),(1507,2,17.0000,514,5,'2026-01-09 04:56:10'),(1508,2,18.0000,515,2,'2026-01-09 04:56:10'),(1509,1,4.5000,515,26,'2026-01-09 04:56:10'),(1510,1,3.0000,515,21,'2026-01-09 04:56:10'),(1511,1,20.5000,516,8,'2026-01-09 04:56:10'),(1512,1,18.0000,516,2,'2026-01-09 04:56:10'),(1513,1,19.0000,517,6,'2026-01-09 04:56:10'),(1514,1,20.0000,517,3,'2026-01-09 04:56:10'),(1515,2,18.0000,517,2,'2026-01-09 04:56:10'),(1516,1,20.5000,518,8,'2026-01-09 04:56:10'),(1517,1,5.0000,518,25,'2026-01-09 04:56:10'),(1518,1,3.0000,518,21,'2026-01-09 04:56:10'),(1519,1,20.5000,519,8,'2026-01-09 04:56:10'),(1520,1,19.0000,519,6,'2026-01-09 04:56:10'),(1521,1,18.0000,519,2,'2026-01-09 04:56:10'),(1522,1,5.0000,519,25,'2026-01-09 04:56:10'),(1523,1,4.0000,519,24,'2026-01-09 04:56:10'),(1524,1,6.0000,519,28,'2026-01-09 04:56:10'),(1525,1,19.0000,520,6,'2026-01-09 04:56:10'),(1526,1,4.0000,520,22,'2026-01-09 04:56:10'),(1527,1,4.0000,520,22,'2026-01-09 04:56:10'),(1528,1,19.0000,521,6,'2026-01-09 04:56:10'),(1529,1,18.0000,521,2,'2026-01-09 04:56:10'),(1530,1,20.5000,521,8,'2026-01-09 04:56:10'),(1531,1,3.0000,521,21,'2026-01-09 04:56:10'),(1532,1,18.0000,522,2,'2026-01-09 04:56:10'),(1533,1,14.0000,522,1,'2026-01-09 04:56:10'),(1534,1,4.0000,522,24,'2026-01-09 04:56:10'),(1535,1,4.5000,522,26,'2026-01-09 04:56:10'),(1536,2,18.0000,523,2,'2026-01-09 04:56:10'),(1537,1,18.0000,523,4,'2026-01-09 04:56:10'),(1538,1,17.0000,524,5,'2026-01-09 04:56:10'),(1539,2,19.0000,524,6,'2026-01-09 04:56:10'),(1540,1,20.0000,525,3,'2026-01-09 04:56:10'),(1541,1,18.0000,525,2,'2026-01-09 04:56:10'),(1542,2,17.0000,525,5,'2026-01-09 04:56:10'),(1543,1,5.5000,525,29,'2026-01-09 04:56:10'),(1544,2,20.0000,526,3,'2026-01-09 04:56:10'),(1545,1,18.0000,526,2,'2026-01-09 04:56:10'),(1546,1,18.0000,527,2,'2026-01-09 04:56:10'),(1547,1,18.0000,527,4,'2026-01-09 04:56:10'),(1548,1,3.0000,527,21,'2026-01-09 04:56:10'),(1549,1,4.5000,527,26,'2026-01-09 04:56:10'),(1550,1,20.5000,528,8,'2026-01-09 04:56:10'),(1551,1,19.0000,528,6,'2026-01-09 04:56:10'),(1552,1,5.0000,528,25,'2026-01-09 04:56:10'),(1553,1,20.0000,529,3,'2026-01-09 04:56:10'),(1554,1,19.0000,529,6,'2026-01-09 04:56:10'),(1555,1,14.0000,529,1,'2026-01-09 04:56:10'),(1556,1,19.0000,530,6,'2026-01-09 04:56:10'),(1557,1,4.0000,530,24,'2026-01-09 04:56:10'),(1558,2,14.0000,531,1,'2026-01-09 04:56:10'),(1559,1,17.0000,531,5,'2026-01-09 04:56:10'),(1560,1,3.0000,531,21,'2026-01-09 04:56:10'),(1561,2,18.0000,532,4,'2026-01-09 04:56:10'),(1562,1,19.5000,532,7,'2026-01-09 04:56:10'),(1563,1,5.0000,532,25,'2026-01-09 04:56:10'),(1564,1,5.5000,532,29,'2026-01-09 04:56:10'),(1565,1,20.0000,533,3,'2026-01-09 04:56:10'),(1566,1,17.0000,533,5,'2026-01-09 04:56:10'),(1567,1,18.0000,534,2,'2026-01-09 04:56:10'),(1568,1,14.0000,534,1,'2026-01-09 04:56:10'),(1569,1,3.0000,534,21,'2026-01-09 04:56:10'),(1570,1,5.5000,534,29,'2026-01-09 04:56:10'),(1571,1,17.0000,535,5,'2026-01-09 04:56:10'),(1572,1,19.5000,535,7,'2026-01-09 04:56:10'),(1573,1,19.0000,536,6,'2026-01-09 04:56:10'),(1574,1,4.5000,536,23,'2026-01-09 04:56:10'),(1575,1,5.0000,536,30,'2026-01-09 04:56:10'),(1576,1,18.0000,537,2,'2026-01-09 04:56:10'),(1577,1,14.0000,537,1,'2026-01-09 04:56:10'),(1578,1,4.5000,537,23,'2026-01-09 04:56:10'),(1579,1,20.5000,538,8,'2026-01-09 04:56:10'),(1580,1,18.0000,538,2,'2026-01-09 04:56:10'),(1581,1,17.0000,538,5,'2026-01-09 04:56:10'),(1582,1,4.5000,538,26,'2026-01-09 04:56:10'),(1583,1,19.0000,539,6,'2026-01-09 04:56:10'),(1584,1,20.5000,539,8,'2026-01-09 04:56:10'),(1585,1,14.0000,540,1,'2026-01-09 04:56:10'),(1586,1,19.0000,540,6,'2026-01-09 04:56:10'),(1587,1,4.5000,540,23,'2026-01-09 04:56:10'),(1588,1,19.0000,541,6,'2026-01-09 04:56:10'),(1589,1,20.5000,541,8,'2026-01-09 04:56:10'),(1590,1,6.0000,541,27,'2026-01-09 04:56:10'),(1591,1,20.5000,542,8,'2026-01-09 04:56:10'),(1592,1,20.0000,542,3,'2026-01-09 04:56:10'),(1593,1,4.5000,542,23,'2026-01-09 04:56:10'),(1594,1,5.0000,542,25,'2026-01-09 04:56:10'),(1595,2,17.0000,543,5,'2026-01-09 04:56:10'),(1596,1,5.5000,543,29,'2026-01-09 04:56:10'),(1597,1,17.0000,544,5,'2026-01-09 04:56:10'),(1598,1,14.0000,544,1,'2026-01-09 04:56:10'),(1599,1,6.0000,544,27,'2026-01-09 04:56:10'),(1600,1,19.5000,545,7,'2026-01-09 04:56:10'),(1601,1,19.0000,545,6,'2026-01-09 04:56:10'),(1602,1,17.0000,545,5,'2026-01-09 04:56:10'),(1603,1,4.0000,545,22,'2026-01-09 04:56:10'),(1604,2,20.0000,546,3,'2026-01-09 04:56:10'),(1605,1,18.0000,547,4,'2026-01-09 04:56:10'),(1606,1,4.0000,547,24,'2026-01-09 04:56:10'),(1607,1,19.0000,548,6,'2026-01-09 04:56:10'),(1608,1,14.0000,548,1,'2026-01-09 04:56:10'),(1609,1,19.5000,549,7,'2026-01-09 04:56:10'),(1610,1,18.0000,549,2,'2026-01-09 04:56:10'),(1611,2,17.0000,549,5,'2026-01-09 04:56:10'),(1612,1,3.0000,549,21,'2026-01-09 04:56:10'),(1613,2,20.0000,550,3,'2026-01-09 04:56:10'),(1614,1,3.5000,2,20,'2026-01-09 04:56:10'),(1615,1,2.5000,2,18,'2026-01-09 04:56:10'),(1616,1,2.5000,2,12,'2026-01-09 04:56:10'),(1617,1,2.0000,4,15,'2026-01-09 04:56:10'),(1618,1,1.5000,4,16,'2026-01-09 04:56:10'),(1619,1,1.5000,4,16,'2026-01-09 04:56:10'),(1620,1,3.5000,4,20,'2026-01-09 04:56:10'),(1621,1,2.5000,6,13,'2026-01-09 04:56:10'),(1622,1,2.5000,6,10,'2026-01-09 04:56:10'),(1623,1,2.5000,7,10,'2026-01-09 04:56:10'),(1624,1,2.0000,7,15,'2026-01-09 04:56:10'),(1625,1,2.5000,7,10,'2026-01-09 04:56:10'),(1626,1,2.5000,9,12,'2026-01-09 04:56:10'),(1627,1,2.0000,9,17,'2026-01-09 04:56:10'),(1628,1,2.5000,9,13,'2026-01-09 04:56:10'),(1629,1,2.0000,9,19,'2026-01-09 04:56:10'),(1630,1,2.5000,11,13,'2026-01-09 04:56:10'),(1631,1,2.0000,11,11,'2026-01-09 04:56:10'),(1632,1,3.5000,12,20,'2026-01-09 04:56:10'),(1633,1,2.5000,13,13,'2026-01-09 04:56:10'),(1634,1,2.0000,13,17,'2026-01-09 04:56:10'),(1635,1,3.0000,14,9,'2026-01-09 04:56:10'),(1636,1,1.5000,14,16,'2026-01-09 04:56:10'),(1637,1,2.0000,15,11,'2026-01-09 04:56:10'),(1638,1,2.5000,16,18,'2026-01-09 04:56:10'),(1639,1,1.5000,16,16,'2026-01-09 04:56:10'),(1640,1,3.5000,18,20,'2026-01-09 04:56:10'),(1641,1,3.0000,18,14,'2026-01-09 04:56:10'),(1642,1,2.5000,19,13,'2026-01-09 04:56:10'),(1643,1,2.5000,19,12,'2026-01-09 04:56:10'),(1644,1,2.0000,19,11,'2026-01-09 04:56:10'),(1645,1,2.0000,21,11,'2026-01-09 04:56:10'),(1646,1,2.0000,23,15,'2026-01-09 04:56:10'),(1647,1,2.0000,23,11,'2026-01-09 04:56:10'),(1648,1,3.0000,24,9,'2026-01-09 04:56:10'),(1649,1,3.0000,25,14,'2026-01-09 04:56:10'),(1650,1,2.0000,25,11,'2026-01-09 04:56:10'),(1651,1,3.0000,26,9,'2026-01-09 04:56:10'),(1652,1,2.5000,27,18,'2026-01-09 04:56:10'),(1653,1,2.5000,27,10,'2026-01-09 04:56:10'),(1654,1,2.0000,29,11,'2026-01-09 04:56:10'),(1655,1,2.0000,29,19,'2026-01-09 04:56:10'),(1656,1,1.5000,29,16,'2026-01-09 04:56:10'),(1657,1,3.0000,29,9,'2026-01-09 04:56:10'),(1658,1,2.5000,32,12,'2026-01-09 04:56:10'),(1659,1,2.5000,32,10,'2026-01-09 04:56:10'),(1660,1,2.5000,32,10,'2026-01-09 04:56:10'),(1661,1,1.5000,32,16,'2026-01-09 04:56:10'),(1662,1,1.5000,33,16,'2026-01-09 04:56:10'),(1663,1,2.5000,33,13,'2026-01-09 04:56:10'),(1664,1,2.0000,33,11,'2026-01-09 04:56:10'),(1665,1,2.5000,35,10,'2026-01-09 04:56:10'),(1666,1,2.0000,36,17,'2026-01-09 04:56:10'),(1667,1,3.0000,36,14,'2026-01-09 04:56:10'),(1668,1,2.5000,36,18,'2026-01-09 04:56:10'),(1669,1,2.5000,36,18,'2026-01-09 04:56:10'),(1670,1,3.5000,37,20,'2026-01-09 04:56:10'),(1671,1,2.0000,37,19,'2026-01-09 04:56:10'),(1672,1,2.5000,39,12,'2026-01-09 04:56:10'),(1673,1,3.5000,39,20,'2026-01-09 04:56:10'),(1674,1,2.5000,39,12,'2026-01-09 04:56:10'),(1675,1,3.0000,42,9,'2026-01-09 04:56:10'),(1676,1,2.5000,43,18,'2026-01-09 04:56:10'),(1677,1,3.5000,43,20,'2026-01-09 04:56:10'),(1678,1,2.0000,45,15,'2026-01-09 04:56:10'),(1679,1,3.0000,45,14,'2026-01-09 04:56:10'),(1680,1,3.0000,49,14,'2026-01-09 04:56:10'),(1681,1,2.5000,49,12,'2026-01-09 04:56:10'),(1682,1,2.0000,50,19,'2026-01-09 04:56:10'),(1683,1,1.5000,51,16,'2026-01-09 04:56:10'),(1684,1,2.0000,52,17,'2026-01-09 04:56:10'),(1685,1,2.5000,53,18,'2026-01-09 04:56:10'),(1686,1,2.5000,53,13,'2026-01-09 04:56:10'),(1687,1,2.0000,57,15,'2026-01-09 04:56:10'),(1688,1,2.5000,57,12,'2026-01-09 04:56:10'),(1689,1,2.0000,58,19,'2026-01-09 04:56:10'),(1690,1,2.5000,66,12,'2026-01-09 04:56:10'),(1691,1,2.0000,66,19,'2026-01-09 04:56:10'),(1692,1,2.0000,67,17,'2026-01-09 04:56:10'),(1693,1,2.5000,67,13,'2026-01-09 04:56:10'),(1694,1,2.0000,69,17,'2026-01-09 04:56:10'),(1695,1,2.0000,69,19,'2026-01-09 04:56:10'),(1696,1,1.5000,70,16,'2026-01-09 04:56:10'),(1697,1,3.0000,70,9,'2026-01-09 04:56:10'),(1698,1,2.0000,70,11,'2026-01-09 04:56:10'),(1699,1,2.0000,73,15,'2026-01-09 04:56:10'),(1700,1,2.0000,73,15,'2026-01-09 04:56:10'),(1701,1,2.5000,76,13,'2026-01-09 04:56:10'),(1702,1,1.5000,78,16,'2026-01-09 04:56:10'),(1703,1,1.5000,78,16,'2026-01-09 04:56:10'),(1704,1,2.0000,80,11,'2026-01-09 04:56:10'),(1705,1,1.5000,80,16,'2026-01-09 04:56:10'),(1706,1,1.5000,81,16,'2026-01-09 04:56:10'),(1707,1,3.0000,81,9,'2026-01-09 04:56:10'),(1708,1,2.0000,82,17,'2026-01-09 04:56:10'),(1709,1,1.5000,83,16,'2026-01-09 04:56:10'),(1710,1,2.5000,84,10,'2026-01-09 04:56:10'),(1711,1,2.5000,84,12,'2026-01-09 04:56:10'),(1712,1,2.0000,85,17,'2026-01-09 04:56:10'),(1713,1,3.5000,86,20,'2026-01-09 04:56:10'),(1714,1,3.5000,87,20,'2026-01-09 04:56:10'),(1715,1,2.0000,91,11,'2026-01-09 04:56:10'),(1716,1,2.0000,92,17,'2026-01-09 04:56:10'),(1717,1,2.5000,96,13,'2026-01-09 04:56:10'),(1718,1,1.5000,97,16,'2026-01-09 04:56:10'),(1719,1,2.5000,97,18,'2026-01-09 04:56:10'),(1720,1,3.0000,98,14,'2026-01-09 04:56:10'),(1721,1,3.5000,98,20,'2026-01-09 04:56:10'),(1722,1,3.0000,101,14,'2026-01-09 04:56:10'),(1723,1,3.0000,101,9,'2026-01-09 04:56:10'),(1724,1,2.0000,102,11,'2026-01-09 04:56:10'),(1725,1,2.0000,104,17,'2026-01-09 04:56:10'),(1726,1,3.0000,104,9,'2026-01-09 04:56:10'),(1727,1,2.5000,104,10,'2026-01-09 04:56:10'),(1728,1,1.5000,106,16,'2026-01-09 04:56:10'),(1729,1,2.5000,108,13,'2026-01-09 04:56:10'),(1730,1,3.0000,109,14,'2026-01-09 04:56:10'),(1731,1,2.5000,110,10,'2026-01-09 04:56:10'),(1732,1,2.5000,112,18,'2026-01-09 04:56:10'),(1733,1,1.5000,113,16,'2026-01-09 04:56:10'),(1734,1,3.5000,113,20,'2026-01-09 04:56:10'),(1735,1,3.5000,117,20,'2026-01-09 04:56:10'),(1736,1,2.5000,120,13,'2026-01-09 04:56:10'),(1737,1,2.5000,122,10,'2026-01-09 04:56:10'),(1738,1,3.0000,122,9,'2026-01-09 04:56:10'),(1739,1,2.0000,122,15,'2026-01-09 04:56:10'),(1740,1,2.5000,122,10,'2026-01-09 04:56:10'),(1741,1,2.5000,125,13,'2026-01-09 04:56:10'),(1742,1,2.5000,125,18,'2026-01-09 04:56:10'),(1743,1,2.0000,125,11,'2026-01-09 04:56:10'),(1744,1,2.5000,127,13,'2026-01-09 04:56:10'),(1745,1,3.0000,127,9,'2026-01-09 04:56:10'),(1746,1,1.5000,127,16,'2026-01-09 04:56:10'),(1747,1,2.5000,129,12,'2026-01-09 04:56:10'),(1748,1,2.0000,129,17,'2026-01-09 04:56:10'),(1749,1,2.0000,129,15,'2026-01-09 04:56:10'),(1750,1,3.0000,129,9,'2026-01-09 04:56:10'),(1751,1,2.5000,130,18,'2026-01-09 04:56:10'),(1752,1,3.0000,130,14,'2026-01-09 04:56:10'),(1753,1,2.5000,130,18,'2026-01-09 04:56:10'),(1754,1,2.5000,132,12,'2026-01-09 04:56:10'),(1755,1,2.0000,132,11,'2026-01-09 04:56:10'),(1756,1,2.0000,132,17,'2026-01-09 04:56:10'),(1757,1,1.5000,133,16,'2026-01-09 04:56:10'),(1758,1,2.5000,135,13,'2026-01-09 04:56:10'),(1759,1,1.5000,135,16,'2026-01-09 04:56:10'),(1760,1,3.5000,137,20,'2026-01-09 04:56:10'),(1761,1,2.0000,137,17,'2026-01-09 04:56:10'),(1762,1,3.0000,137,9,'2026-01-09 04:56:10'),(1763,1,2.0000,137,11,'2026-01-09 04:56:10'),(1764,1,2.5000,138,12,'2026-01-09 04:56:10'),(1765,1,1.5000,140,16,'2026-01-09 04:56:10'),(1766,1,2.5000,140,10,'2026-01-09 04:56:10'),(1767,1,2.5000,140,10,'2026-01-09 04:56:10'),(1768,1,2.0000,140,15,'2026-01-09 04:56:10'),(1769,1,3.0000,142,9,'2026-01-09 04:56:10'),(1770,1,2.5000,143,13,'2026-01-09 04:56:10'),(1771,1,3.0000,145,14,'2026-01-09 04:56:10'),(1772,1,2.5000,146,12,'2026-01-09 04:56:10'),(1773,1,2.0000,146,17,'2026-01-09 04:56:10'),(1774,1,2.5000,146,12,'2026-01-09 04:56:10'),(1775,1,2.0000,147,19,'2026-01-09 04:56:10'),(1776,1,1.5000,148,16,'2026-01-09 04:56:10'),(1777,1,2.0000,148,19,'2026-01-09 04:56:10'),(1778,1,2.5000,148,10,'2026-01-09 04:56:10'),(1779,1,3.0000,148,9,'2026-01-09 04:56:10'),(1780,1,3.5000,150,20,'2026-01-09 04:56:10'),(1781,1,3.0000,151,14,'2026-01-09 04:56:10'),(1782,1,2.0000,151,15,'2026-01-09 04:56:10'),(1783,1,3.5000,153,20,'2026-01-09 04:56:10'),(1784,1,3.0000,156,9,'2026-01-09 04:56:10'),(1785,1,2.5000,156,12,'2026-01-09 04:56:10'),(1786,1,3.5000,159,20,'2026-01-09 04:56:10'),(1787,1,2.5000,159,10,'2026-01-09 04:56:10'),(1788,1,3.0000,162,9,'2026-01-09 04:56:10'),(1789,1,3.5000,162,20,'2026-01-09 04:56:10'),(1790,1,2.0000,162,19,'2026-01-09 04:56:10'),(1791,1,3.5000,163,20,'2026-01-09 04:56:10'),(1792,1,2.0000,163,19,'2026-01-09 04:56:10'),(1793,1,2.0000,164,11,'2026-01-09 04:56:10'),(1794,1,2.0000,164,17,'2026-01-09 04:56:10'),(1795,1,2.5000,168,13,'2026-01-09 04:56:10'),(1796,1,2.0000,170,15,'2026-01-09 04:56:10'),(1797,1,2.5000,170,18,'2026-01-09 04:56:10'),(1798,1,2.0000,173,19,'2026-01-09 04:56:10'),(1799,1,2.0000,173,17,'2026-01-09 04:56:10'),(1800,1,2.5000,174,10,'2026-01-09 04:56:10'),(1801,1,2.0000,174,15,'2026-01-09 04:56:10'),(1802,1,2.0000,175,11,'2026-01-09 04:56:10'),(1803,1,2.0000,175,15,'2026-01-09 04:56:10'),(1804,1,1.5000,175,16,'2026-01-09 04:56:10'),(1805,1,3.0000,177,14,'2026-01-09 04:56:10'),(1806,1,2.0000,177,15,'2026-01-09 04:56:10'),(1807,1,1.5000,178,16,'2026-01-09 04:56:10'),(1808,1,2.0000,178,11,'2026-01-09 04:56:10'),(1809,1,2.5000,179,18,'2026-01-09 04:56:10'),(1810,1,2.5000,179,18,'2026-01-09 04:56:10'),(1811,1,2.0000,180,11,'2026-01-09 04:56:10'),(1812,1,2.0000,180,15,'2026-01-09 04:56:10'),(1813,1,3.5000,183,20,'2026-01-09 04:56:10'),(1814,1,2.0000,184,17,'2026-01-09 04:56:10'),(1815,1,3.0000,184,9,'2026-01-09 04:56:10'),(1816,1,3.0000,185,14,'2026-01-09 04:56:10'),(1817,1,2.5000,186,13,'2026-01-09 04:56:10'),(1818,1,2.0000,186,17,'2026-01-09 04:56:10'),(1819,1,3.0000,186,14,'2026-01-09 04:56:10'),(1820,1,2.0000,190,11,'2026-01-09 04:56:10'),(1821,1,3.0000,192,9,'2026-01-09 04:56:10'),(1822,1,2.0000,192,11,'2026-01-09 04:56:10'),(1823,1,3.5000,194,20,'2026-01-09 04:56:10'),(1824,1,2.0000,194,15,'2026-01-09 04:56:10'),(1825,1,3.5000,194,20,'2026-01-09 04:56:10'),(1826,1,2.0000,194,15,'2026-01-09 04:56:10'),(1827,1,2.5000,197,13,'2026-01-09 04:56:10'),(1828,1,2.0000,198,19,'2026-01-09 04:56:10'),(1829,1,2.0000,198,17,'2026-01-09 04:56:10'),(1830,1,2.0000,199,11,'2026-01-09 04:56:10'),(1831,1,1.5000,200,16,'2026-01-09 04:56:10'),(1832,1,2.0000,201,15,'2026-01-09 04:56:10'),(1833,1,3.0000,202,9,'2026-01-09 04:56:10'),(1834,1,2.5000,202,10,'2026-01-09 04:56:10'),(1835,1,3.0000,204,14,'2026-01-09 04:56:10'),(1836,1,2.5000,205,12,'2026-01-09 04:56:10'),(1837,1,2.5000,205,10,'2026-01-09 04:56:10'),(1838,1,2.0000,208,15,'2026-01-09 04:56:10'),(1839,1,2.5000,208,18,'2026-01-09 04:56:10'),(1840,1,2.5000,208,18,'2026-01-09 04:56:10'),(1841,1,2.5000,209,10,'2026-01-09 04:56:10'),(1842,1,2.0000,209,15,'2026-01-09 04:56:10'),(1843,1,3.0000,211,14,'2026-01-09 04:56:10'),(1844,1,3.0000,211,14,'2026-01-09 04:56:10'),(1845,1,2.5000,211,12,'2026-01-09 04:56:10'),(1846,1,2.5000,213,12,'2026-01-09 04:56:10'),(1847,1,1.5000,213,16,'2026-01-09 04:56:10'),(1848,1,2.5000,215,12,'2026-01-09 04:56:10'),(1849,1,2.0000,215,15,'2026-01-09 04:56:10'),(1850,1,2.5000,217,12,'2026-01-09 04:56:10'),(1851,1,2.0000,217,17,'2026-01-09 04:56:10'),(1852,1,2.0000,217,15,'2026-01-09 04:56:10'),(1853,1,3.0000,218,14,'2026-01-09 04:56:10'),(1854,1,1.5000,220,16,'2026-01-09 04:56:10'),(1855,1,2.5000,222,13,'2026-01-09 04:56:10'),(1856,1,2.5000,222,10,'2026-01-09 04:56:10'),(1857,1,3.5000,225,20,'2026-01-09 04:56:10'),(1858,1,2.0000,225,11,'2026-01-09 04:56:10'),(1859,1,3.0000,227,9,'2026-01-09 04:56:10'),(1860,1,3.5000,229,20,'2026-01-09 04:56:10'),(1861,1,2.0000,229,15,'2026-01-09 04:56:10'),(1862,1,3.0000,231,9,'2026-01-09 04:56:10'),(1863,1,2.0000,231,11,'2026-01-09 04:56:10'),(1864,1,2.0000,234,19,'2026-01-09 04:56:10'),(1865,1,2.5000,234,10,'2026-01-09 04:56:10'),(1866,1,2.0000,234,15,'2026-01-09 04:56:10'),(1867,1,2.5000,236,10,'2026-01-09 04:56:10'),(1868,1,3.0000,236,9,'2026-01-09 04:56:10'),(1869,1,2.5000,236,13,'2026-01-09 04:56:10'),(1870,1,2.0000,236,19,'2026-01-09 04:56:10'),(1871,1,3.0000,240,14,'2026-01-09 04:56:10'),(1872,1,2.5000,240,18,'2026-01-09 04:56:10'),(1873,1,2.0000,241,11,'2026-01-09 04:56:10'),(1874,1,2.5000,242,10,'2026-01-09 04:56:10'),(1875,1,2.0000,243,11,'2026-01-09 04:56:10'),(1876,1,2.0000,244,15,'2026-01-09 04:56:10'),(1877,1,1.5000,244,16,'2026-01-09 04:56:10'),(1878,1,1.5000,245,16,'2026-01-09 04:56:10'),(1879,1,3.0000,247,14,'2026-01-09 04:56:10'),(1880,1,2.0000,247,19,'2026-01-09 04:56:10'),(1881,1,3.5000,248,20,'2026-01-09 04:56:10'),(1882,1,2.5000,249,12,'2026-01-09 04:56:10'),(1883,1,3.0000,250,14,'2026-01-09 04:56:10'),(1884,1,3.5000,250,20,'2026-01-09 04:56:10'),(1885,1,3.5000,256,20,'2026-01-09 04:56:10'),(1886,1,1.5000,257,16,'2026-01-09 04:56:10'),(1887,1,2.0000,258,11,'2026-01-09 04:56:10'),(1888,1,3.5000,258,20,'2026-01-09 04:56:10'),(1889,1,2.5000,259,13,'2026-01-09 04:56:10'),(1890,1,2.5000,259,13,'2026-01-09 04:56:10'),(1891,1,2.0000,261,19,'2026-01-09 04:56:10'),(1892,1,3.0000,263,14,'2026-01-09 04:56:10'),(1893,1,3.5000,264,20,'2026-01-09 04:56:10'),(1894,1,2.0000,264,11,'2026-01-09 04:56:10'),(1895,1,2.0000,264,15,'2026-01-09 04:56:10'),(1896,1,2.5000,265,10,'2026-01-09 04:56:10'),(1897,1,1.5000,265,16,'2026-01-09 04:56:10'),(1898,1,2.5000,266,12,'2026-01-09 04:56:10'),(1899,1,3.0000,268,14,'2026-01-09 04:56:10'),(1900,1,2.5000,268,12,'2026-01-09 04:56:10'),(1901,1,2.5000,270,13,'2026-01-09 04:56:10'),(1902,1,2.0000,271,19,'2026-01-09 04:56:10'),(1903,1,3.5000,272,20,'2026-01-09 04:56:10'),(1904,1,2.0000,276,15,'2026-01-09 04:56:10'),(1905,1,1.5000,278,16,'2026-01-09 04:56:10'),(1906,1,3.5000,278,20,'2026-01-09 04:56:10'),(1907,1,2.5000,279,13,'2026-01-09 04:56:10'),(1908,1,3.0000,279,14,'2026-01-09 04:56:10'),(1909,1,1.5000,281,16,'2026-01-09 04:56:10'),(1910,1,2.0000,282,11,'2026-01-09 04:56:10'),(1911,1,3.0000,282,9,'2026-01-09 04:56:10'),(1912,1,3.0000,282,9,'2026-01-09 04:56:10'),(1913,1,2.5000,282,13,'2026-01-09 04:56:10'),(1914,1,2.5000,283,12,'2026-01-09 04:56:10'),(1915,1,3.0000,283,14,'2026-01-09 04:56:10'),(1916,1,3.0000,284,14,'2026-01-09 04:56:10'),(1917,1,2.5000,284,18,'2026-01-09 04:56:10'),(1918,1,2.0000,285,19,'2026-01-09 04:56:10'),(1919,1,2.0000,285,17,'2026-01-09 04:56:10'),(1920,1,2.0000,286,15,'2026-01-09 04:56:10'),(1921,1,2.5000,288,10,'2026-01-09 04:56:10'),(1922,1,2.0000,289,15,'2026-01-09 04:56:10'),(1923,1,2.0000,289,15,'2026-01-09 04:56:10'),(1924,1,2.0000,290,15,'2026-01-09 04:56:10'),(1925,1,2.0000,293,19,'2026-01-09 04:56:10'),(1926,1,3.0000,293,9,'2026-01-09 04:56:10'),(1927,1,2.0000,293,11,'2026-01-09 04:56:10'),(1928,1,1.5000,294,16,'2026-01-09 04:56:10'),(1929,1,3.5000,294,20,'2026-01-09 04:56:10'),(1930,1,1.5000,295,16,'2026-01-09 04:56:10'),(1931,1,2.0000,297,19,'2026-01-09 04:56:10'),(1932,1,2.5000,297,10,'2026-01-09 04:56:10'),(1933,1,3.5000,298,20,'2026-01-09 04:56:10'),(1934,1,1.5000,298,16,'2026-01-09 04:56:10'),(1935,1,1.5000,298,16,'2026-01-09 04:56:10'),(1936,1,2.0000,299,19,'2026-01-09 04:56:10'),(1937,1,2.5000,300,12,'2026-01-09 04:56:10'),(1938,1,2.0000,302,19,'2026-01-09 04:56:10'),(1939,1,2.5000,302,18,'2026-01-09 04:56:10'),(1940,1,2.0000,302,15,'2026-01-09 04:56:10'),(1941,1,3.0000,305,14,'2026-01-09 04:56:10'),(1942,1,2.0000,305,19,'2026-01-09 04:56:10'),(1943,1,2.5000,306,10,'2026-01-09 04:56:10'),(1944,1,2.5000,307,12,'2026-01-09 04:56:10'),(1945,1,3.0000,308,9,'2026-01-09 04:56:10'),(1946,1,2.0000,308,15,'2026-01-09 04:56:10'),(1947,1,2.0000,309,17,'2026-01-09 04:56:10'),(1948,1,2.0000,312,17,'2026-01-09 04:56:10'),(1949,1,3.0000,313,9,'2026-01-09 04:56:10'),(1950,1,2.0000,313,11,'2026-01-09 04:56:10'),(1951,1,3.5000,314,20,'2026-01-09 04:56:10'),(1952,1,3.0000,315,9,'2026-01-09 04:56:10'),(1953,1,2.0000,315,19,'2026-01-09 04:56:10'),(1954,1,2.5000,317,18,'2026-01-09 04:56:10'),(1955,1,2.0000,317,19,'2026-01-09 04:56:10'),(1956,1,2.0000,320,15,'2026-01-09 04:56:10'),(1957,1,2.5000,320,13,'2026-01-09 04:56:10'),(1958,1,2.0000,320,19,'2026-01-09 04:56:10'),(1959,1,2.5000,320,10,'2026-01-09 04:56:10'),(1960,1,2.0000,322,15,'2026-01-09 04:56:10'),(1961,1,2.5000,322,18,'2026-01-09 04:56:10'),(1962,1,3.0000,323,14,'2026-01-09 04:56:10'),(1963,1,2.0000,323,11,'2026-01-09 04:56:10'),(1964,1,3.5000,326,20,'2026-01-09 04:56:10'),(1965,1,2.5000,333,12,'2026-01-09 04:56:10'),(1966,1,2.0000,337,19,'2026-01-09 04:56:10'),(1967,1,3.0000,337,9,'2026-01-09 04:56:10'),(1968,1,3.5000,337,20,'2026-01-09 04:56:10'),(1969,1,2.0000,339,17,'2026-01-09 04:56:10'),(1970,1,1.5000,339,16,'2026-01-09 04:56:10'),(1971,1,2.0000,339,19,'2026-01-09 04:56:10'),(1972,1,2.0000,339,17,'2026-01-09 04:56:10'),(1973,1,2.0000,341,15,'2026-01-09 04:56:10'),(1974,1,3.0000,341,14,'2026-01-09 04:56:10'),(1975,1,2.0000,344,15,'2026-01-09 04:56:10'),(1976,1,3.5000,344,20,'2026-01-09 04:56:10'),(1977,1,1.5000,344,16,'2026-01-09 04:56:10'),(1978,1,3.0000,345,9,'2026-01-09 04:56:10'),(1979,1,2.5000,346,13,'2026-01-09 04:56:10'),(1980,1,2.5000,346,12,'2026-01-09 04:56:10'),(1981,1,1.5000,346,16,'2026-01-09 04:56:10'),(1982,1,2.0000,347,11,'2026-01-09 04:56:10'),(1983,1,2.5000,348,12,'2026-01-09 04:56:10'),(1984,1,3.0000,348,14,'2026-01-09 04:56:10'),(1985,1,3.0000,348,9,'2026-01-09 04:56:10'),(1986,1,1.5000,348,16,'2026-01-09 04:56:10'),(1987,1,2.5000,348,13,'2026-01-09 04:56:10'),(1988,1,3.5000,352,20,'2026-01-09 04:56:10'),(1989,1,2.5000,353,13,'2026-01-09 04:56:10'),(1990,1,2.5000,353,13,'2026-01-09 04:56:10'),(1991,1,3.5000,355,20,'2026-01-09 04:56:10'),(1992,1,2.0000,355,19,'2026-01-09 04:56:10'),(1993,1,2.0000,355,19,'2026-01-09 04:56:10'),(1994,1,1.5000,356,16,'2026-01-09 04:56:10'),(1995,1,2.5000,357,18,'2026-01-09 04:56:10'),(1996,1,3.0000,357,9,'2026-01-09 04:56:10'),(1997,1,2.5000,359,10,'2026-01-09 04:56:10'),(1998,1,2.0000,359,17,'2026-01-09 04:56:10'),(1999,1,2.5000,360,12,'2026-01-09 04:56:10'),(2000,1,3.0000,362,14,'2026-01-09 04:56:10'),(2001,1,3.0000,364,9,'2026-01-09 04:56:10'),(2002,1,2.5000,364,13,'2026-01-09 04:56:10'),(2003,1,2.0000,365,11,'2026-01-09 04:56:10'),(2004,1,2.5000,365,10,'2026-01-09 04:56:10'),(2005,1,2.0000,365,11,'2026-01-09 04:56:10'),(2006,1,2.0000,365,11,'2026-01-09 04:56:10'),(2007,1,2.0000,366,19,'2026-01-09 04:56:10'),(2008,1,1.5000,366,16,'2026-01-09 04:56:10'),(2009,1,3.5000,367,20,'2026-01-09 04:56:10'),(2010,1,2.5000,368,10,'2026-01-09 04:56:10'),(2011,1,2.5000,368,12,'2026-01-09 04:56:10'),(2012,1,2.0000,368,17,'2026-01-09 04:56:10'),(2013,1,3.5000,369,20,'2026-01-09 04:56:10'),(2014,1,3.0000,369,14,'2026-01-09 04:56:10'),(2015,1,2.5000,370,12,'2026-01-09 04:56:10'),(2016,1,3.0000,371,14,'2026-01-09 04:56:10'),(2017,1,2.5000,371,18,'2026-01-09 04:56:10'),(2018,1,2.0000,372,17,'2026-01-09 04:56:10'),(2019,1,2.5000,372,10,'2026-01-09 04:56:10'),(2020,1,1.5000,375,16,'2026-01-09 04:56:10'),(2021,1,2.0000,375,19,'2026-01-09 04:56:10'),(2022,1,3.0000,376,14,'2026-01-09 04:56:10'),(2023,1,2.5000,377,10,'2026-01-09 04:56:10'),(2024,1,1.5000,378,16,'2026-01-09 04:56:10'),(2025,1,1.5000,378,16,'2026-01-09 04:56:10'),(2026,1,2.0000,379,11,'2026-01-09 04:56:10'),(2027,1,1.5000,379,16,'2026-01-09 04:56:10'),(2028,1,2.0000,381,17,'2026-01-09 04:56:10'),(2029,1,3.0000,381,14,'2026-01-09 04:56:10'),(2030,1,2.0000,383,15,'2026-01-09 04:56:10'),(2031,1,2.0000,383,19,'2026-01-09 04:56:10'),(2032,1,2.5000,384,18,'2026-01-09 04:56:10'),(2033,1,2.0000,385,19,'2026-01-09 04:56:10'),(2034,1,2.5000,385,13,'2026-01-09 04:56:10'),(2035,1,1.5000,390,16,'2026-01-09 04:56:10'),(2036,1,3.5000,390,20,'2026-01-09 04:56:10'),(2037,1,2.0000,392,15,'2026-01-09 04:56:10'),(2038,1,3.0000,392,9,'2026-01-09 04:56:10'),(2039,1,2.0000,393,17,'2026-01-09 04:56:10'),(2040,1,2.0000,393,17,'2026-01-09 04:56:10'),(2041,1,2.5000,394,18,'2026-01-09 04:56:10'),(2042,1,2.0000,394,15,'2026-01-09 04:56:10'),(2043,1,2.0000,394,19,'2026-01-09 04:56:10'),(2044,1,2.5000,395,10,'2026-01-09 04:56:10'),(2045,1,2.0000,395,15,'2026-01-09 04:56:10'),(2046,1,2.5000,398,18,'2026-01-09 04:56:10'),(2047,1,3.0000,399,9,'2026-01-09 04:56:10'),(2048,1,2.5000,399,12,'2026-01-09 04:56:10'),(2049,1,2.5000,401,12,'2026-01-09 04:56:10'),(2050,1,2.0000,402,19,'2026-01-09 04:56:10'),(2051,1,1.5000,403,16,'2026-01-09 04:56:10'),(2052,1,2.5000,403,12,'2026-01-09 04:56:10'),(2053,1,3.0000,404,14,'2026-01-09 04:56:10'),(2054,1,2.5000,405,18,'2026-01-09 04:56:10'),(2055,1,2.0000,406,17,'2026-01-09 04:56:10'),(2056,1,2.0000,406,19,'2026-01-09 04:56:10'),(2057,1,2.0000,407,19,'2026-01-09 04:56:10'),(2058,1,2.5000,407,10,'2026-01-09 04:56:10'),(2059,1,3.0000,409,9,'2026-01-09 04:56:10'),(2060,1,2.0000,409,19,'2026-01-09 04:56:10'),(2061,1,3.0000,409,9,'2026-01-09 04:56:10'),(2062,1,2.0000,409,17,'2026-01-09 04:56:10'),(2063,1,2.0000,409,19,'2026-01-09 04:56:10'),(2064,1,2.5000,410,10,'2026-01-09 04:56:10'),(2065,1,2.5000,410,13,'2026-01-09 04:56:10'),(2066,1,2.5000,412,12,'2026-01-09 04:56:10'),(2067,1,2.5000,412,18,'2026-01-09 04:56:10'),(2068,1,3.0000,412,9,'2026-01-09 04:56:10'),(2069,1,2.0000,412,15,'2026-01-09 04:56:10'),(2070,1,3.5000,413,20,'2026-01-09 04:56:10'),(2071,1,2.0000,413,11,'2026-01-09 04:56:10'),(2072,1,2.5000,413,12,'2026-01-09 04:56:10'),(2073,1,2.0000,415,11,'2026-01-09 04:56:10'),(2074,1,3.0000,416,9,'2026-01-09 04:56:10'),(2075,1,3.0000,416,14,'2026-01-09 04:56:10'),(2076,1,1.5000,417,16,'2026-01-09 04:56:10'),(2077,1,3.5000,417,20,'2026-01-09 04:56:10'),(2078,1,2.5000,418,18,'2026-01-09 04:56:10'),(2079,1,2.5000,418,18,'2026-01-09 04:56:10'),(2080,1,2.0000,420,15,'2026-01-09 04:56:10'),(2081,1,2.0000,420,11,'2026-01-09 04:56:10'),(2082,1,2.5000,421,12,'2026-01-09 04:56:10'),(2083,1,2.0000,422,17,'2026-01-09 04:56:10'),(2084,1,3.0000,422,14,'2026-01-09 04:56:10'),(2085,1,2.5000,423,13,'2026-01-09 04:56:10'),(2086,1,2.5000,423,10,'2026-01-09 04:56:10'),(2087,1,2.0000,423,11,'2026-01-09 04:56:10'),(2088,1,2.0000,423,17,'2026-01-09 04:56:10'),(2089,1,1.5000,428,16,'2026-01-09 04:56:10'),(2090,1,3.0000,431,9,'2026-01-09 04:56:10'),(2091,1,2.0000,436,11,'2026-01-09 04:56:10'),(2092,1,3.0000,438,14,'2026-01-09 04:56:10'),(2093,1,2.0000,438,15,'2026-01-09 04:56:10'),(2094,1,2.0000,439,17,'2026-01-09 04:56:10'),(2095,1,3.5000,439,20,'2026-01-09 04:56:10'),(2096,1,1.5000,443,16,'2026-01-09 04:56:10'),(2097,1,3.0000,444,14,'2026-01-09 04:56:10'),(2098,1,2.5000,444,18,'2026-01-09 04:56:10'),(2099,1,2.5000,444,10,'2026-01-09 04:56:10'),(2100,1,2.0000,445,19,'2026-01-09 04:56:10'),(2101,1,2.0000,445,19,'2026-01-09 04:56:10'),(2102,1,2.0000,446,11,'2026-01-09 04:56:10'),(2103,1,2.5000,447,18,'2026-01-09 04:56:10'),(2104,1,2.5000,447,10,'2026-01-09 04:56:10'),(2105,1,3.0000,447,9,'2026-01-09 04:56:10'),(2106,1,2.0000,455,19,'2026-01-09 04:56:10'),(2107,1,2.0000,457,19,'2026-01-09 04:56:10'),(2108,1,1.5000,460,16,'2026-01-09 04:56:10'),(2109,1,2.5000,460,18,'2026-01-09 04:56:10'),(2110,1,2.0000,460,19,'2026-01-09 04:56:10'),(2111,1,2.5000,460,12,'2026-01-09 04:56:10'),(2112,1,3.5000,461,20,'2026-01-09 04:56:10'),(2113,1,3.0000,461,14,'2026-01-09 04:56:10'),(2114,1,2.5000,463,13,'2026-01-09 04:56:10'),(2115,1,3.5000,463,20,'2026-01-09 04:56:10'),(2116,1,2.0000,464,11,'2026-01-09 04:56:10'),(2117,1,2.5000,467,12,'2026-01-09 04:56:10'),(2118,1,2.0000,467,11,'2026-01-09 04:56:10'),(2119,1,2.5000,468,12,'2026-01-09 04:56:10'),(2120,1,3.5000,468,20,'2026-01-09 04:56:10'),(2121,1,1.5000,468,16,'2026-01-09 04:56:10'),(2122,1,1.5000,469,16,'2026-01-09 04:56:10'),(2123,1,2.0000,469,19,'2026-01-09 04:56:10'),(2124,1,2.0000,472,11,'2026-01-09 04:56:10'),(2125,1,2.5000,474,13,'2026-01-09 04:56:10'),(2126,1,2.0000,475,11,'2026-01-09 04:56:10'),(2127,1,1.5000,475,16,'2026-01-09 04:56:10'),(2128,1,2.5000,475,10,'2026-01-09 04:56:10'),(2129,1,2.0000,478,17,'2026-01-09 04:56:10'),(2130,1,1.5000,478,16,'2026-01-09 04:56:10'),(2131,1,2.5000,479,13,'2026-01-09 04:56:10'),(2132,1,2.0000,479,11,'2026-01-09 04:56:10'),(2133,1,1.5000,479,16,'2026-01-09 04:56:10'),(2134,1,3.0000,481,14,'2026-01-09 04:56:10'),(2135,1,1.5000,482,16,'2026-01-09 04:56:10'),(2136,1,2.5000,484,10,'2026-01-09 04:56:10'),(2137,1,2.0000,484,19,'2026-01-09 04:56:10'),(2138,1,2.0000,487,15,'2026-01-09 04:56:10'),(2139,1,2.0000,487,11,'2026-01-09 04:56:10'),(2140,1,2.0000,488,11,'2026-01-09 04:56:10'),(2141,1,2.5000,488,13,'2026-01-09 04:56:10'),(2142,1,3.5000,489,20,'2026-01-09 04:56:10'),(2143,1,2.5000,489,18,'2026-01-09 04:56:10'),(2144,1,3.5000,490,20,'2026-01-09 04:56:10'),(2145,1,2.0000,490,19,'2026-01-09 04:56:10'),(2146,1,2.5000,492,12,'2026-01-09 04:56:10'),(2147,1,2.0000,493,11,'2026-01-09 04:56:10'),(2148,1,1.5000,493,16,'2026-01-09 04:56:10'),(2149,1,2.5000,494,18,'2026-01-09 04:56:10'),(2150,1,2.5000,495,18,'2026-01-09 04:56:10'),(2151,1,2.0000,497,15,'2026-01-09 04:56:10'),(2152,1,2.0000,497,15,'2026-01-09 04:56:10'),(2153,1,2.0000,498,17,'2026-01-09 04:56:10'),(2154,1,2.0000,498,17,'2026-01-09 04:56:10'),(2155,1,3.0000,499,9,'2026-01-09 04:56:10'),(2156,1,3.5000,500,20,'2026-01-09 04:56:10'),(2157,1,3.0000,500,9,'2026-01-09 04:56:10'),(2158,1,2.5000,501,12,'2026-01-09 04:56:10'),(2159,1,2.5000,501,13,'2026-01-09 04:56:10'),(2160,1,2.5000,502,18,'2026-01-09 04:56:10'),(2161,1,2.0000,502,11,'2026-01-09 04:56:10'),(2162,1,3.0000,504,14,'2026-01-09 04:56:10'),(2163,1,2.5000,504,13,'2026-01-09 04:56:10'),(2164,1,3.0000,507,14,'2026-01-09 04:56:10'),(2165,1,2.0000,509,19,'2026-01-09 04:56:10'),(2166,1,1.5000,509,16,'2026-01-09 04:56:10'),(2167,1,3.0000,512,14,'2026-01-09 04:56:10'),(2168,1,2.0000,512,11,'2026-01-09 04:56:10'),(2169,1,3.5000,514,20,'2026-01-09 04:56:10'),(2170,1,1.5000,514,16,'2026-01-09 04:56:10'),(2171,1,1.5000,515,16,'2026-01-09 04:56:10'),(2172,1,2.5000,515,13,'2026-01-09 04:56:10'),(2173,1,2.0000,517,15,'2026-01-09 04:56:10'),(2174,1,2.0000,517,15,'2026-01-09 04:56:10'),(2175,1,3.5000,518,20,'2026-01-09 04:56:10'),(2176,1,1.5000,519,16,'2026-01-09 04:56:10'),(2177,1,2.0000,519,17,'2026-01-09 04:56:10'),(2178,1,2.5000,521,13,'2026-01-09 04:56:10'),(2179,1,2.5000,521,12,'2026-01-09 04:56:10'),(2180,1,3.0000,521,9,'2026-01-09 04:56:10'),(2181,1,2.0000,521,11,'2026-01-09 04:56:10'),(2182,1,2.0000,523,15,'2026-01-09 04:56:10'),(2183,1,2.5000,523,10,'2026-01-09 04:56:10'),(2184,1,2.5000,524,12,'2026-01-09 04:56:10'),(2185,1,2.0000,524,11,'2026-01-09 04:56:10'),(2186,1,2.0000,525,11,'2026-01-09 04:56:10'),(2187,1,2.0000,525,19,'2026-01-09 04:56:10'),(2188,1,3.0000,525,14,'2026-01-09 04:56:10'),(2189,1,2.5000,526,10,'2026-01-09 04:56:10'),(2190,1,1.5000,526,16,'2026-01-09 04:56:10'),(2191,1,2.0000,526,15,'2026-01-09 04:56:10'),(2192,1,2.0000,527,11,'2026-01-09 04:56:10'),(2193,1,3.0000,528,14,'2026-01-09 04:56:10'),(2194,1,3.0000,529,14,'2026-01-09 04:56:10'),(2195,1,3.0000,529,9,'2026-01-09 04:56:10'),(2196,1,2.5000,531,10,'2026-01-09 04:56:10'),(2197,1,2.5000,531,10,'2026-01-09 04:56:10'),(2198,1,2.5000,531,13,'2026-01-09 04:56:10'),(2199,1,1.5000,531,16,'2026-01-09 04:56:10'),(2200,1,2.5000,533,13,'2026-01-09 04:56:10'),(2201,1,2.0000,533,15,'2026-01-09 04:56:10'),(2202,1,2.0000,534,11,'2026-01-09 04:56:10'),(2203,1,2.5000,534,12,'2026-01-09 04:56:10'),(2204,1,2.0000,534,15,'2026-01-09 04:56:10'),(2205,1,2.5000,534,18,'2026-01-09 04:56:10'),(2206,1,3.5000,537,20,'2026-01-09 04:56:10'),(2207,1,2.0000,537,15,'2026-01-09 04:56:10'),(2208,1,2.0000,538,17,'2026-01-09 04:56:10'),(2209,1,2.5000,538,18,'2026-01-09 04:56:10'),(2210,1,3.0000,538,9,'2026-01-09 04:56:10'),(2211,1,2.5000,538,18,'2026-01-09 04:56:10'),(2212,1,1.5000,541,16,'2026-01-09 04:56:10'),(2213,1,3.0000,541,14,'2026-01-09 04:56:10'),(2214,1,3.0000,542,14,'2026-01-09 04:56:10'),(2215,1,2.0000,543,15,'2026-01-09 04:56:10'),(2216,1,2.0000,543,11,'2026-01-09 04:56:10'),(2217,1,1.5000,544,16,'2026-01-09 04:56:10'),(2218,1,3.5000,548,20,'2026-01-09 04:56:10'),(2219,1,3.0000,548,9,'2026-01-09 04:56:10');
/*!40000 ALTER TABLE `t_ligne_commande` ENABLE KEYS */;
UNLOCK TABLES;
/*!40103 SET TIME_ZONE=@OLD_TIME_ZONE */;

/*!40101 SET SQL_MODE=@OLD_SQL_MODE */;
/*!40014 SET FOREIGN_KEY_CHECKS=@OLD_FOREIGN_KEY_CHECKS */;
/*!40014 SET UNIQUE_CHECKS=@OLD_UNIQUE_CHECKS */;
/*!40101 SET CHARACTER_SET_CLIENT=@OLD_CHARACTER_SET_CLIENT */;
/*!40101 SET CHARACTER_SET_RESULTS=@OLD_CHARACTER_SET_RESULTS */;
/*!40101 SET COLLATION_CONNECTION=@OLD_COLLATION_CONNECTION */;
/*!40111 SET SQL_NOTES=@OLD_SQL_NOTES */;

-- Dump completed on 2026-01-09  5:05:03
-- MySQL dump 10.13  Distrib 8.0.30, for Linux (x86_64)
--
-- Host: localhost    Database: db_thanospizza
-- ------------------------------------------------------
-- Server version	8.0.30

/*!40101 SET @OLD_CHARACTER_SET_CLIENT=@@CHARACTER_SET_CLIENT */;
/*!40101 SET @OLD_CHARACTER_SET_RESULTS=@@CHARACTER_SET_RESULTS */;
/*!40101 SET @OLD_COLLATION_CONNECTION=@@COLLATION_CONNECTION */;
/*!50503 SET NAMES utf8mb4 */;
/*!40103 SET @OLD_TIME_ZONE=@@TIME_ZONE */;
/*!40103 SET TIME_ZONE='+00:00' */;
/*!40014 SET @OLD_UNIQUE_CHECKS=@@UNIQUE_CHECKS, UNIQUE_CHECKS=0 */;
/*!40014 SET @OLD_FOREIGN_KEY_CHECKS=@@FOREIGN_KEY_CHECKS, FOREIGN_KEY_CHECKS=0 */;
/*!40101 SET @OLD_SQL_MODE=@@SQL_MODE, SQL_MODE='NO_AUTO_VALUE_ON_ZERO' */;
/*!40111 SET @OLD_SQL_NOTES=@@SQL_NOTES, SQL_NOTES=0 */;

--
-- Dumping data for table `t_paiement`
--
-- WHERE:  backup_date >= '2026-01-09 04:35:03'

LOCK TABLES `t_paiement` WRITE;
/*!40000 ALTER TABLE `t_paiement` DISABLE KEYS */;
REPLACE INTO `t_paiement` (`paiement_id`, `mode`, `date_paiement`, `montant_paye`, `commande_fk`, `backup_date`) VALUES (1,'twint','2025-01-15 16:11:00',48.0000,1,'2026-01-09 04:56:10'),(2,'twint','2025-01-15 17:03:00',63.5000,2,'2026-01-09 04:56:10'),(3,'twint','2025-01-15 18:53:00',44.5000,3,'2026-01-09 04:56:10'),(4,'carte','2025-01-15 22:00:00',62.5000,4,'2026-01-09 04:56:10'),(5,'carte','2025-01-15 22:09:00',69.5000,5,'2026-01-09 04:56:10'),(6,'carte','2025-01-15 23:17:00',49.0000,6,'2026-01-09 04:56:10'),(7,'cash','2025-01-16 01:22:00',32.5000,7,'2026-01-09 04:56:10'),(8,'carte','2025-01-16 05:14:00',27.0000,8,'2026-01-09 04:56:10'),(9,'twint','2025-01-16 13:18:00',49.5000,9,'2026-01-09 04:56:10'),(10,'twint','2025-01-16 15:37:00',46.0000,10,'2026-01-09 04:56:10'),(11,'carte','2025-01-16 17:35:00',64.5000,11,'2026-01-09 04:56:10'),(12,'carte','2025-01-16 18:21:00',62.0000,12,'2026-01-09 04:56:10'),(13,'carte','2025-01-16 21:00:00',27.5000,13,'2026-01-09 04:56:10'),(14,'cash','2025-01-16 21:30:00',61.5000,14,'2026-01-09 04:56:10'),(15,'twint','2025-01-16 22:57:00',23.0000,15,'2026-01-09 04:56:10'),(16,'carte','2025-01-16 23:54:00',41.0000,16,'2026-01-09 04:56:10'),(17,'twint','2025-01-17 01:05:00',38.0000,17,'2026-01-09 04:56:10'),(18,'twint','2025-01-17 01:20:00',59.0000,18,'2026-01-09 04:56:10'),(19,'carte','2025-01-17 05:50:00',69.0000,19,'2026-01-09 04:56:10'),(20,'twint','2025-01-17 12:34:00',18.5000,20,'2026-01-09 04:56:10'),(21,'carte','2025-01-17 14:36:00',0.0000,21,'2026-01-09 04:56:10'),(22,'twint','2025-01-17 15:03:00',66.0000,22,'2026-01-09 04:56:10'),(23,'cash','2025-01-17 17:14:00',52.0000,23,'2026-01-09 04:56:10'),(24,'carte','2025-01-18 01:27:00',45.0000,24,'2026-01-09 04:56:10'),(25,'cash','2025-01-18 01:33:00',58.0000,25,'2026-01-09 04:56:10'),(26,'twint','2025-01-18 04:22:00',66.5000,26,'2026-01-09 04:56:10'),(27,'carte','2025-01-18 11:53:00',68.5000,27,'2026-01-09 04:56:10'),(28,'carte','2025-01-18 12:42:00',56.0000,28,'2026-01-09 04:56:10'),(29,'carte','2025-01-18 17:15:00',62.5000,29,'2026-01-09 04:56:10'),(30,'cash','2025-01-18 19:34:00',50.5000,30,'2026-01-09 04:56:10'),(31,'carte','2025-01-19 00:38:00',87.0000,31,'2026-01-09 04:56:10'),(32,'carte','2025-01-19 01:10:00',56.0000,32,'2026-01-09 04:56:10'),(33,'twint','2025-01-19 01:37:00',65.0000,33,'2026-01-09 04:56:10'),(34,'twint','2025-01-19 03:34:00',67.5000,34,'2026-01-09 04:56:10'),(35,'carte','2025-01-19 04:37:00',59.5000,35,'2026-01-09 04:56:10'),(36,'carte','2025-01-19 04:38:00',50.0000,36,'2026-01-09 04:56:10'),(37,'carte','2025-01-19 06:22:00',63.5000,37,'2026-01-09 04:56:10'),(38,'twint','2025-01-19 08:55:00',20.5000,38,'2026-01-09 04:56:10'),(39,'cash','2025-01-19 10:34:00',69.5000,39,'2026-01-09 04:56:10'),(40,'carte','2025-01-19 11:19:00',62.0000,40,'2026-01-09 04:56:10'),(41,'twint','2025-01-19 11:20:00',53.0000,41,'2026-01-09 04:56:10'),(42,'carte','2025-01-19 13:40:00',42.5000,42,'2026-01-09 04:56:10'),(43,'twint','2025-01-19 13:44:00',84.0000,43,'2026-01-09 04:56:10'),(44,'twint','2025-01-19 14:00:00',25.0000,44,'2026-01-09 04:56:10'),(45,'cash','2025-01-19 14:50:00',71.0000,45,'2026-01-09 04:56:10'),(46,'carte','2025-01-19 15:01:00',42.0000,46,'2026-01-09 04:56:10'),(47,'twint','2025-01-19 16:42:00',72.0000,47,'2026-01-09 04:56:10'),(48,'twint','2025-01-19 19:24:00',18.5000,48,'2026-01-09 04:56:10'),(49,'carte','2025-01-19 21:37:00',69.0000,49,'2026-01-09 04:56:10'),(50,'carte','2025-01-19 23:25:00',71.5000,50,'2026-01-09 04:56:10'),(51,'carte','2025-01-19 23:56:00',0.0000,51,'2026-01-09 04:56:10'),(52,'twint','2025-01-20 02:06:00',69.5000,52,'2026-01-09 04:56:10'),(53,'twint','2025-01-20 04:44:00',65.5000,53,'2026-01-09 04:56:10'),(54,'cash','2025-01-20 04:48:00',49.0000,54,'2026-01-09 04:56:10'),(55,'twint','2025-01-20 05:53:00',20.0000,55,'2026-01-09 04:56:10'),(56,'twint','2025-01-20 09:32:00',57.5000,56,'2026-01-09 04:56:10'),(57,'cash','2025-01-20 10:06:00',70.0000,57,'2026-01-09 04:56:10'),(58,'carte','2025-01-20 11:20:00',49.5000,58,'2026-01-09 04:56:10'),(59,'twint','2025-01-20 12:48:00',40.5000,59,'2026-01-09 04:56:10'),(60,'carte','2025-01-20 14:26:00',64.0000,60,'2026-01-09 04:56:10'),(61,'carte','2025-01-20 15:08:00',37.0000,61,'2026-01-09 04:56:10'),(62,'twint','2025-01-20 15:37:00',36.5000,62,'2026-01-09 04:56:10'),(63,'carte','2025-01-20 18:25:00',28.5000,63,'2026-01-09 04:56:10'),(64,'twint','2025-01-20 18:25:00',38.5000,64,'2026-01-09 04:56:10'),(65,'carte','2025-01-20 23:41:00',62.5000,65,'2026-01-09 04:56:10'),(66,'carte','2025-01-20 23:46:00',32.5000,66,'2026-01-09 04:56:10'),(67,'carte','2025-01-21 00:05:00',73.0000,67,'2026-01-09 04:56:10'),(68,'cash','2025-01-21 01:05:00',21.5000,68,'2026-01-09 04:56:10'),(69,'cash','2025-01-21 02:13:00',33.0000,69,'2026-01-09 04:56:10'),(70,'carte','2025-01-21 03:15:00',58.0000,70,'2026-01-09 04:56:10'),(71,'carte','2025-01-21 04:19:00',18.0000,71,'2026-01-09 04:56:10'),(72,'carte','2025-01-21 21:22:00',39.0000,72,'2026-01-09 04:56:10'),(73,'carte','2025-01-21 23:03:00',65.0000,73,'2026-01-09 04:56:10'),(74,'twint','2025-01-22 00:51:00',42.0000,74,'2026-01-09 04:56:10'),(75,'twint','2025-01-22 01:35:00',25.0000,75,'2026-01-09 04:56:10'),(76,'carte','2025-01-22 02:04:00',27.0000,76,'2026-01-09 04:56:10'),(77,'cash','2025-01-22 03:37:00',26.0000,77,'2026-01-09 04:56:10'),(78,'cash','2025-01-22 04:45:00',57.5000,78,'2026-01-09 04:56:10'),(79,'carte','2025-01-22 05:09:00',14.0000,79,'2026-01-09 04:56:10'),(80,'cash','2025-01-22 06:03:00',39.0000,80,'2026-01-09 04:56:10'),(81,'cash','2025-01-22 06:27:00',63.0000,81,'2026-01-09 04:56:10'),(82,'carte','2025-01-22 07:41:00',44.5000,82,'2026-01-09 04:56:10'),(83,'twint','2025-01-22 08:03:00',68.0000,83,'2026-01-09 04:56:10'),(84,'carte','2025-01-22 10:59:00',0.0000,84,'2026-01-09 04:56:10'),(85,'carte','2025-01-22 13:01:00',47.5000,85,'2026-01-09 04:56:10'),(86,'cash','2025-01-22 18:37:00',31.0000,86,'2026-01-09 04:56:10'),(87,'carte','2025-01-22 22:35:00',65.0000,87,'2026-01-09 04:56:10'),(88,'carte','2025-01-22 22:40:00',46.5000,88,'2026-01-09 04:56:10'),(89,'carte','2025-01-22 22:44:00',20.0000,89,'2026-01-09 04:56:10'),(90,'carte','2025-01-23 05:34:00',20.0000,90,'2026-01-09 04:56:10'),(91,'carte','2025-01-23 08:16:00',62.5000,91,'2026-01-09 04:56:10'),(92,'carte','2025-01-23 10:29:00',75.0000,92,'2026-01-09 04:56:10'),(93,'cash','2025-01-23 12:47:00',47.5000,93,'2026-01-09 04:56:10'),(94,'carte','2025-01-23 13:24:00',20.5000,94,'2026-01-09 04:56:10'),(95,'twint','2025-01-23 13:48:00',64.0000,95,'2026-01-09 04:56:10'),(96,'carte','2025-01-23 13:51:00',32.0000,96,'2026-01-09 04:56:10'),(97,'cash','2025-01-23 16:29:00',18.0000,97,'2026-01-09 04:56:10'),(98,'twint','2025-01-23 16:34:00',47.5000,98,'2026-01-09 04:56:10'),(99,'cash','2025-01-23 18:40:00',68.0000,99,'2026-01-09 04:56:10'),(100,'carte','2025-01-23 20:00:00',79.5000,100,'2026-01-09 04:56:10'),(101,'twint','2025-01-23 20:49:00',62.5000,101,'2026-01-09 04:56:10'),(102,'carte','2025-01-23 22:15:00',42.0000,102,'2026-01-09 04:56:10'),(103,'carte','2025-01-24 01:57:00',59.5000,103,'2026-01-09 04:56:10'),(104,'twint','2025-01-24 03:57:00',92.0000,104,'2026-01-09 04:56:10'),(105,'twint','2025-01-24 04:37:00',0.0000,105,'2026-01-09 04:56:10'),(106,'carte','2025-01-24 08:15:00',47.5000,106,'2026-01-09 04:56:10'),(107,'carte','2025-01-24 09:54:00',63.5000,107,'2026-01-09 04:56:10'),(108,'twint','2025-01-24 11:24:00',50.5000,108,'2026-01-09 04:56:10'),(109,'twint','2025-01-24 11:25:00',53.5000,109,'2026-01-09 04:56:10'),(110,'twint','2025-01-24 12:09:00',44.0000,110,'2026-01-09 04:56:10'),(111,'cash','2025-01-24 12:49:00',64.5000,111,'2026-01-09 04:56:10'),(112,'twint','2025-01-24 12:59:00',46.5000,112,'2026-01-09 04:56:10'),(113,'twint','2025-01-24 13:19:00',45.5000,113,'2026-01-09 04:56:10'),(114,'carte','2025-01-24 22:20:00',49.0000,114,'2026-01-09 04:56:10'),(115,'carte','2025-01-24 22:49:00',65.5000,115,'2026-01-09 04:56:10'),(116,'carte','2025-01-25 00:36:00',69.5000,116,'2026-01-09 04:56:10'),(117,'twint','2025-01-25 00:53:00',47.5000,117,'2026-01-09 04:56:10'),(118,'carte','2025-01-25 03:47:00',20.0000,118,'2026-01-09 04:56:10'),(119,'carte','2025-01-25 05:00:00',56.5000,119,'2026-01-09 04:56:10'),(120,'twint','2025-01-25 10:45:00',41.0000,120,'2026-01-09 04:56:10'),(121,'twint','2025-01-25 12:01:00',54.5000,121,'2026-01-09 04:56:10'),(122,'carte','2025-01-25 12:21:00',51.0000,122,'2026-01-09 04:56:10'),(123,'twint','2025-01-25 15:15:00',77.5000,123,'2026-01-09 04:56:10'),(124,'twint','2025-01-25 17:19:00',64.0000,124,'2026-01-09 04:56:10'),(125,'twint','2025-01-25 21:15:00',76.0000,125,'2026-01-09 04:56:10'),(126,'carte','2025-01-26 03:56:00',37.0000,126,'2026-01-09 04:56:10'),(127,'carte','2025-01-26 04:31:00',70.0000,127,'2026-01-09 04:56:10'),(128,'carte','2025-01-26 05:39:00',45.5000,128,'2026-01-09 04:56:10'),(129,'twint','2025-01-26 08:57:00',43.5000,129,'2026-01-09 04:56:10'),(130,'carte','2025-01-26 10:08:00',50.5000,130,'2026-01-09 04:56:10'),(131,'carte','2025-01-26 12:48:00',38.5000,131,'2026-01-09 04:56:10'),(132,'carte','2025-01-26 14:41:00',44.0000,132,'2026-01-09 04:56:10'),(133,'carte','2025-01-26 17:07:00',57.5000,133,'2026-01-09 04:56:10'),(134,'carte','2025-01-26 17:28:00',20.0000,134,'2026-01-09 04:56:10'),(135,'twint','2025-01-27 00:57:00',29.5000,135,'2026-01-09 04:56:10'),(136,'twint','2025-01-27 03:10:00',61.0000,136,'2026-01-09 04:56:10'),(137,'carte','2025-01-27 04:58:00',47.5000,137,'2026-01-09 04:56:10'),(138,'cash','2025-01-27 05:26:00',22.5000,138,'2026-01-09 04:56:10'),(139,'twint','2025-01-27 05:48:00',66.5000,139,'2026-01-09 04:56:10'),(140,'twint','2025-01-27 06:21:00',88.0000,140,'2026-01-09 04:56:10'),(141,'twint','2025-01-27 07:10:00',57.0000,141,'2026-01-09 04:56:10'),(142,'twint','2025-01-27 10:08:00',44.5000,142,'2026-01-09 04:56:10'),(143,'twint','2025-01-27 10:17:00',41.0000,143,'2026-01-09 04:56:10'),(144,'twint','2025-01-27 12:12:00',38.5000,144,'2026-01-09 04:56:10'),(145,'cash','2025-01-27 16:15:00',61.0000,145,'2026-01-09 04:56:10'),(146,'cash','2025-01-27 17:23:00',69.0000,146,'2026-01-09 04:56:10'),(147,'twint','2025-01-28 00:27:00',52.0000,147,'2026-01-09 04:56:10'),(148,'twint','2025-01-28 04:39:00',83.0000,148,'2026-01-09 04:56:10'),(149,'twint','2025-01-28 11:12:00',63.5000,149,'2026-01-09 04:56:10'),(150,'twint','2025-01-28 11:42:00',24.0000,150,'2026-01-09 04:56:10'),(151,'twint','2025-01-28 12:18:00',66.0000,151,'2026-01-09 04:56:10'),(152,'carte','2025-01-28 13:18:00',36.0000,152,'2026-01-09 04:56:10'),(153,'carte','2025-01-28 14:50:00',60.0000,153,'2026-01-09 04:56:10'),(154,'cash','2025-01-28 17:26:00',42.5000,154,'2026-01-09 04:56:10'),(155,'cash','2025-01-28 19:13:00',27.0000,155,'2026-01-09 04:56:10'),(156,'carte','2025-01-28 20:31:00',74.5000,156,'2026-01-09 04:56:10'),(157,'carte','2025-01-28 23:17:00',45.0000,157,'2026-01-09 04:56:10'),(158,'twint','2025-01-29 01:34:00',58.0000,158,'2026-01-09 04:56:10'),(159,'twint','2025-01-29 01:39:00',43.5000,159,'2026-01-09 04:56:10'),(160,'carte','2025-01-29 11:19:00',26.0000,160,'2026-01-09 04:56:10'),(161,'carte','2025-01-29 11:31:00',21.0000,161,'2026-01-09 04:56:10'),(162,'twint','2025-01-29 14:25:00',87.0000,162,'2026-01-09 04:56:10'),(163,'carte','2025-01-29 14:33:00',35.0000,163,'2026-01-09 04:56:10'),(164,'carte','2025-01-29 15:01:00',28.5000,164,'2026-01-09 04:56:10'),(165,'carte','2025-01-29 15:18:00',0.0000,165,'2026-01-09 04:56:10'),(166,'carte','2025-01-29 19:08:00',58.0000,166,'2026-01-09 04:56:10'),(167,'cash','2025-01-29 19:12:00',40.5000,167,'2026-01-09 04:56:10'),(168,'twint','2025-01-29 21:32:00',41.0000,168,'2026-01-09 04:56:10'),(169,'twint','2025-01-29 23:40:00',55.0000,169,'2026-01-09 04:56:10'),(170,'carte','2025-01-30 00:14:00',59.5000,170,'2026-01-09 04:56:10'),(171,'carte','2025-01-30 00:29:00',48.5000,171,'2026-01-09 04:56:10'),(172,'twint','2025-01-30 00:49:00',44.5000,172,'2026-01-09 04:56:10'),(173,'carte','2025-01-30 01:01:00',81.0000,173,'2026-01-09 04:56:10'),(174,'twint','2025-01-30 01:50:00',83.5000,174,'2026-01-09 04:56:10'),(175,'carte','2025-01-30 03:49:00',76.5000,175,'2026-01-09 04:56:10'),(176,'carte','2025-01-30 05:57:00',0.0000,176,'2026-01-09 04:56:10'),(177,'carte','2025-01-30 06:47:00',33.5000,177,'2026-01-09 04:56:10'),(178,'twint','2025-01-30 10:09:00',71.5000,178,'2026-01-09 04:56:10'),(179,'twint','2025-01-30 14:22:00',99.0000,179,'2026-01-09 04:56:10'),(180,'twint','2025-01-30 15:53:00',49.0000,180,'2026-01-09 04:56:10'),(181,'cash','2025-01-30 16:08:00',82.0000,181,'2026-01-09 04:56:10'),(182,'cash','2025-01-30 17:03:00',22.0000,182,'2026-01-09 04:56:10'),(183,'carte','2025-01-30 17:24:00',0.0000,183,'2026-01-09 04:56:10'),(184,'carte','2025-01-30 17:30:00',38.5000,184,'2026-01-09 04:56:10'),(185,'carte','2025-01-30 19:57:00',55.0000,185,'2026-01-09 04:56:10'),(186,'carte','2025-01-30 22:33:00',50.0000,186,'2026-01-09 04:56:10'),(187,'twint','2025-01-30 22:49:00',46.0000,187,'2026-01-09 04:56:10'),(188,'twint','2025-01-31 00:36:00',43.0000,188,'2026-01-09 04:56:10'),(189,'twint','2025-01-31 04:59:00',45.5000,189,'2026-01-09 04:56:10'),(190,'carte','2025-01-31 06:41:00',51.0000,190,'2026-01-09 04:56:10'),(191,'carte','2025-01-31 06:47:00',47.0000,191,'2026-01-09 04:56:10'),(192,'carte','2025-01-31 07:15:00',31.5000,192,'2026-01-09 04:56:10'),(193,'carte','2025-01-31 10:56:00',56.0000,193,'2026-01-09 04:56:10'),(194,'twint','2025-01-31 12:37:00',95.0000,194,'2026-01-09 04:56:10'),(195,'twint','2025-01-31 12:57:00',44.5000,195,'2026-01-09 04:56:10'),(196,'carte','2025-01-31 13:20:00',40.5000,196,'2026-01-09 04:56:10'),(197,'twint','2025-01-31 13:29:00',47.0000,197,'2026-01-09 04:56:10'),(198,'twint','2025-01-31 14:03:00',66.5000,198,'2026-01-09 04:56:10'),(199,'cash','2025-01-31 16:59:00',44.0000,199,'2026-01-09 04:56:10'),(200,'cash','2025-01-31 23:49:00',41.5000,200,'2026-01-09 04:56:10'),(201,'twint','2025-02-01 02:42:00',68.0000,201,'2026-01-09 04:56:10'),(202,'twint','2025-02-01 02:42:00',28.0000,202,'2026-01-09 04:56:10'),(203,'cash','2025-02-01 04:54:00',84.0000,203,'2026-01-09 04:56:10'),(204,'carte','2025-02-01 05:57:00',30.5000,204,'2026-01-09 04:56:10'),(205,'twint','2025-02-01 08:21:00',43.5000,205,'2026-01-09 04:56:10'),(206,'twint','2025-02-01 08:47:00',62.0000,206,'2026-01-09 04:56:10'),(207,'carte','2025-02-01 08:49:00',36.5000,207,'2026-01-09 04:56:10'),(208,'twint','2025-02-01 13:05:00',69.5000,208,'2026-01-09 04:56:10'),(209,'twint','2025-02-01 15:20:00',22.5000,209,'2026-01-09 04:56:10'),(210,'carte','2025-02-01 16:36:00',60.0000,210,'2026-01-09 04:56:10'),(211,'twint','2025-02-01 17:33:00',71.0000,211,'2026-01-09 04:56:10'),(212,'twint','2025-02-01 21:18:00',23.5000,212,'2026-01-09 04:56:10'),(213,'twint','2025-02-01 21:06:00',24.0000,213,'2026-01-09 04:56:10'),(214,'twint','2025-02-01 22:20:00',0.0000,214,'2026-01-09 04:56:10'),(215,'carte','2025-02-01 23:14:00',25.5000,215,'2026-01-09 04:56:10'),(216,'cash','2025-02-01 23:44:00',69.0000,216,'2026-01-09 04:56:10'),(217,'twint','2025-02-02 04:16:00',55.0000,217,'2026-01-09 04:56:10'),(218,'cash','2025-02-02 05:10:00',23.5000,218,'2026-01-09 04:56:10'),(219,'twint','2025-02-02 13:55:00',43.0000,219,'2026-01-09 04:56:10'),(220,'carte','2025-02-02 14:52:00',58.5000,220,'2026-01-09 04:56:10'),(221,'twint','2025-02-02 16:24:00',51.0000,221,'2026-01-09 04:56:10'),(222,'carte','2025-02-02 17:08:00',62.0000,222,'2026-01-09 04:56:10'),(223,'carte','2025-02-02 18:13:00',19.0000,223,'2026-01-09 04:56:10'),(224,'carte','2025-02-02 18:26:00',24.5000,224,'2026-01-09 04:56:10'),(225,'twint','2025-02-02 20:52:00',29.5000,225,'2026-01-09 04:56:10'),(226,'cash','2025-02-02 21:36:00',14.0000,226,'2026-01-09 04:56:10'),(227,'carte','2025-02-02 21:43:00',55.0000,227,'2026-01-09 04:56:10'),(228,'twint','2025-02-02 21:49:00',69.0000,228,'2026-01-09 04:56:10'),(229,'twint','2025-02-02 22:35:00',60.5000,229,'2026-01-09 04:56:10'),(230,'cash','2025-02-03 02:03:00',32.5000,230,'2026-01-09 04:56:10'),(231,'cash','2025-02-03 02:12:00',68.5000,231,'2026-01-09 04:56:10'),(232,'carte','2025-02-03 02:19:00',40.5000,232,'2026-01-09 04:56:10'),(233,'carte','2025-02-03 03:50:00',61.0000,233,'2026-01-09 04:56:10'),(234,'twint','2025-02-03 06:49:00',47.5000,234,'2026-01-09 04:56:10'),(235,'carte','2025-02-03 07:35:00',18.5000,235,'2026-01-09 04:56:10'),(236,'twint','2025-02-03 07:47:00',43.5000,236,'2026-01-09 04:56:10'),(237,'carte','2025-02-03 08:01:00',23.0000,237,'2026-01-09 04:56:10'),(238,'twint','2025-02-03 08:24:00',58.5000,238,'2026-01-09 04:56:10'),(239,'carte','2025-02-03 08:56:00',44.5000,239,'2026-01-09 04:56:10'),(240,'cash','2025-02-03 10:42:00',49.5000,240,'2026-01-09 04:56:10'),(241,'carte','2025-02-03 12:20:00',62.5000,241,'2026-01-09 04:56:10'),(242,'twint','2025-02-03 12:48:00',36.5000,242,'2026-01-09 04:56:10'),(243,'carte','2025-02-03 15:53:00',34.0000,243,'2026-01-09 04:56:10'),(244,'cash','2025-02-03 16:00:00',61.5000,244,'2026-01-09 04:56:10'),(245,'twint','2025-02-03 17:11:00',76.0000,245,'2026-01-09 04:56:10'),(246,'carte','2025-02-03 18:58:00',19.5000,246,'2026-01-09 04:56:10'),(247,'twint','2025-02-03 19:02:00',68.5000,247,'2026-01-09 04:56:10'),(248,'carte','2025-02-03 20:35:00',65.0000,248,'2026-01-09 04:56:10'),(249,'carte','2025-02-03 21:58:00',22.0000,249,'2026-01-09 04:56:10'),(250,'carte','2025-02-04 02:54:00',38.5000,250,'2026-01-09 04:56:10'),(251,'twint','2025-02-04 03:11:00',37.0000,251,'2026-01-09 04:56:10'),(252,'carte','2025-02-04 06:24:00',17.0000,252,'2026-01-09 04:56:10'),(253,'twint','2025-02-04 07:40:00',42.0000,253,'2026-01-09 04:56:10'),(254,'cash','2025-02-04 07:41:00',27.5000,254,'2026-01-09 04:56:10'),(255,'carte','2025-02-04 13:07:00',27.0000,255,'2026-01-09 04:56:10'),(256,'carte','2025-02-04 15:14:00',24.5000,256,'2026-01-09 04:56:10'),(257,'carte','2025-02-04 15:38:00',51.5000,257,'2026-01-09 04:56:10'),(258,'twint','2025-02-04 18:17:00',55.0000,258,'2026-01-09 04:56:10'),(259,'twint','2025-02-04 18:21:00',53.0000,259,'2026-01-09 04:56:10'),(260,'carte','2025-02-04 21:37:00',57.5000,260,'2026-01-09 04:56:10'),(261,'carte','2025-02-04 23:52:00',39.5000,261,'2026-01-09 04:56:10'),(262,'carte','2025-02-04 23:58:00',51.0000,262,'2026-01-09 04:56:10'),(263,'twint','2025-02-05 03:45:00',42.5000,263,'2026-01-09 04:56:10'),(264,'twint','2025-02-05 07:27:00',61.5000,264,'2026-01-09 04:56:10'),(265,'twint','2025-02-05 08:31:00',31.0000,265,'2026-01-09 04:56:10'),(266,'twint','2025-02-05 08:42:00',40.0000,266,'2026-01-09 04:56:10'),(267,'carte','2025-02-05 09:07:00',73.5000,267,'2026-01-09 04:56:10'),(268,'twint','2025-02-05 10:08:00',48.0000,268,'2026-01-09 04:56:10'),(269,'cash','2025-02-05 10:28:00',25.5000,269,'2026-01-09 04:56:10'),(270,'twint','2025-02-05 12:32:00',37.0000,270,'2026-01-09 04:56:10'),(271,'twint','2025-02-05 13:26:00',40.0000,271,'2026-01-09 04:56:10'),(272,'carte','2025-02-05 16:14:00',76.5000,272,'2026-01-09 04:56:10'),(273,'twint','2025-02-05 17:30:00',58.0000,273,'2026-01-09 04:56:10'),(274,'carte','2025-02-05 17:50:00',26.5000,274,'2026-01-09 04:56:10'),(275,'carte','2025-02-05 19:53:00',8.5000,275,'2026-01-09 04:56:10'),(276,'twint','2025-02-06 00:07:00',41.0000,276,'2026-01-09 04:56:10'),(277,'twint','2025-02-06 01:09:00',56.5000,277,'2026-01-09 04:56:10'),(278,'carte','2025-02-06 02:22:00',92.0000,278,'2026-01-09 04:56:10'),(279,'carte','2025-02-06 05:56:00',45.5000,279,'2026-01-09 04:56:10'),(280,'carte','2025-02-06 06:12:00',26.5000,280,'2026-01-09 04:56:10'),(281,'twint','2025-02-06 06:47:00',35.5000,281,'2026-01-09 04:56:10'),(282,'carte','2025-02-06 07:55:00',99.5000,282,'2026-01-09 04:56:10'),(283,'cash','2025-02-06 08:27:00',43.5000,283,'2026-01-09 04:56:10'),(284,'twint','2025-02-06 10:08:00',87.5000,284,'2026-01-09 04:56:10'),(285,'carte','2025-02-06 13:30:00',49.0000,285,'2026-01-09 04:56:10'),(286,'cash','2025-02-06 16:05:00',24.0000,286,'2026-01-09 04:56:10'),(287,'carte','2025-02-06 16:26:00',57.0000,287,'2026-01-09 04:56:10'),(288,'cash','2025-02-06 16:26:00',44.5000,288,'2026-01-09 04:56:10'),(289,'twint','2025-02-06 20:49:00',39.0000,289,'2026-01-09 04:56:10'),(290,'twint','2025-02-06 21:19:00',22.5000,290,'2026-01-09 04:56:10'),(291,'carte','2025-02-06 22:30:00',22.5000,291,'2026-01-09 04:56:10'),(292,'carte','2025-02-07 12:59:00',0.0000,292,'2026-01-09 04:56:10'),(293,'twint','2025-02-07 13:35:00',56.5000,293,'2026-01-09 04:56:10'),(294,'twint','2025-02-07 13:46:00',86.0000,294,'2026-01-09 04:56:10'),(295,'cash','2025-02-07 17:05:00',26.0000,295,'2026-01-09 04:56:10'),(296,'carte','2025-02-07 17:20:00',0.0000,296,'2026-01-09 04:56:10'),(297,'twint','2025-02-07 21:28:00',47.0000,297,'2026-01-09 04:56:10'),(298,'carte','2025-02-07 21:38:00',69.0000,298,'2026-01-09 04:56:10'),(299,'carte','2025-02-07 23:10:00',74.0000,299,'2026-01-09 04:56:10'),(300,'cash','2025-02-07 23:36:00',36.5000,300,'2026-01-09 04:56:10'),(301,'carte','2025-02-08 02:00:00',40.0000,301,'2026-01-09 04:56:10'),(302,'twint','2025-02-08 04:22:00',63.5000,302,'2026-01-09 04:56:10'),(303,'cash','2025-02-08 05:17:00',20.0000,303,'2026-01-09 04:56:10'),(304,'carte','2025-02-08 05:28:00',14.0000,304,'2026-01-09 04:56:10'),(305,'carte','2025-02-08 06:35:00',86.0000,305,'2026-01-09 04:56:10'),(306,'twint','2025-02-08 07:03:00',59.5000,306,'2026-01-09 04:56:10'),(307,'cash','2025-02-08 07:54:00',48.0000,307,'2026-01-09 04:56:10'),(308,'carte','2025-02-08 09:31:00',53.0000,308,'2026-01-09 04:56:10'),(309,'carte','2025-02-08 11:40:00',78.0000,309,'2026-01-09 04:56:10'),(310,'carte','2025-02-08 12:39:00',58.5000,310,'2026-01-09 04:56:10'),(311,'cash','2025-02-08 16:43:00',45.0000,311,'2026-01-09 04:56:10'),(312,'cash','2025-02-08 17:22:00',43.5000,312,'2026-01-09 04:56:10'),(313,'carte','2025-02-08 18:05:00',68.5000,313,'2026-01-09 04:56:10'),(314,'cash','2025-02-08 18:27:00',80.0000,314,'2026-01-09 04:56:10'),(315,'carte','2025-02-08 23:52:00',58.0000,315,'2026-01-09 04:56:10'),(316,'twint','2025-02-09 01:14:00',39.5000,316,'2026-01-09 04:56:10'),(317,'carte','2025-02-09 05:58:00',42.0000,317,'2026-01-09 04:56:10'),(318,'twint','2025-02-09 06:09:00',33.5000,318,'2026-01-09 04:56:10'),(319,'carte','2025-02-09 08:02:00',33.0000,319,'2026-01-09 04:56:10'),(320,'carte','2025-02-09 12:10:00',59.0000,320,'2026-01-09 04:56:10'),(321,'carte','2025-02-09 15:26:00',19.5000,321,'2026-01-09 04:56:10'),(322,'carte','2025-02-09 18:07:00',22.5000,322,'2026-01-09 04:56:10'),(323,'carte','2025-02-09 18:08:00',65.0000,323,'2026-01-09 04:56:10'),(324,'cash','2025-02-10 01:49:00',22.0000,324,'2026-01-09 04:56:10'),(325,'cash','2025-02-10 02:21:00',43.0000,325,'2026-01-09 04:56:10'),(326,'carte','2025-02-10 09:34:00',67.5000,326,'2026-01-09 04:56:10'),(327,'carte','2025-02-10 12:31:00',67.0000,327,'2026-01-09 04:56:10'),(328,'carte','2025-02-10 12:32:00',43.5000,328,'2026-01-09 04:56:10'),(329,'carte','2025-02-10 13:05:00',36.0000,329,'2026-01-09 04:56:10'),(330,'carte','2025-02-10 13:21:00',25.0000,330,'2026-01-09 04:56:10'),(331,'twint','2025-02-10 16:48:00',68.0000,331,'2026-01-09 04:56:10'),(332,'carte','2025-02-10 19:40:00',32.0000,332,'2026-01-09 04:56:10'),(333,'carte','2025-02-10 20:23:00',24.5000,333,'2026-01-09 04:56:10'),(334,'carte','2025-02-10 22:42:00',53.0000,334,'2026-01-09 04:56:10'),(335,'twint','2025-02-11 03:54:00',0.0000,335,'2026-01-09 04:56:10'),(336,'carte','2025-02-11 06:01:00',37.5000,336,'2026-01-09 04:56:10'),(337,'carte','2025-02-11 06:56:00',64.0000,337,'2026-01-09 04:56:10'),(338,'cash','2025-02-11 07:20:00',17.0000,338,'2026-01-09 04:56:10'),(339,'carte','2025-02-11 08:42:00',62.5000,339,'2026-01-09 04:56:10'),(340,'cash','2025-02-11 09:19:00',18.0000,340,'2026-01-09 04:56:10'),(341,'twint','2025-02-11 09:31:00',68.5000,341,'2026-01-09 04:56:10'),(342,'carte','2025-02-11 11:56:00',20.0000,342,'2026-01-09 04:56:10'),(343,'cash','2025-02-11 13:06:00',76.0000,343,'2026-01-09 04:56:10'),(344,'twint','2025-02-11 14:54:00',57.0000,344,'2026-01-09 04:56:10'),(345,'twint','2025-02-11 15:16:00',42.5000,345,'2026-01-09 04:56:10'),(346,'carte','2025-02-11 17:17:00',45.5000,346,'2026-01-09 04:56:10'),(347,'carte','2025-02-11 19:11:00',49.5000,347,'2026-01-09 04:56:10'),(348,'twint','2025-02-11 19:32:00',76.0000,348,'2026-01-09 04:56:10'),(349,'twint','2025-02-11 19:56:00',46.0000,349,'2026-01-09 04:56:10'),(350,'twint','2025-02-11 20:03:00',58.0000,350,'2026-01-09 04:56:10'),(351,'twint','2025-02-11 21:44:00',19.0000,351,'2026-01-09 04:56:10'),(352,'carte','2025-02-11 22:16:00',42.5000,352,'2026-01-09 04:56:10'),(353,'carte','2025-02-11 23:14:00',95.0000,353,'2026-01-09 04:56:10'),(354,'carte','2025-02-11 23:21:00',25.0000,354,'2026-01-09 04:56:10'),(355,'twint','2025-02-12 05:22:00',47.5000,355,'2026-01-09 04:56:10'),(356,'twint','2025-02-12 08:41:00',66.5000,356,'2026-01-09 04:56:10'),(357,'twint','2025-02-12 09:11:00',53.0000,357,'2026-01-09 04:56:10'),(358,'cash','2025-02-12 09:56:00',52.5000,358,'2026-01-09 04:56:10'),(359,'twint','2025-02-12 11:39:00',40.5000,359,'2026-01-09 04:56:10'),(360,'twint','2025-02-12 15:21:00',70.0000,360,'2026-01-09 04:56:10'),(361,'carte','2025-02-12 17:21:00',43.5000,361,'2026-01-09 04:56:10'),(362,'carte','2025-02-12 21:35:00',68.5000,362,'2026-01-09 04:56:10'),(363,'carte','2025-02-12 22:54:00',38.5000,363,'2026-01-09 04:56:10'),(364,'twint','2025-02-12 22:56:00',66.5000,364,'2026-01-09 04:56:10'),(365,'carte','2025-02-13 00:45:00',90.0000,365,'2026-01-09 04:56:10'),(366,'carte','2025-02-13 02:35:00',28.5000,366,'2026-01-09 04:56:10'),(367,'carte','2025-02-13 04:58:00',46.0000,367,'2026-01-09 04:56:10'),(368,'carte','2025-02-13 04:59:00',83.0000,368,'2026-01-09 04:56:10'),(369,'carte','2025-02-13 06:50:00',46.0000,369,'2026-01-09 04:56:10'),(370,'carte','2025-02-13 06:51:00',54.5000,370,'2026-01-09 04:56:10'),(371,'cash','2025-02-13 07:31:00',24.5000,371,'2026-01-09 04:56:10'),(372,'twint','2025-02-13 08:56:00',49.5000,372,'2026-01-09 04:56:10'),(373,'carte','2025-02-13 09:53:00',23.5000,373,'2026-01-09 04:56:10'),(374,'carte','2025-02-13 10:28:00',43.5000,374,'2026-01-09 04:56:10'),(375,'cash','2025-02-13 10:31:00',83.5000,375,'2026-01-09 04:56:10'),(376,'carte','2025-02-13 11:38:00',50.5000,376,'2026-01-09 04:56:10'),(377,'carte','2025-02-13 11:46:00',28.0000,377,'2026-01-09 04:56:10'),(378,'cash','2025-02-13 17:47:00',41.5000,378,'2026-01-09 04:56:10'),(379,'twint','2025-02-13 20:04:00',68.0000,379,'2026-01-09 04:56:10'),(380,'twint','2025-02-14 03:13:00',40.0000,380,'2026-01-09 04:56:10'),(381,'carte','2025-02-14 04:49:00',56.5000,381,'2026-01-09 04:56:10'),(382,'twint','2025-02-14 06:12:00',23.0000,382,'2026-01-09 04:56:10'),(383,'twint','2025-02-14 06:29:00',84.0000,383,'2026-01-09 04:56:10'),(384,'twint','2025-02-14 06:55:00',81.0000,384,'2026-01-09 04:56:10'),(385,'twint','2025-02-14 09:28:00',66.0000,385,'2026-01-09 04:56:10'),(386,'twint','2025-02-14 10:16:00',52.0000,386,'2026-01-09 04:56:10'),(387,'twint','2025-02-14 11:44:00',30.0000,387,'2026-01-09 04:56:10'),(388,'carte','2025-02-14 12:39:00',52.5000,388,'2026-01-09 04:56:10'),(389,'carte','2025-02-14 13:34:00',80.5000,389,'2026-01-09 04:56:10'),(390,'twint','2025-02-14 19:01:00',43.5000,390,'2026-01-09 04:56:10'),(391,'carte','2025-02-15 00:43:00',39.5000,391,'2026-01-09 04:56:10'),(392,'carte','2025-02-15 04:23:00',26.0000,392,'2026-01-09 04:56:10'),(393,'cash','2025-02-15 04:53:00',77.0000,393,'2026-01-09 04:56:10'),(394,'twint','2025-02-15 05:32:00',77.0000,394,'2026-01-09 04:56:10'),(395,'carte','2025-02-15 05:48:00',24.0000,395,'2026-01-09 04:56:10'),(396,'cash','2025-02-15 07:24:00',30.5000,396,'2026-01-09 04:56:10'),(397,'twint','2025-02-15 08:51:00',22.0000,397,'2026-01-09 04:56:10'),(398,'carte','2025-02-15 10:32:00',50.5000,398,'2026-01-09 04:56:10'),(399,'twint','2025-02-15 11:36:00',31.5000,399,'2026-01-09 04:56:10'),(400,'cash','2025-02-15 13:12:00',29.0000,400,'2026-01-09 04:56:10'),(401,'twint','2025-02-15 18:22:00',66.5000,401,'2026-01-09 04:56:10'),(402,'carte','2025-02-15 18:30:00',49.0000,402,'2026-01-09 04:56:10'),(403,'twint','2025-02-15 18:41:00',62.0000,403,'2026-01-09 04:56:10'),(404,'carte','2025-02-15 19:32:00',29.0000,404,'2026-01-09 04:56:10'),(405,'carte','2025-02-15 20:48:00',45.5000,405,'2026-01-09 04:56:10'),(406,'twint','2025-02-15 20:28:00',48.0000,406,'2026-01-09 04:56:10'),(407,'cash','2025-02-16 00:10:00',72.5000,407,'2026-01-09 04:56:10'),(408,'carte','2025-02-16 01:30:00',44.5000,408,'2026-01-09 04:56:10'),(409,'cash','2025-02-16 03:52:00',96.0000,409,'2026-01-09 04:56:10'),(410,'twint','2025-02-16 04:39:00',47.0000,410,'2026-01-09 04:56:10'),(411,'carte','2025-02-16 08:49:00',56.0000,411,'2026-01-09 04:56:10'),(412,'twint','2025-02-16 09:09:00',98.5000,412,'2026-01-09 04:56:10'),(413,'twint','2025-02-16 09:45:00',47.5000,413,'2026-01-09 04:56:10'),(414,'cash','2025-02-16 10:23:00',23.2500,414,'2026-01-09 04:56:10'),(415,'cash','2025-02-16 12:44:00',65.5000,415,'2026-01-09 04:56:10'),(416,'carte','2025-02-16 17:25:00',60.0000,416,'2026-01-09 04:56:10'),(417,'cash','2025-02-17 00:25:00',46.5000,417,'2026-01-09 04:56:10'),(418,'cash','2025-02-17 02:03:00',45.0000,418,'2026-01-09 04:56:10'),(419,'cash','2025-02-17 03:04:00',36.0000,419,'2026-01-09 04:56:10'),(420,'twint','2025-02-17 03:47:00',18.0000,420,'2026-01-09 04:56:10'),(421,'carte','2025-02-17 07:48:00',46.0000,421,'2026-01-09 04:56:10'),(422,'carte','2025-02-17 07:55:00',50.0000,422,'2026-01-09 04:56:10'),(423,'carte','2025-02-17 08:18:00',61.5000,423,'2026-01-09 04:56:10'),(424,'cash','2025-02-17 10:44:00',36.5000,424,'2026-01-09 04:56:10'),(425,'twint','2025-02-17 10:54:00',60.0000,425,'2026-01-09 04:56:10'),(426,'carte','2025-02-17 13:15:00',34.5000,426,'2026-01-09 04:56:10'),(427,'twint','2025-02-17 15:57:00',18.0000,427,'2026-01-09 04:56:10'),(428,'twint','2025-02-17 16:25:00',58.5000,428,'2026-01-09 04:56:10'),(429,'twint','2025-02-17 16:43:00',43.0000,429,'2026-01-09 04:56:10'),(430,'cash','2025-02-17 17:27:00',78.5000,430,'2026-01-09 04:56:10'),(431,'twint','2025-02-17 20:11:00',44.0000,431,'2026-01-09 04:56:10'),(432,'twint','2025-02-17 22:06:00',0.0000,432,'2026-01-09 04:56:10'),(433,'carte','2025-02-17 23:25:00',41.5000,433,'2026-01-09 04:56:10'),(434,'carte','2025-02-18 00:53:00',0.0000,434,'2026-01-09 04:56:10'),(435,'twint','2025-02-18 01:34:00',26.7500,435,'2026-01-09 04:56:10'),(436,'carte','2025-02-18 02:12:00',112.0000,436,'2026-01-09 04:56:10'),(437,'twint','2025-02-18 02:54:00',25.0000,437,'2026-01-09 04:56:10'),(438,'cash','2025-02-18 02:54:00',52.5000,438,'2026-01-09 04:56:10'),(439,'twint','2025-02-18 04:41:00',0.0000,439,'2026-01-09 04:56:10'),(440,'carte','2025-02-18 05:04:00',32.0000,440,'2026-01-09 04:56:10'),(441,'carte','2025-02-18 06:47:00',33.0000,441,'2026-01-09 04:56:10'),(442,'twint','2025-02-18 07:20:00',37.5000,442,'2026-01-09 04:56:10'),(443,'carte','2025-02-18 12:27:00',77.5000,443,'2026-01-09 04:56:10'),(444,'carte','2025-02-18 13:52:00',0.0000,444,'2026-01-09 04:56:10'),(445,'carte','2025-02-18 14:56:00',44.0000,445,'2026-01-09 04:56:10'),(446,'carte','2025-02-18 16:04:00',61.5000,446,'2026-01-09 04:56:10'),(447,'twint','2025-02-18 17:32:00',92.5000,447,'2026-01-09 04:56:10'),(448,'carte','2025-02-18 20:18:00',28.0000,448,'2026-01-09 04:56:10'),(449,'twint','2025-02-18 22:22:00',42.0000,449,'2026-01-09 04:56:10'),(450,'twint','2025-02-18 23:07:00',18.0000,450,'2026-01-09 04:56:10'),(451,'carte','2025-02-19 00:09:00',37.0000,451,'2026-01-09 04:56:10'),(452,'carte','2025-02-19 01:22:00',17.0000,452,'2026-01-09 04:56:10'),(453,'carte','2025-02-19 01:49:00',60.5000,453,'2026-01-09 04:56:10'),(454,'twint','2025-02-19 04:18:00',14.0000,454,'2026-01-09 04:56:10'),(455,'carte','2025-02-19 10:54:00',64.5000,455,'2026-01-09 04:56:10'),(456,'cash','2025-02-19 12:11:00',35.5000,456,'2026-01-09 04:56:10'),(457,'carte','2025-02-19 14:42:00',59.5000,457,'2026-01-09 04:56:10'),(458,'twint','2025-02-19 15:30:00',55.0000,458,'2026-01-09 04:56:10'),(459,'carte','2025-02-19 18:15:00',61.5000,459,'2026-01-09 04:56:10'),(460,'twint','2025-02-19 21:41:00',74.5000,460,'2026-01-09 04:56:10'),(461,'cash','2025-02-20 03:11:00',25.5000,461,'2026-01-09 04:56:10'),(462,'twint','2025-02-20 06:07:00',50.5000,462,'2026-01-09 04:56:10'),(463,'carte','2025-02-20 08:45:00',44.5000,463,'2026-01-09 04:56:10'),(464,'twint','2025-02-20 08:51:00',41.0000,464,'2026-01-09 04:56:10'),(465,'twint','2025-02-20 09:43:00',47.5000,465,'2026-01-09 04:56:10'),(466,'carte','2025-02-20 15:31:00',17.0000,466,'2026-01-09 04:56:10'),(467,'carte','2025-02-20 17:08:00',67.0000,467,'2026-01-09 04:56:10'),(468,'cash','2025-02-20 23:26:00',50.5000,468,'2026-01-09 04:56:10'),(469,'cash','2025-02-20 23:31:00',61.5000,469,'2026-01-09 04:56:10'),(470,'twint','2025-02-20 23:56:00',55.0000,470,'2026-01-09 04:56:10'),(471,'carte','2025-02-21 03:20:00',37.0000,471,'2026-01-09 04:56:10'),(472,'cash','2025-02-21 07:58:00',83.0000,472,'2026-01-09 04:56:10'),(473,'cash','2025-02-21 09:41:00',20.0000,473,'2026-01-09 04:56:10'),(474,'carte','2025-02-21 10:01:00',44.5000,474,'2026-01-09 04:56:10'),(475,'twint','2025-02-21 17:20:00',65.0000,475,'2026-01-09 04:56:10'),(476,'twint','2025-02-21 18:53:00',44.0000,476,'2026-01-09 04:56:10'),(477,'carte','2025-02-21 18:57:00',18.5000,477,'2026-01-09 04:56:10'),(478,'cash','2025-02-21 22:38:00',45.5000,478,'2026-01-09 04:56:10'),(479,'carte','2025-02-21 22:50:00',45.0000,479,'2026-01-09 04:56:10'),(480,'carte','2025-02-22 00:15:00',32.0000,480,'2026-01-09 04:56:10'),(481,'twint','2025-02-22 06:47:00',72.5000,481,'2026-01-09 04:56:10'),(482,'carte','2025-02-22 10:03:00',43.5000,482,'2026-01-09 04:56:10'),(483,'carte','2025-02-22 10:52:00',41.0000,483,'2026-01-09 04:56:10'),(484,'twint','2025-02-22 11:53:00',31.5000,484,'2026-01-09 04:56:10'),(485,'twint','2025-02-22 12:17:00',54.0000,485,'2026-01-09 04:56:10'),(486,'twint','2025-02-22 12:44:00',54.0000,486,'2026-01-09 04:56:10'),(487,'twint','2025-02-22 12:51:00',47.0000,487,'2026-01-09 04:56:10'),(488,'carte','2025-02-22 12:56:00',52.5000,488,'2026-01-09 04:56:10'),(489,'carte','2025-02-22 14:36:00',69.5000,489,'2026-01-09 04:56:10'),(490,'cash','2025-02-22 20:23:00',48.5000,490,'2026-01-09 04:56:10'),(491,'carte','2025-02-22 19:59:00',42.0000,491,'2026-01-09 04:56:10'),(492,'carte','2025-02-22 20:15:00',0.0000,492,'2026-01-09 04:56:10'),(493,'carte','2025-02-23 01:17:00',46.0000,493,'2026-01-09 04:56:10'),(494,'carte','2025-02-23 02:00:00',45.0000,494,'2026-01-09 04:56:10'),(495,'cash','2025-02-23 02:16:00',34.5000,495,'2026-01-09 04:56:10'),(496,'carte','2025-02-23 02:24:00',67.5000,496,'2026-01-09 04:56:10'),(497,'twint','2025-02-23 02:40:00',0.0000,497,'2026-01-09 04:56:10'),(498,'twint','2025-02-23 04:22:00',74.0000,498,'2026-01-09 04:56:10'),(499,'carte','2025-02-23 04:27:00',58.0000,499,'2026-01-09 04:56:10'),(500,'carte','2025-02-23 04:48:00',84.5000,500,'2026-01-09 04:56:10'),(501,'twint','2025-02-23 06:29:00',136.0000,501,'2026-01-09 04:56:10'),(502,'twint','2025-02-23 07:07:00',60.5000,502,'2026-01-09 04:56:10'),(503,'carte','2025-02-23 07:46:00',19.5000,503,'2026-01-09 04:56:10'),(504,'carte','2025-02-23 11:49:00',70.0000,504,'2026-01-09 04:56:10'),(505,'twint','2025-02-23 17:14:00',75.0000,505,'2026-01-09 04:56:10'),(506,'twint','2025-02-23 18:56:00',22.5000,506,'2026-01-09 04:56:10'),(507,'twint','2025-02-23 21:23:00',44.0000,507,'2026-01-09 04:56:10'),(508,'twint','2025-02-23 23:04:00',56.0000,508,'2026-01-09 04:56:10'),(509,'twint','2025-02-24 00:47:00',43.5000,509,'2026-01-09 04:56:10'),(510,'twint','2025-02-24 01:05:00',18.0000,510,'2026-01-09 04:56:10'),(511,'carte','2025-02-24 02:17:00',42.5000,511,'2026-01-09 04:56:10'),(512,'twint','2025-02-24 05:09:00',26.5000,512,'2026-01-09 04:56:10'),(513,'carte','2025-02-24 07:10:00',43.0000,513,'2026-01-09 04:56:10'),(514,'cash','2025-02-24 07:25:00',39.0000,514,'2026-01-09 04:56:10'),(515,'carte','2025-02-24 10:29:00',47.5000,515,'2026-01-09 04:56:10'),(516,'twint','2025-02-24 15:45:00',38.5000,516,'2026-01-09 04:56:10'),(517,'cash','2025-02-24 19:30:00',79.0000,517,'2026-01-09 04:56:10'),(518,'carte','2025-02-24 19:33:00',32.0000,518,'2026-01-09 04:56:10'),(519,'twint','2025-02-24 23:26:00',76.0000,519,'2026-01-09 04:56:10'),(520,'twint','2025-02-25 04:07:00',27.0000,520,'2026-01-09 04:56:10'),(521,'carte','2025-02-25 05:32:00',70.5000,521,'2026-01-09 04:56:10'),(522,'carte','2025-02-25 07:33:00',40.5000,522,'2026-01-09 04:56:10'),(523,'cash','2025-02-25 07:59:00',58.5000,523,'2026-01-09 04:56:10'),(524,'twint','2025-02-25 11:52:00',59.5000,524,'2026-01-09 04:56:10'),(525,'twint','2025-02-25 12:05:00',84.5000,525,'2026-01-09 04:56:10'),(526,'twint','2025-02-25 14:44:00',64.0000,526,'2026-01-09 04:56:10'),(527,'cash','2025-02-25 14:50:00',45.5000,527,'2026-01-09 04:56:10'),(528,'cash','2025-02-25 16:21:00',47.5000,528,'2026-01-09 04:56:10'),(529,'twint','2025-02-25 16:40:00',0.0000,529,'2026-01-09 04:56:10'),(530,'carte','2025-02-25 17:49:00',23.0000,530,'2026-01-09 04:56:10'),(531,'cash','2025-02-26 02:35:00',57.0000,531,'2026-01-09 04:56:10'),(532,'carte','2025-02-26 02:53:00',66.0000,532,'2026-01-09 04:56:10'),(533,'cash','2025-02-26 04:23:00',41.5000,533,'2026-01-09 04:56:10'),(534,'twint','2025-02-26 07:32:00',49.5000,534,'2026-01-09 04:56:10'),(535,'twint','2025-02-26 08:02:00',36.5000,535,'2026-01-09 04:56:10'),(536,'carte','2025-02-26 09:18:00',28.5000,536,'2026-01-09 04:56:10'),(537,'carte','2025-02-26 11:24:00',42.0000,537,'2026-01-09 04:56:10'),(538,'carte','2025-02-26 14:25:00',70.0000,538,'2026-01-09 04:56:10'),(539,'carte','2025-02-26 16:11:00',39.5000,539,'2026-01-09 04:56:10'),(540,'twint','2025-02-26 18:55:00',37.5000,540,'2026-01-09 04:56:10'),(541,'carte','2025-02-27 07:52:00',50.0000,541,'2026-01-09 04:56:10'),(542,'carte','2025-02-27 13:04:00',53.0000,542,'2026-01-09 04:56:10'),(543,'carte','2025-02-27 21:30:00',43.5000,543,'2026-01-09 04:56:10'),(544,'twint','2025-02-27 22:20:00',38.5000,544,'2026-01-09 04:56:10'),(545,'carte','2025-02-27 23:31:00',59.5000,545,'2026-01-09 04:56:10'),(546,'carte','2025-02-28 02:46:00',40.0000,546,'2026-01-09 04:56:10'),(547,'twint','2025-02-28 04:53:00',22.0000,547,'2026-01-09 04:56:10'),(548,'cash','2025-02-28 05:03:00',39.5000,548,'2026-01-09 04:56:10'),(549,'carte','2025-02-28 09:38:00',74.5000,549,'2026-01-09 04:56:10'),(550,'twint','2025-02-28 20:21:00',40.0000,550,'2026-01-09 04:56:10');
/*!40000 ALTER TABLE `t_paiement` ENABLE KEYS */;
UNLOCK TABLES;
/*!40103 SET TIME_ZONE=@OLD_TIME_ZONE */;

/*!40101 SET SQL_MODE=@OLD_SQL_MODE */;
/*!40014 SET FOREIGN_KEY_CHECKS=@OLD_FOREIGN_KEY_CHECKS */;
/*!40014 SET UNIQUE_CHECKS=@OLD_UNIQUE_CHECKS */;
/*!40101 SET CHARACTER_SET_CLIENT=@OLD_CHARACTER_SET_CLIENT */;
/*!40101 SET CHARACTER_SET_RESULTS=@OLD_CHARACTER_SET_RESULTS */;
/*!40101 SET COLLATION_CONNECTION=@OLD_COLLATION_CONNECTION */;
/*!40111 SET SQL_NOTES=@OLD_SQL_NOTES */;

-- Dump completed on 2026-01-09  5:05:03
-- MySQL dump 10.13  Distrib 8.0.30, for Linux (x86_64)
--
-- Host: localhost    Database: db_thanospizza
-- ------------------------------------------------------
-- Server version	8.0.30

/*!40101 SET @OLD_CHARACTER_SET_CLIENT=@@CHARACTER_SET_CLIENT */;
/*!40101 SET @OLD_CHARACTER_SET_RESULTS=@@CHARACTER_SET_RESULTS */;
/*!40101 SET @OLD_COLLATION_CONNECTION=@@COLLATION_CONNECTION */;
/*!50503 SET NAMES utf8mb4 */;
/*!40103 SET @OLD_TIME_ZONE=@@TIME_ZONE */;
/*!40103 SET TIME_ZONE='+00:00' */;
/*!40014 SET @OLD_UNIQUE_CHECKS=@@UNIQUE_CHECKS, UNIQUE_CHECKS=0 */;
/*!40014 SET @OLD_FOREIGN_KEY_CHECKS=@@FOREIGN_KEY_CHECKS, FOREIGN_KEY_CHECKS=0 */;
/*!40101 SET @OLD_SQL_MODE=@@SQL_MODE, SQL_MODE='NO_AUTO_VALUE_ON_ZERO' */;
/*!40111 SET @OLD_SQL_NOTES=@@SQL_NOTES, SQL_NOTES=0 */;

--
-- Dumping data for table `t_livraison`
--
-- WHERE:  backup_date >= '2026-01-09 04:35:03'

LOCK TABLES `t_livraison` WRITE;
/*!40000 ALTER TABLE `t_livraison` DISABLE KEYS */;
REPLACE INTO `t_livraison` (`livraison_id`, `depart`, `arrive`, `temps`, `statut`, `livreur_fk`, `backup_date`) VALUES (7,'2025-01-16 01:31:00','2025-01-16 01:37:00',6.00,'annulee',5,'2026-01-09 04:56:10'),(8,'2025-01-16 05:36:00','2025-01-16 05:49:00',13.00,'livree',4,'2026-01-09 04:56:10'),(11,'2025-01-16 17:47:00','2025-01-16 17:59:00',12.00,'livree',6,'2026-01-09 04:56:10'),(16,'2025-01-17 00:11:00','2025-01-17 00:21:00',10.00,'livree',1,'2026-01-09 04:56:10'),(19,'2025-01-17 06:06:00','2025-01-17 06:21:00',15.00,'livree',3,'2026-01-09 04:56:10'),(21,'2025-01-17 14:49:00','2025-01-17 14:55:00',6.00,'annulee',1,'2026-01-09 04:56:10'),(22,'2025-01-17 15:26:00','2025-01-17 15:36:00',10.00,'livree',3,'2026-01-09 04:56:10'),(27,'2025-01-18 12:18:00','2025-01-18 12:36:00',18.00,'livree',3,'2026-01-09 04:56:10'),(28,'2025-01-18 12:53:00','2025-01-18 13:03:00',10.00,'livree',5,'2026-01-09 04:56:10'),(29,'2025-01-18 17:26:00','2025-01-18 17:40:00',14.00,'livree',4,'2026-01-09 04:56:10'),(30,'2025-01-18 19:46:00','2025-01-18 19:59:00',13.00,'livree',2,'2026-01-09 04:56:10'),(31,'2025-01-19 00:56:00','2025-01-19 01:14:00',18.00,'livree',3,'2026-01-09 04:56:10'),(35,'2025-01-19 04:47:00','2025-01-19 05:04:00',17.00,'livree',5,'2026-01-09 04:56:10'),(37,'2025-01-19 06:42:00','2025-01-19 06:54:00',12.00,'livree',6,'2026-01-09 04:56:10'),(41,'2025-01-19 11:38:00','2025-01-19 11:55:00',17.00,'livree',3,'2026-01-09 04:56:10'),(42,'2025-01-19 13:59:00','2025-01-19 14:11:00',12.00,'livree',6,'2026-01-09 04:56:10'),(44,'2025-01-19 14:13:00','2025-01-19 14:28:00',15.00,'livree',2,'2026-01-09 04:56:10'),(45,'2025-01-19 15:02:00','2025-01-19 15:17:00',15.00,'livree',2,'2026-01-09 04:56:10'),(48,'2025-01-19 19:43:00','2025-01-19 19:53:00',10.00,'livree',1,'2026-01-09 04:56:10'),(49,'2025-01-19 21:51:00','2025-01-19 22:02:00',11.00,'livree',6,'2026-01-09 04:56:10'),(51,'2025-01-20 00:06:00','2025-01-20 00:11:00',5.00,'annulee',5,'2026-01-09 04:56:10'),(52,'2025-01-20 02:21:00','2025-01-20 02:29:00',8.00,'livree',3,'2026-01-09 04:56:10'),(55,'2025-01-20 06:13:00','2025-01-20 06:21:00',8.00,'livree',6,'2026-01-09 04:56:10'),(56,'2025-01-20 09:43:00','2025-01-20 09:51:00',8.00,'livree',6,'2026-01-09 04:56:10'),(57,'2025-01-20 10:30:00','2025-01-20 10:43:00',13.00,'livree',1,'2026-01-09 04:56:10'),(58,'2025-01-20 11:31:00','2025-01-20 11:42:00',11.00,'livree',4,'2026-01-09 04:56:10'),(59,'2025-01-20 13:09:00','2025-01-20 13:18:00',9.00,'livree',1,'2026-01-09 04:56:10'),(62,'2025-01-20 16:00:00','2025-01-20 16:17:00',17.00,'livree',6,'2026-01-09 04:56:10'),(64,'2025-01-20 18:39:00','2025-01-20 18:47:00',8.00,'livree',6,'2026-01-09 04:56:10'),(65,'2025-01-21 00:00:00','2025-01-21 00:18:00',18.00,'livree',1,'2026-01-09 04:56:10'),(68,'2025-01-21 01:17:00','2025-01-21 01:33:00',16.00,'livree',2,'2026-01-09 04:56:10'),(71,'2025-01-21 04:31:00','2025-01-21 04:49:00',18.00,'livree',2,'2026-01-09 04:56:10'),(74,'2025-01-22 01:01:00','2025-01-22 01:18:00',17.00,'livree',5,'2026-01-09 04:56:10'),(75,'2025-01-22 01:53:00','2025-01-22 02:04:00',11.00,'livree',1,'2026-01-09 04:56:10'),(81,'2025-01-22 06:38:00','2025-01-22 06:46:00',8.00,'livree',6,'2026-01-09 04:56:10'),(82,'2025-01-22 07:51:00','2025-01-22 08:07:00',16.00,'livree',2,'2026-01-09 04:56:10'),(84,'2025-01-22 11:09:00','2025-01-22 11:23:00',14.00,'annulee',6,'2026-01-09 04:56:10'),(85,'2025-01-22 13:12:00','2025-01-22 13:28:00',16.00,'livree',5,'2026-01-09 04:56:10'),(87,'2025-01-22 22:57:00','2025-01-22 23:15:00',18.00,'livree',2,'2026-01-09 04:56:10'),(89,'2025-01-22 22:59:00','2025-01-22 23:08:00',9.00,'livree',2,'2026-01-09 04:56:10'),(94,'2025-01-23 13:34:00','2025-01-23 13:49:00',15.00,'livree',1,'2026-01-09 04:56:10'),(95,'2025-01-23 14:03:00','2025-01-23 14:18:00',15.00,'livree',3,'2026-01-09 04:56:10'),(97,'2025-01-23 16:47:00','2025-01-23 17:01:00',14.00,'livree',2,'2026-01-09 04:56:10'),(103,'2025-01-24 02:12:00','2025-01-24 02:22:00',10.00,'livree',1,'2026-01-09 04:56:10'),(104,'2025-01-24 04:16:00','2025-01-24 04:31:00',15.00,'livree',6,'2026-01-09 04:56:10'),(105,'2025-01-24 04:47:00','2025-01-24 05:01:00',14.00,'annulee',5,'2026-01-09 04:56:10'),(106,'2025-01-24 08:25:00','2025-01-24 08:40:00',15.00,'livree',4,'2026-01-09 04:56:10'),(108,'2025-01-24 11:34:00','2025-01-24 11:44:00',10.00,'livree',1,'2026-01-09 04:56:10'),(113,'2025-01-24 13:30:00','2025-01-24 13:45:00',15.00,'livree',6,'2026-01-09 04:56:10'),(115,'2025-01-24 23:02:00','2025-01-24 23:11:00',9.00,'livree',5,'2026-01-09 04:56:10'),(116,'2025-01-25 00:48:00','2025-01-25 00:56:00',8.00,'livree',2,'2026-01-09 04:56:10'),(119,'2025-01-25 05:23:00','2025-01-25 05:36:00',13.00,'livree',5,'2026-01-09 04:56:10'),(122,'2025-01-25 12:43:00','2025-01-25 12:51:00',8.00,'livree',3,'2026-01-09 04:56:10'),(130,'2025-01-26 10:22:00','2025-01-26 10:36:00',14.00,'livree',2,'2026-01-09 04:56:10'),(131,'2025-01-26 13:12:00','2025-01-26 13:30:00',18.00,'livree',6,'2026-01-09 04:56:10'),(137,'2025-01-27 05:12:00','2025-01-27 05:22:00',10.00,'livree',2,'2026-01-09 04:56:10'),(139,'2025-01-27 06:09:00','2025-01-27 06:17:00',8.00,'livree',2,'2026-01-09 04:56:10'),(144,'2025-01-27 12:35:00','2025-01-27 12:43:00',8.00,'livree',5,'2026-01-09 04:56:10'),(145,'2025-01-27 16:37:00','2025-01-27 16:47:00',10.00,'livree',5,'2026-01-09 04:56:10'),(146,'2025-01-27 17:42:00','2025-01-27 17:55:00',13.00,'livree',2,'2026-01-09 04:56:10'),(147,'2025-01-28 00:38:00','2025-01-28 00:47:00',9.00,'livree',5,'2026-01-09 04:56:10'),(150,'2025-01-28 12:06:00','2025-01-28 12:23:00',17.00,'livree',2,'2026-01-09 04:56:10'),(151,'2025-01-28 12:43:00','2025-01-28 12:52:00',9.00,'livree',3,'2026-01-09 04:56:10'),(155,'2025-01-28 19:36:00','2025-01-28 19:49:00',13.00,'livree',1,'2026-01-09 04:56:10'),(156,'2025-01-28 20:54:00','2025-01-28 21:10:00',16.00,'livree',2,'2026-01-09 04:56:10'),(158,'2025-01-29 01:57:00','2025-01-29 02:14:00',17.00,'livree',1,'2026-01-09 04:56:10'),(159,'2025-01-29 01:51:00','2025-01-29 02:02:00',11.00,'livree',4,'2026-01-09 04:56:10'),(160,'2025-01-29 11:39:00','2025-01-29 11:53:00',14.00,'livree',3,'2026-01-09 04:56:10'),(162,'2025-01-29 14:40:00','2025-01-29 14:56:00',16.00,'livree',1,'2026-01-09 04:56:10'),(163,'2025-01-29 14:46:00','2025-01-29 14:54:00',8.00,'livree',2,'2026-01-09 04:56:10'),(165,'2025-01-29 15:30:00','2025-01-29 15:45:00',15.00,'annulee',5,'2026-01-09 04:56:10'),(167,'2025-01-29 19:25:00','2025-01-29 19:35:00',10.00,'livree',3,'2026-01-09 04:56:10'),(168,'2025-01-29 21:43:00','2025-01-29 21:55:00',12.00,'livree',3,'2026-01-09 04:56:10'),(170,'2025-01-30 00:26:00','2025-01-30 00:42:00',16.00,'livree',2,'2026-01-09 04:56:10'),(171,'2025-01-30 00:48:00','2025-01-30 01:06:00',18.00,'livree',2,'2026-01-09 04:56:10'),(172,'2025-01-30 01:11:00','2025-01-30 01:20:00',9.00,'livree',5,'2026-01-09 04:56:10'),(182,'2025-01-30 17:26:00','2025-01-30 17:34:00',8.00,'livree',1,'2026-01-09 04:56:10'),(183,'2025-01-30 17:29:00','2025-01-30 17:41:00',12.00,'annulee',4,'2026-01-09 04:56:10'),(189,'2025-01-31 05:20:00','2025-01-31 05:32:00',12.00,'livree',1,'2026-01-09 04:56:10'),(192,'2025-01-31 07:32:00','2025-01-31 07:47:00',15.00,'livree',3,'2026-01-09 04:56:10'),(193,'2025-01-31 11:07:00','2025-01-31 11:25:00',18.00,'livree',3,'2026-01-09 04:56:10'),(194,'2025-01-31 12:59:00','2025-01-31 13:08:00',9.00,'livree',1,'2026-01-09 04:56:10'),(200,'2025-02-01 00:09:00','2025-02-01 00:19:00',10.00,'livree',6,'2026-01-09 04:56:10'),(201,'2025-02-01 02:53:00','2025-02-01 03:08:00',15.00,'livree',1,'2026-01-09 04:56:10'),(203,'2025-02-01 05:19:00','2025-02-01 05:32:00',13.00,'livree',6,'2026-01-09 04:56:10'),(204,'2025-02-01 06:08:00','2025-02-01 06:17:00',9.00,'livree',3,'2026-01-09 04:56:10'),(211,'2025-02-01 17:52:00','2025-02-01 18:01:00',9.00,'livree',3,'2026-01-09 04:56:10'),(216,'2025-02-02 00:07:00','2025-02-02 00:20:00',13.00,'livree',1,'2026-01-09 04:56:10'),(218,'2025-02-02 05:33:00','2025-02-02 05:46:00',13.00,'livree',6,'2026-01-09 04:56:10'),(221,'2025-02-02 16:46:00','2025-02-02 16:58:00',12.00,'livree',6,'2026-01-09 04:56:10'),(222,'2025-02-02 17:31:00','2025-02-02 17:39:00',8.00,'livree',3,'2026-01-09 04:56:10'),(223,'2025-02-02 18:25:00','2025-02-02 18:38:00',13.00,'livree',4,'2026-01-09 04:56:10'),(229,'2025-02-02 22:48:00','2025-02-02 23:04:00',16.00,'livree',1,'2026-01-09 04:56:10'),(232,'2025-02-03 02:35:00','2025-02-03 02:45:00',10.00,'livree',1,'2026-01-09 04:56:10'),(234,'2025-02-03 07:01:00','2025-02-03 07:16:00',15.00,'livree',6,'2026-01-09 04:56:10'),(235,'2025-02-03 07:49:00','2025-02-03 08:00:00',11.00,'livree',1,'2026-01-09 04:56:10'),(237,'2025-02-03 08:24:00','2025-02-03 08:33:00',9.00,'livree',4,'2026-01-09 04:56:10'),(243,'2025-02-03 16:03:00','2025-02-03 16:18:00',15.00,'livree',5,'2026-01-09 04:56:10'),(246,'2025-02-03 19:13:00','2025-02-03 19:30:00',17.00,'livree',2,'2026-01-09 04:56:10'),(249,'2025-02-03 22:23:00','2025-02-03 22:32:00',9.00,'livree',2,'2026-01-09 04:56:10'),(250,'2025-02-04 03:08:00','2025-02-04 03:24:00',16.00,'livree',4,'2026-01-09 04:56:10'),(251,'2025-02-04 03:22:00','2025-02-04 03:36:00',14.00,'livree',1,'2026-01-09 04:56:10'),(258,'2025-02-04 18:32:00','2025-02-04 18:48:00',16.00,'livree',3,'2026-01-09 04:56:10'),(259,'2025-02-04 18:40:00','2025-02-04 18:51:00',11.00,'livree',2,'2026-01-09 04:56:10'),(262,'2025-02-05 00:08:00','2025-02-05 00:17:00',9.00,'livree',6,'2026-01-09 04:56:10'),(263,'2025-02-05 03:58:00','2025-02-05 04:07:00',9.00,'livree',5,'2026-01-09 04:56:10'),(267,'2025-02-05 09:20:00','2025-02-05 09:30:00',10.00,'livree',6,'2026-01-09 04:56:10'),(268,'2025-02-05 10:18:00','2025-02-05 10:35:00',17.00,'livree',4,'2026-01-09 04:56:10'),(269,'2025-02-05 10:52:00','2025-02-05 11:10:00',18.00,'livree',1,'2026-01-09 04:56:10'),(273,'2025-02-05 17:48:00','2025-02-05 18:02:00',14.00,'livree',5,'2026-01-09 04:56:10'),(276,'2025-02-06 00:31:00','2025-02-06 00:39:00',8.00,'livree',3,'2026-01-09 04:56:10'),(284,'2025-02-06 10:19:00','2025-02-06 10:37:00',18.00,'livree',3,'2026-01-09 04:56:10'),(297,'2025-02-07 21:41:00','2025-02-07 21:57:00',16.00,'livree',3,'2026-01-09 04:56:10'),(299,'2025-02-07 23:21:00','2025-02-07 23:39:00',18.00,'livree',5,'2026-01-09 04:56:10'),(300,'2025-02-07 23:56:00','2025-02-08 00:07:00',11.00,'livree',6,'2026-01-09 04:56:10'),(301,'2025-02-08 02:16:00','2025-02-08 02:32:00',16.00,'livree',4,'2026-01-09 04:56:10'),(303,'2025-02-08 05:42:00','2025-02-08 05:51:00',9.00,'livree',3,'2026-01-09 04:56:10'),(310,'2025-02-08 13:00:00','2025-02-08 13:16:00',16.00,'livree',6,'2026-01-09 04:56:10'),(312,'2025-02-08 17:44:00','2025-02-08 18:01:00',17.00,'livree',3,'2026-01-09 04:56:10'),(313,'2025-02-08 18:28:00','2025-02-08 18:44:00',16.00,'livree',4,'2026-01-09 04:56:10'),(316,'2025-02-09 01:35:00','2025-02-09 01:48:00',13.00,'livree',1,'2026-01-09 04:56:10'),(318,'2025-02-09 06:34:00','2025-02-09 06:52:00',18.00,'livree',6,'2026-01-09 04:56:10'),(321,'2025-02-09 15:49:00','2025-02-09 16:00:00',11.00,'livree',2,'2026-01-09 04:56:10'),(323,'2025-02-09 18:32:00','2025-02-09 18:42:00',10.00,'livree',5,'2026-01-09 04:56:10'),(324,'2025-02-10 02:14:00','2025-02-10 02:26:00',12.00,'livree',6,'2026-01-09 04:56:10'),(325,'2025-02-10 02:43:00','2025-02-10 02:56:00',13.00,'livree',4,'2026-01-09 04:56:10'),(326,'2025-02-10 09:44:00','2025-02-10 09:57:00',13.00,'livree',6,'2026-01-09 04:56:10'),(327,'2025-02-10 12:45:00','2025-02-10 13:03:00',18.00,'livree',6,'2026-01-09 04:56:10'),(331,'2025-02-10 17:06:00','2025-02-10 17:14:00',8.00,'livree',1,'2026-01-09 04:56:10'),(333,'2025-02-10 20:39:00','2025-02-10 20:56:00',17.00,'livree',3,'2026-01-09 04:56:10'),(334,'2025-02-10 22:57:00','2025-02-10 23:11:00',14.00,'livree',2,'2026-01-09 04:56:10'),(338,'2025-02-11 07:39:00','2025-02-11 07:57:00',18.00,'livree',1,'2026-01-09 04:56:10'),(339,'2025-02-11 08:55:00','2025-02-11 09:09:00',14.00,'livree',1,'2026-01-09 04:56:10'),(340,'2025-02-11 09:30:00','2025-02-11 09:47:00',17.00,'livree',4,'2026-01-09 04:56:10'),(341,'2025-02-11 09:56:00','2025-02-11 10:08:00',12.00,'livree',3,'2026-01-09 04:56:10'),(342,'2025-02-11 12:16:00','2025-02-11 12:28:00',12.00,'livree',3,'2026-01-09 04:56:10'),(343,'2025-02-11 13:24:00','2025-02-11 13:33:00',9.00,'livree',4,'2026-01-09 04:56:10'),(345,'2025-02-11 15:36:00','2025-02-11 15:50:00',14.00,'livree',5,'2026-01-09 04:56:10'),(352,'2025-02-11 22:38:00','2025-02-11 22:52:00',14.00,'livree',5,'2026-01-09 04:56:10'),(355,'2025-02-12 05:40:00','2025-02-12 05:51:00',11.00,'livree',5,'2026-01-09 04:56:10'),(356,'2025-02-12 08:56:00','2025-02-12 09:06:00',10.00,'livree',4,'2026-01-09 04:56:10'),(361,'2025-02-12 17:39:00','2025-02-12 17:48:00',9.00,'livree',1,'2026-01-09 04:56:10'),(362,'2025-02-12 22:00:00','2025-02-12 22:14:00',14.00,'livree',4,'2026-01-09 04:56:10'),(363,'2025-02-12 23:17:00','2025-02-12 23:33:00',16.00,'livree',5,'2026-01-09 04:56:10'),(364,'2025-02-12 23:10:00','2025-02-12 23:19:00',9.00,'livree',6,'2026-01-09 04:56:10'),(365,'2025-02-13 01:05:00','2025-02-13 01:20:00',15.00,'livree',6,'2026-01-09 04:56:10'),(375,'2025-02-13 10:54:00','2025-02-13 11:05:00',11.00,'livree',4,'2026-01-09 04:56:10'),(380,'2025-02-14 03:29:00','2025-02-14 03:40:00',11.00,'livree',6,'2026-01-09 04:56:10'),(382,'2025-02-14 06:25:00','2025-02-14 06:43:00',18.00,'livree',4,'2026-01-09 04:56:10'),(384,'2025-02-14 07:17:00','2025-02-14 07:25:00',8.00,'livree',5,'2026-01-09 04:56:10'),(389,'2025-02-14 13:48:00','2025-02-14 13:59:00',11.00,'livree',3,'2026-01-09 04:56:10'),(391,'2025-02-15 01:06:00','2025-02-15 01:17:00',11.00,'livree',5,'2026-01-09 04:56:10'),(392,'2025-02-15 04:35:00','2025-02-15 04:46:00',11.00,'livree',6,'2026-01-09 04:56:10'),(393,'2025-02-15 05:05:00','2025-02-15 05:22:00',17.00,'livree',6,'2026-01-09 04:56:10'),(395,'2025-02-15 06:08:00','2025-02-15 06:23:00',15.00,'livree',5,'2026-01-09 04:56:10'),(396,'2025-02-15 07:47:00','2025-02-15 07:58:00',11.00,'livree',2,'2026-01-09 04:56:10'),(397,'2025-02-15 09:06:00','2025-02-15 09:16:00',10.00,'livree',5,'2026-01-09 04:56:10'),(404,'2025-02-15 19:55:00','2025-02-15 20:08:00',13.00,'livree',1,'2026-01-09 04:56:10'),(405,'2025-02-15 21:03:00','2025-02-15 21:13:00',10.00,'livree',1,'2026-01-09 04:56:10'),(408,'2025-02-16 01:44:00','2025-02-16 01:59:00',15.00,'livree',6,'2026-01-09 04:56:10'),(409,'2025-02-16 04:10:00','2025-02-16 04:20:00',10.00,'livree',6,'2026-01-09 04:56:10'),(410,'2025-02-16 04:55:00','2025-02-16 05:07:00',12.00,'livree',2,'2026-01-09 04:56:10'),(413,'2025-02-16 10:04:00','2025-02-16 10:12:00',8.00,'livree',4,'2026-01-09 04:56:10'),(415,'2025-02-16 13:09:00','2025-02-16 13:22:00',13.00,'livree',6,'2026-01-09 04:56:10'),(416,'2025-02-16 17:43:00','2025-02-16 17:51:00',8.00,'livree',2,'2026-01-09 04:56:10'),(417,'2025-02-17 00:37:00','2025-02-17 00:55:00',18.00,'livree',4,'2026-01-09 04:56:10'),(418,'2025-02-17 02:18:00','2025-02-17 02:29:00',11.00,'livree',1,'2026-01-09 04:56:10'),(419,'2025-02-17 03:16:00','2025-02-17 03:24:00',8.00,'livree',5,'2026-01-09 04:56:10'),(420,'2025-02-17 04:05:00','2025-02-17 04:20:00',15.00,'livree',4,'2026-01-09 04:56:10'),(424,'2025-02-17 10:55:00','2025-02-17 11:06:00',11.00,'livree',4,'2026-01-09 04:56:10'),(425,'2025-02-17 11:19:00','2025-02-17 11:35:00',16.00,'livree',2,'2026-01-09 04:56:10'),(430,'2025-02-17 17:41:00','2025-02-17 17:49:00',8.00,'livree',2,'2026-01-09 04:56:10'),(431,'2025-02-17 20:33:00','2025-02-17 20:43:00',10.00,'livree',6,'2026-01-09 04:56:10'),(432,'2025-02-17 22:24:00','2025-02-17 22:35:00',11.00,'annulee',6,'2026-01-09 04:56:10'),(435,'2025-02-18 01:40:00','2025-02-18 01:54:00',14.00,'annulee',1,'2026-01-09 04:56:10'),(441,'2025-02-18 07:00:00','2025-02-18 07:11:00',11.00,'livree',4,'2026-01-09 04:56:10'),(444,'2025-02-18 14:11:00','2025-02-18 14:22:00',11.00,'annulee',3,'2026-01-09 04:56:10'),(449,'2025-02-18 22:42:00','2025-02-18 22:50:00',8.00,'livree',4,'2026-01-09 04:56:10'),(450,'2025-02-18 23:21:00','2025-02-18 23:36:00',15.00,'livree',2,'2026-01-09 04:56:10'),(454,'2025-02-19 04:38:00','2025-02-19 04:50:00',12.00,'livree',6,'2026-01-09 04:56:10'),(455,'2025-02-19 11:04:00','2025-02-19 11:12:00',8.00,'livree',4,'2026-01-09 04:56:10'),(458,'2025-02-19 15:52:00','2025-02-19 16:03:00',11.00,'livree',5,'2026-01-09 04:56:10'),(461,'2025-02-20 03:29:00','2025-02-20 03:40:00',11.00,'livree',5,'2026-01-09 04:56:10'),(468,'2025-02-20 23:42:00','2025-02-20 23:52:00',10.00,'livree',6,'2026-01-09 04:56:10'),(472,'2025-02-21 08:16:00','2025-02-21 08:27:00',11.00,'livree',6,'2026-01-09 04:56:10'),(474,'2025-02-21 10:14:00','2025-02-21 10:27:00',13.00,'livree',4,'2026-01-09 04:56:10'),(476,'2025-02-21 19:18:00','2025-02-21 19:31:00',13.00,'livree',5,'2026-01-09 04:56:10'),(477,'2025-02-21 19:16:00','2025-02-21 19:27:00',11.00,'livree',3,'2026-01-09 04:56:10'),(479,'2025-02-21 23:13:00','2025-02-21 23:27:00',14.00,'livree',4,'2026-01-09 04:56:10'),(480,'2025-02-22 00:25:00','2025-02-22 00:35:00',10.00,'livree',5,'2026-01-09 04:56:10'),(481,'2025-02-22 06:59:00','2025-02-22 07:09:00',10.00,'livree',2,'2026-01-09 04:56:10'),(486,'2025-02-22 13:07:00','2025-02-22 13:19:00',12.00,'livree',6,'2026-01-09 04:56:10'),(487,'2025-02-22 13:15:00','2025-02-22 13:29:00',14.00,'livree',1,'2026-01-09 04:56:10'),(490,'2025-02-22 20:39:00','2025-02-22 20:56:00',17.00,'livree',3,'2026-01-09 04:56:10'),(493,'2025-02-23 01:29:00','2025-02-23 01:47:00',18.00,'livree',4,'2026-01-09 04:56:10'),(496,'2025-02-23 02:48:00','2025-02-23 03:00:00',12.00,'livree',4,'2026-01-09 04:56:10'),(498,'2025-02-23 04:41:00','2025-02-23 04:50:00',9.00,'livree',1,'2026-01-09 04:56:10'),(500,'2025-02-23 05:01:00','2025-02-23 05:10:00',9.00,'livree',2,'2026-01-09 04:56:10'),(501,'2025-02-23 06:53:00','2025-02-23 07:05:00',12.00,'livree',5,'2026-01-09 04:56:10'),(502,'2025-02-23 07:24:00','2025-02-23 07:32:00',8.00,'livree',2,'2026-01-09 04:56:10'),(505,'2025-02-23 17:25:00','2025-02-23 17:40:00',15.00,'livree',5,'2026-01-09 04:56:10'),(507,'2025-02-23 21:35:00','2025-02-23 21:50:00',15.00,'livree',2,'2026-01-09 04:56:10'),(512,'2025-02-24 05:31:00','2025-02-24 05:45:00',14.00,'livree',1,'2026-01-09 04:56:10'),(514,'2025-02-24 07:36:00','2025-02-24 07:54:00',18.00,'livree',4,'2026-01-09 04:56:10'),(516,'2025-02-24 15:57:00','2025-02-24 16:10:00',13.00,'livree',3,'2026-01-09 04:56:10'),(517,'2025-02-24 19:41:00','2025-02-24 19:57:00',16.00,'livree',3,'2026-01-09 04:56:10'),(518,'2025-02-24 19:45:00','2025-02-24 20:02:00',17.00,'livree',4,'2026-01-09 04:56:10'),(519,'2025-02-24 23:40:00','2025-02-24 23:52:00',12.00,'livree',2,'2026-01-09 04:56:10'),(525,'2025-02-25 12:15:00','2025-02-25 12:28:00',13.00,'livree',1,'2026-01-09 04:56:10'),(526,'2025-02-25 14:54:00','2025-02-25 15:06:00',12.00,'livree',4,'2026-01-09 04:56:10'),(532,'2025-02-26 03:08:00','2025-02-26 03:21:00',13.00,'livree',2,'2026-01-09 04:56:10'),(533,'2025-02-26 04:47:00','2025-02-26 05:00:00',13.00,'livree',2,'2026-01-09 04:56:10'),(535,'2025-02-26 08:26:00','2025-02-26 08:38:00',12.00,'livree',1,'2026-01-09 04:56:10'),(537,'2025-02-26 11:42:00','2025-02-26 12:00:00',18.00,'livree',5,'2026-01-09 04:56:10'),(538,'2025-02-26 14:38:00','2025-02-26 14:49:00',11.00,'livree',3,'2026-01-09 04:56:10'),(539,'2025-02-26 16:34:00','2025-02-26 16:52:00',18.00,'livree',1,'2026-01-09 04:56:10'),(542,'2025-02-27 13:19:00','2025-02-27 13:33:00',14.00,'livree',5,'2026-01-09 04:56:10'),(544,'2025-02-27 22:30:00','2025-02-27 22:47:00',17.00,'livree',4,'2026-01-09 04:56:10'),(547,'2025-02-28 05:08:00','2025-02-28 05:16:00',8.00,'livree',5,'2026-01-09 04:56:10');
/*!40000 ALTER TABLE `t_livraison` ENABLE KEYS */;
UNLOCK TABLES;
/*!40103 SET TIME_ZONE=@OLD_TIME_ZONE */;

/*!40101 SET SQL_MODE=@OLD_SQL_MODE */;
/*!40014 SET FOREIGN_KEY_CHECKS=@OLD_FOREIGN_KEY_CHECKS */;
/*!40014 SET UNIQUE_CHECKS=@OLD_UNIQUE_CHECKS */;
/*!40101 SET CHARACTER_SET_CLIENT=@OLD_CHARACTER_SET_CLIENT */;
/*!40101 SET CHARACTER_SET_RESULTS=@OLD_CHARACTER_SET_RESULTS */;
/*!40101 SET COLLATION_CONNECTION=@OLD_COLLATION_CONNECTION */;
/*!40111 SET SQL_NOTES=@OLD_SQL_NOTES */;

-- Dump completed on 2026-01-09  5:05:03
-- MySQL dump 10.13  Distrib 8.0.30, for Linux (x86_64)
--
-- Host: localhost    Database: db_thanospizza
-- ------------------------------------------------------
-- Server version	8.0.30

/*!40101 SET @OLD_CHARACTER_SET_CLIENT=@@CHARACTER_SET_CLIENT */;
/*!40101 SET @OLD_CHARACTER_SET_RESULTS=@@CHARACTER_SET_RESULTS */;
/*!40101 SET @OLD_COLLATION_CONNECTION=@@COLLATION_CONNECTION */;
/*!50503 SET NAMES utf8mb4 */;
/*!40103 SET @OLD_TIME_ZONE=@@TIME_ZONE */;
/*!40103 SET TIME_ZONE='+00:00' */;
/*!40014 SET @OLD_UNIQUE_CHECKS=@@UNIQUE_CHECKS, UNIQUE_CHECKS=0 */;
/*!40014 SET @OLD_FOREIGN_KEY_CHECKS=@@FOREIGN_KEY_CHECKS, FOREIGN_KEY_CHECKS=0 */;
/*!40101 SET @OLD_SQL_MODE=@@SQL_MODE, SQL_MODE='NO_AUTO_VALUE_ON_ZERO' */;
/*!40111 SET @OLD_SQL_NOTES=@@SQL_NOTES, SQL_NOTES=0 */;

--
-- Dumping data for table `t_article`
--
-- WHERE:  backup_date >= '2026-01-09 04:35:03'

LOCK TABLES `t_article` WRITE;
/*!40000 ALTER TABLE `t_article` DISABLE KEYS */;
REPLACE INTO `t_article` (`article_id`, `nom`, `etat`, `prix_ttc`, `tva`, `type`, `parent_fk`, `backup_date`) VALUES (1,'Margherita',1,14.0000,7.70,'pizza',NULL,'2026-01-09 04:56:10'),(2,'Reine',1,18.0000,7.70,'pizza',NULL,'2026-01-09 04:56:10'),(3,'4 Fromages',1,20.0000,7.70,'pizza',NULL,'2026-01-09 04:56:10'),(4,'Vgtarienne',1,18.0000,7.70,'pizza',NULL,'2026-01-09 04:56:10'),(5,'Napolitaine',1,17.0000,7.70,'pizza',NULL,'2026-01-09 04:56:10'),(6,'Hawaenne',1,19.0000,7.70,'pizza',NULL,'2026-01-09 04:56:10'),(7,'Diavola',1,19.5000,7.70,'pizza',NULL,'2026-01-09 04:56:10'),(8,'Parmigiana',1,20.5000,7.70,'pizza',NULL,'2026-01-09 04:56:10'),(9,'Jambon',1,3.0000,2.50,'topping',NULL,'2026-01-09 04:56:10'),(10,'Champignons',1,2.5000,2.50,'topping',NULL,'2026-01-09 04:56:10'),(11,'Olives',1,2.0000,2.50,'topping',NULL,'2026-01-09 04:56:10'),(12,'Artichauts',1,2.5000,2.50,'topping',NULL,'2026-01-09 04:56:10'),(13,'Anchois',1,2.5000,2.50,'topping',NULL,'2026-01-09 04:56:10'),(14,'Chorizo',1,3.0000,2.50,'topping',NULL,'2026-01-09 04:56:10'),(15,'Poivrons',1,2.0000,2.50,'topping',NULL,'2026-01-09 04:56:10'),(16,'Oignons',1,1.5000,2.50,'topping',NULL,'2026-01-09 04:56:10'),(17,'Ananas',1,2.0000,2.50,'topping',NULL,'2026-01-09 04:56:10'),(18,'Fromage bleu',1,2.5000,2.50,'topping',NULL,'2026-01-09 04:56:10'),(19,'Parmesan',1,2.0000,2.50,'topping',NULL,'2026-01-09 04:56:10'),(20,'Jambon cru',1,3.5000,2.50,'topping',NULL,'2026-01-09 04:56:10'),(21,'Eau 50cl',1,3.0000,2.50,'boisson',NULL,'2026-01-09 04:56:10'),(22,'Cola 33cl',1,4.0000,2.50,'boisson',NULL,'2026-01-09 04:56:10'),(23,'Th froid 50cl',1,4.5000,2.50,'boisson',NULL,'2026-01-09 04:56:10'),(24,'Limonade 33cl',1,4.0000,2.50,'boisson',NULL,'2026-01-09 04:56:10'),(25,'Bire 33cl',1,5.0000,2.50,'boisson',NULL,'2026-01-09 04:56:10'),(26,'Jus d\'orange 33cl',1,4.5000,2.50,'boisson',NULL,'2026-01-09 04:56:10'),(27,'Tiramisu',1,6.0000,2.50,'dessert',NULL,'2026-01-09 04:56:10'),(28,'Panna cotta',1,6.0000,2.50,'dessert',NULL,'2026-01-09 04:56:10'),(29,'Mousse au chocolat',1,5.5000,2.50,'dessert',NULL,'2026-01-09 04:56:10'),(30,'Glace 2 boules',1,5.0000,2.50,'dessert',NULL,'2026-01-09 04:56:10');
/*!40000 ALTER TABLE `t_article` ENABLE KEYS */;
UNLOCK TABLES;
/*!40103 SET TIME_ZONE=@OLD_TIME_ZONE */;

/*!40101 SET SQL_MODE=@OLD_SQL_MODE */;
/*!40014 SET FOREIGN_KEY_CHECKS=@OLD_FOREIGN_KEY_CHECKS */;
/*!40014 SET UNIQUE_CHECKS=@OLD_UNIQUE_CHECKS */;
/*!40101 SET CHARACTER_SET_CLIENT=@OLD_CHARACTER_SET_CLIENT */;
/*!40101 SET CHARACTER_SET_RESULTS=@OLD_CHARACTER_SET_RESULTS */;
/*!40101 SET COLLATION_CONNECTION=@OLD_COLLATION_CONNECTION */;
/*!40111 SET SQL_NOTES=@OLD_SQL_NOTES */;

-- Dump completed on 2026-01-09  5:05:03
-- MySQL dump 10.13  Distrib 8.0.30, for Linux (x86_64)
--
-- Host: localhost    Database: db_thanospizza
-- ------------------------------------------------------
-- Server version	8.0.30

/*!40101 SET @OLD_CHARACTER_SET_CLIENT=@@CHARACTER_SET_CLIENT */;
/*!40101 SET @OLD_CHARACTER_SET_RESULTS=@@CHARACTER_SET_RESULTS */;
/*!40101 SET @OLD_COLLATION_CONNECTION=@@COLLATION_CONNECTION */;
/*!50503 SET NAMES utf8mb4 */;
/*!40103 SET @OLD_TIME_ZONE=@@TIME_ZONE */;
/*!40103 SET TIME_ZONE='+00:00' */;
/*!40014 SET @OLD_UNIQUE_CHECKS=@@UNIQUE_CHECKS, UNIQUE_CHECKS=0 */;
/*!40014 SET @OLD_FOREIGN_KEY_CHECKS=@@FOREIGN_KEY_CHECKS, FOREIGN_KEY_CHECKS=0 */;
/*!40101 SET @OLD_SQL_MODE=@@SQL_MODE, SQL_MODE='NO_AUTO_VALUE_ON_ZERO' */;
/*!40111 SET @OLD_SQL_NOTES=@@SQL_NOTES, SQL_NOTES=0 */;

--
-- Dumping data for table `t_client`
--
-- WHERE:  backup_date >= '2026-01-09 04:35:03'

LOCK TABLES `t_client` WRITE;
/*!40000 ALTER TABLE `t_client` DISABLE KEYS */;
REPLACE INTO `t_client` (`client_id`, `nom`, `prenom`, `mail`, `tel`, `backup_date`) VALUES (1,'Durand','Liam','liam.durand@example.ch','+41 79 859 45 41','2026-01-09 04:56:10'),(2,'Rossi','Ethan','ethan.rossi@example.ch','+41 79 854 23 96','2026-01-09 04:56:10'),(3,'Morel','Tom','tom.morel@example.ch','+41 79 704 64 14','2026-01-09 04:56:10'),(4,'Morel','La','la.morel@example.ch','+41 79 323 39 74','2026-01-09 04:56:10'),(5,'Durand','Lina','lina.durand@example.ch','+41 79 674 35 93','2026-01-09 04:56:10'),(6,'Berger','Tom','tom.berger@example.ch','+41 79 325 67 85','2026-01-09 04:56:10'),(7,'Durand','Luca','luca.durand@example.ch','+41 79 877 30 99','2026-01-09 04:56:10'),(8,'Lambert','Elya','elya.lambert@example.ch','+41 79 384 29 37','2026-01-09 04:56:10'),(9,'Favre','Nina','nina.favre@example.ch','+41 79 194 58 22','2026-01-09 04:56:10'),(10,'Favrod','Jules','jules.favrod@example.ch','+41 79 718 43 15','2026-01-09 04:56:10'),(11,'Meyer','Sofia','sofia.meyer@example.ch','+41 79 227 58 20','2026-01-09 04:56:10'),(12,'Girard','Tom','tom.girard@example.ch','+41 79 949 90 89','2026-01-09 04:56:10'),(13,'Fischer','Jules','jules.fischer@example.ch','+41 79 296 18 15','2026-01-09 04:56:10'),(14,'Girard','Ethan','ethan.girard@example.ch','+41 79 181 39 22','2026-01-09 04:56:10'),(15,'Schmid','Lna','lna.schmid@example.ch','+41 79 564 91 56','2026-01-09 04:56:10'),(16,'Favrod','Leo','leo.favrod@example.ch','+41 79 463 36 95','2026-01-09 04:56:10'),(17,'Morel','Luca','luca.morel@example.ch','+41 79 723 91 31','2026-01-09 04:56:10'),(18,'Mercier','Tom','tom.mercier@example.ch','+41 79 267 69 58','2026-01-09 04:56:10'),(19,'Meyer','Luca','luca.meyer@example.ch','+41 79 324 97 51','2026-01-09 04:56:10'),(20,'Mercier','Noah','noah.mercier@example.ch','+41 79 941 14 50','2026-01-09 04:56:10'),(21,'Schmid','Lna','lna.schmid@example.ch','+41 79 167 37 82','2026-01-09 04:56:10'),(22,'Aubert','Nina','nina.aubert@example.ch','+41 79 771 73 60','2026-01-09 04:56:10'),(23,'Rossi','Sofia','sofia.rossi@example.ch','+41 79 371 27 41','2026-01-09 04:56:10'),(24,'Meyer','Tom','tom.meyer@example.ch','+41 79 369 84 64','2026-01-09 04:56:10'),(25,'Rey','Camille','camille.rey@example.ch','+41 79 470 38 27','2026-01-09 04:56:10'),(26,'Perrin','Arthur','arthur.perrin@example.ch','+41 79 193 16 24','2026-01-09 04:56:10'),(27,'Dubois','Emma','emma.dubois@example.ch','+41 79 911 97 64','2026-01-09 04:56:10'),(28,'Morel','Lina','lina.morel@example.ch','+41 79 494 58 86','2026-01-09 04:56:10'),(29,'Gonzalez','Sofia','sofia.gonzalez@example.ch','+41 79 357 80 11','2026-01-09 04:56:10'),(30,'Meyer','Liam','liam.meyer@example.ch','+41 79 868 44 92','2026-01-09 04:56:10'),(31,'Favre','Nina','nina.favre@example.ch','+41 79 400 65 30','2026-01-09 04:56:10'),(32,'Durand','Sofia','sofia.durand@example.ch','+41 79 839 43 74','2026-01-09 04:56:10'),(33,'Gonzalez','Leo','leo.gonzalez@example.ch','+41 79 208 90 48','2026-01-09 04:56:10'),(34,'Berset','Arthur','arthur.berset@example.ch','+41 79 303 29 57','2026-01-09 04:56:10'),(35,'Meyer','Leo','leo.meyer@example.ch','+41 79 897 77 10','2026-01-09 04:56:10'),(36,'Lambert','Lina','lina.lambert@example.ch','+41 79 600 12 24','2026-01-09 04:56:10'),(37,'Girard','Jules','jules.girard@example.ch','+41 79 345 17 40','2026-01-09 04:56:10'),(38,'Morel','Camille','camille.morel@example.ch','+41 79 187 72 18','2026-01-09 04:56:10'),(39,'Rossi','Tom','tom.rossi@example.ch','+41 79 231 94 70','2026-01-09 04:56:10'),(40,'Dubois','Tom','tom.dubois@example.ch','+41 79 371 77 87','2026-01-09 04:56:10'),(41,'Aubert','Elya','elya.aubert@example.ch','+41 79 652 98 35','2026-01-09 04:56:10'),(42,'Rey','Zo','zo.rey@example.ch','+41 79 787 93 57','2026-01-09 04:56:10'),(43,'Gonzalez','Sofia','sofia.gonzalez@example.ch','+41 79 562 25 41','2026-01-09 04:56:10'),(44,'Morel','Ethan','ethan.morel@example.ch','+41 79 446 12 85','2026-01-09 04:56:10'),(45,'Mercier','Tom','tom.mercier@example.ch','+41 79 702 38 10','2026-01-09 04:56:10'),(46,'Martin','Mia','mia.martin@example.ch','+41 79 334 18 14','2026-01-09 04:56:10'),(47,'Morel','Nina','nina.morel@example.ch','+41 79 626 40 45','2026-01-09 04:56:10'),(48,'Aubert','Gabriel','gabriel.aubert@example.ch','+41 79 652 26 83','2026-01-09 04:56:10'),(49,'Perrin','Camille','camille.perrin@example.ch','+41 79 348 70 62','2026-01-09 04:56:10'),(50,'Favre','Chlo','chlo.favre@example.ch','+41 79 199 94 65','2026-01-09 04:56:10'),(51,'Berger','Jules','jules.berger@example.ch','+41 79 520 69 16','2026-01-09 04:56:10'),(52,'Martin','Liam','liam.martin@example.ch','+41 79 512 53 23','2026-01-09 04:56:10'),(53,'Aubert','Ethan','ethan.aubert@example.ch','+41 79 294 78 67','2026-01-09 04:56:10'),(54,'Berger','Emma','emma.berger@example.ch','+41 79 287 45 69','2026-01-09 04:56:10'),(55,'Morel','Ethan','ethan.morel@example.ch','+41 79 553 80 22','2026-01-09 04:56:10'),(56,'Meyer','Noah','noah.meyer@example.ch','+41 79 956 11 21','2026-01-09 04:56:10'),(57,'Dubois','Ethan','ethan.dubois@example.ch','+41 79 516 72 71','2026-01-09 04:56:10'),(58,'Rey','Chlo','chlo.rey@example.ch','+41 79 160 31 58','2026-01-09 04:56:10'),(59,'Rey','La','la.rey@example.ch','+41 79 371 68 46','2026-01-09 04:56:10'),(60,'Meyer','Elya','elya.meyer@example.ch','+41 79 777 72 29','2026-01-09 04:56:10'),(61,'Girard','Chlo','chlo.girard@example.ch','+41 79 322 17 84','2026-01-09 04:56:10'),(62,'Martin','Tom','tom.martin@example.ch','+41 79 865 50 17','2026-01-09 04:56:10'),(63,'Fischer','Noah','noah.fischer@example.ch','+41 79 588 74 77','2026-01-09 04:56:10'),(64,'Martin','Leo','leo.martin@example.ch','+41 79 620 20 33','2026-01-09 04:56:10'),(65,'Berset','Mia','mia.berset@example.ch','+41 79 169 96 40','2026-01-09 04:56:10'),(66,'Favre','Lna','lna.favre@example.ch','+41 79 683 41 84','2026-01-09 04:56:10'),(67,'Martin','Lina','lina.martin@example.ch','+41 79 734 20 63','2026-01-09 04:56:10'),(68,'Fischer','Camille','camille.fischer@example.ch','+41 79 635 50 43','2026-01-09 04:56:10'),(69,'Lambert','Chlo','chlo.lambert@example.ch','+41 79 344 43 60','2026-01-09 04:56:10'),(70,'Girard','Emma','emma.girard@example.ch','+41 79 568 50 19','2026-01-09 04:56:10'),(71,'Richard','La','la.richard@example.ch','+41 79 736 82 22','2026-01-09 04:56:10'),(72,'Meyer','Mia','mia.meyer@example.ch','+41 79 318 74 43','2026-01-09 04:56:10'),(73,'Favrod','Emma','emma.favrod@example.ch','+41 79 170 41 57','2026-01-09 04:56:10'),(74,'Dubois','Zo','zo.dubois@example.ch','+41 79 548 79 48','2026-01-09 04:56:10'),(75,'Gonzalez','Lina','lina.gonzalez@example.ch','+41 79 108 95 80','2026-01-09 04:56:10'),(76,'Favre','Zo','zo.favre@example.ch','+41 79 999 27 43','2026-01-09 04:56:10'),(77,'Favre','Liam','liam.favre@example.ch','+41 79 860 80 29','2026-01-09 04:56:10'),(78,'Girard','Luca','luca.girard@example.ch','+41 79 719 36 53','2026-01-09 04:56:10'),(79,'Schmid','Chlo','chlo.schmid@example.ch','+41 79 617 72 42','2026-01-09 04:56:10'),(80,'Morel','Noah','noah.morel@example.ch','+41 79 749 64 45','2026-01-09 04:56:10'),(81,'Durand','Noah','noah.durand@example.ch','+41 79 441 26 91','2026-01-09 04:56:10'),(82,'Dubois','Luca','luca.dubois@example.ch','+41 79 859 66 80','2026-01-09 04:56:10'),(83,'Meyer','Elya','elya.meyer@example.ch','+41 79 109 24 19','2026-01-09 04:56:10'),(84,'Meyer','Emma','emma.meyer@example.ch','+41 79 136 57 84','2026-01-09 04:56:10'),(85,'Rossi','Tom','tom.rossi@example.ch','+41 79 540 26 15','2026-01-09 04:56:10'),(86,'Favrod','Zo','zo.favrod@example.ch','+41 79 915 15 55','2026-01-09 04:56:10'),(87,'Mercier','Chlo','chlo.mercier@example.ch','+41 79 782 23 55','2026-01-09 04:56:10'),(88,'Berger','Tom','tom.berger@example.ch','+41 79 735 29 40','2026-01-09 04:56:10'),(89,'Dubois','Leo','leo.dubois@example.ch','+41 79 522 13 32','2026-01-09 04:56:10'),(90,'Berger','Nina','nina.berger@example.ch','+41 79 921 95 41','2026-01-09 04:56:10'),(91,'Dubois','Luca','luca.dubois@example.ch','+41 79 906 99 23','2026-01-09 04:56:10'),(92,'Martin','Lna','lna.martin@example.ch','+41 79 979 70 38','2026-01-09 04:56:10'),(93,'Richard','Chlo','chlo.richard@example.ch','+41 79 458 49 39','2026-01-09 04:56:10'),(94,'Durand','Ethan','ethan.durand@example.ch','+41 79 775 34 61','2026-01-09 04:56:10'),(95,'Schmid','Nina','nina.schmid@example.ch','+41 79 985 18 45','2026-01-09 04:56:10'),(96,'Gonzalez','Jules','jules.gonzalez@example.ch','+41 79 509 96 78','2026-01-09 04:56:10'),(97,'Durand','Nina','nina.durand@example.ch','+41 79 218 43 32','2026-01-09 04:56:10'),(98,'Schmid','Camille','camille.schmid@example.ch','+41 79 139 23 86','2026-01-09 04:56:10'),(99,'Favrod','Elya','elya.favrod@example.ch','+41 79 846 50 65','2026-01-09 04:56:10'),(100,'Gonzalez','Lina','lina.gonzalez@example.ch','+41 79 218 59 83','2026-01-09 04:56:10'),(101,'Schmid','Chlo','chlo.schmid@example.ch','+41 79 145 65 10','2026-01-09 04:56:10'),(102,'Meyer','Arthur','arthur.meyer@example.ch','+41 79 803 95 35','2026-01-09 04:56:10'),(103,'Berger','Jules','jules.berger@example.ch','+41 79 171 95 52','2026-01-09 04:56:10'),(104,'Lambert','Lina','lina.lambert@example.ch','+41 79 779 25 48','2026-01-09 04:56:10'),(105,'Girard','Arthur','arthur.girard@example.ch','+41 79 782 62 51','2026-01-09 04:56:10'),(106,'Girard','Lna','lna.girard@example.ch','+41 79 667 26 34','2026-01-09 04:56:10'),(107,'Rey','Elya','elya.rey@example.ch','+41 79 793 32 88','2026-01-09 04:56:10'),(108,'Girard','Camille','camille.girard@example.ch','+41 79 515 80 10','2026-01-09 04:56:10'),(109,'Girard','Zo','zo.girard@example.ch','+41 79 315 65 84','2026-01-09 04:56:10'),(110,'Lambert','Lina','lina.lambert@example.ch','+41 79 576 66 66','2026-01-09 04:56:10'),(111,'Gonzalez','Chlo','chlo.gonzalez@example.ch','+41 79 584 31 94','2026-01-09 04:56:10'),(112,'Girard','Mia','mia.girard@example.ch','+41 79 627 94 91','2026-01-09 04:56:10'),(113,'Lambert','Lina','lina.lambert@example.ch','+41 79 195 40 96','2026-01-09 04:56:10'),(114,'Mercier','Zo','zo.mercier@example.ch','+41 79 925 35 28','2026-01-09 04:56:10'),(115,'Martin','La','la.martin@example.ch','+41 79 350 70 88','2026-01-09 04:56:10'),(116,'Richard','Mia','mia.richard@example.ch','+41 79 524 90 83','2026-01-09 04:56:10'),(117,'Rey','Chlo','chlo.rey@example.ch','+41 79 606 61 41','2026-01-09 04:56:10'),(118,'Durand','Emma','emma.durand@example.ch','+41 79 868 23 64','2026-01-09 04:56:10'),(119,'Dubois','Ethan','ethan.dubois@example.ch','+41 79 923 99 76','2026-01-09 04:56:10'),(120,'Martin','Sofia','sofia.martin@example.ch','+41 79 670 41 25','2026-01-09 04:56:10'),(121,'Rossi','Sofia','sofia.rossi@example.ch','+41 79 920 69 95','2026-01-09 04:56:10'),(122,'Meyer','Arthur','arthur.meyer@example.ch','+41 79 709 50 66','2026-01-09 04:56:10'),(123,'Gonzalez','Lina','lina.gonzalez@example.ch','+41 79 536 80 67','2026-01-09 04:56:10'),(124,'Perrin','Leo','leo.perrin@example.ch','+41 79 560 43 41','2026-01-09 04:56:10'),(125,'Gonzalez','Luca','luca.gonzalez@example.ch','+41 79 596 90 40','2026-01-09 04:56:10'),(126,'Richard','Luca','luca.richard@example.ch','+41 79 179 46 40','2026-01-09 04:56:10'),(127,'Lambert','Luca','luca.lambert@example.ch','+41 79 427 79 20','2026-01-09 04:56:10'),(128,'Rossi','Emma','emma.rossi@example.ch','+41 79 336 59 98','2026-01-09 04:56:10'),(129,'Aubert','Emma','emma.aubert@example.ch','+41 79 165 63 62','2026-01-09 04:56:10'),(130,'Meyer','Nina','nina.meyer@example.ch','+41 79 577 63 17','2026-01-09 04:56:10'),(131,'Berger','Chlo','chlo.berger@example.ch','+41 79 498 84 99','2026-01-09 04:56:10'),(132,'Fischer','La','la.fischer@example.ch','+41 79 489 71 10','2026-01-09 04:56:10'),(133,'Girard','Jules','jules.girard@example.ch','+41 79 871 59 63','2026-01-09 04:56:10'),(134,'Meyer','Tom','tom.meyer@example.ch','+41 79 919 87 38','2026-01-09 04:56:10'),(135,'Mercier','Gabriel','gabriel.mercier@example.ch','+41 79 379 65 72','2026-01-09 04:56:10'),(136,'Rey','La','la.rey@example.ch','+41 79 444 95 96','2026-01-09 04:56:10'),(137,'Dubois','Lna','lna.dubois@example.ch','+41 79 960 69 26','2026-01-09 04:56:10'),(138,'Meyer','Lina','lina.meyer@example.ch','+41 79 127 60 85','2026-01-09 04:56:10'),(139,'Durand','Camille','camille.durand@example.ch','+41 79 185 92 64','2026-01-09 04:56:10'),(140,'Richard','Emma','emma.richard@example.ch','+41 79 286 16 43','2026-01-09 04:56:10'),(141,'Lambert','Lna','lna.lambert@example.ch','+41 79 316 68 51','2026-01-09 04:56:10'),(142,'Rey','Nina','nina.rey@example.ch','+41 79 384 63 42','2026-01-09 04:56:10'),(143,'Perrin','Mia','mia.perrin@example.ch','+41 79 119 79 16','2026-01-09 04:56:10'),(144,'Mercier','Jules','jules.mercier@example.ch','+41 79 765 18 93','2026-01-09 04:56:10'),(145,'Durand','Noah','noah.durand@example.ch','+41 79 353 35 12','2026-01-09 04:56:10'),(146,'Rossi','Lina','lina.rossi@example.ch','+41 79 344 26 70','2026-01-09 04:56:10'),(147,'Fischer','Liam','liam.fischer@example.ch','+41 79 323 69 99','2026-01-09 04:56:10'),(148,'Favrod','Luca','luca.favrod@example.ch','+41 79 271 87 87','2026-01-09 04:56:10'),(149,'Dubois','Liam','liam.dubois@example.ch','+41 79 418 23 84','2026-01-09 04:56:10'),(150,'Girard','La','la.girard@example.ch','+41 79 689 96 58','2026-01-09 04:56:10'),(151,'Aubert','Lna','lna.aubert@example.ch','+41 79 177 85 98','2026-01-09 04:56:10'),(152,'Favre','Ethan','ethan.favre@example.ch','+41 79 813 48 97','2026-01-09 04:56:10'),(153,'Favre','Lina','lina.favre@example.ch','+41 79 915 82 15','2026-01-09 04:56:10'),(154,'Meyer','Jules','jules.meyer@example.ch','+41 79 538 94 57','2026-01-09 04:56:10'),(155,'Gonzalez','Mia','mia.gonzalez@example.ch','+41 79 763 53 11','2026-01-09 04:56:10'),(156,'Perrin','Elya','elya.perrin@example.ch','+41 79 208 65 56','2026-01-09 04:56:10'),(157,'Rossi','Sofia','sofia.rossi@example.ch','+41 79 545 32 76','2026-01-09 04:56:10'),(158,'Berset','Luca','luca.berset@example.ch','+41 79 927 78 71','2026-01-09 04:56:10'),(159,'Berger','Sofia','sofia.berger@example.ch','+41 79 945 85 44','2026-01-09 04:56:10'),(160,'Mercier','Nina','nina.mercier@example.ch','+41 79 950 21 45','2026-01-09 04:56:10'),(161,'Mercier','Sofia','sofia.mercier@example.ch','+41 79 868 69 82','2026-01-09 04:56:10'),(162,'Rey','Lina','lina.rey@example.ch','+41 79 444 13 73','2026-01-09 04:56:10'),(163,'Dubois','Nina','nina.dubois@example.ch','+41 79 599 37 55','2026-01-09 04:56:10'),(164,'Lambert','Luca','luca.lambert@example.ch','+41 79 386 86 99','2026-01-09 04:56:10'),(165,'Meyer','Luca','luca.meyer@example.ch','+41 79 110 76 34','2026-01-09 04:56:10'),(166,'Mercier','Mia','mia.mercier@example.ch','+41 79 837 62 72','2026-01-09 04:56:10'),(167,'Mercier','Tom','tom.mercier@example.ch','+41 79 807 70 92','2026-01-09 04:56:10'),(168,'Richard','Gabriel','gabriel.richard@example.ch','+41 79 911 12 21','2026-01-09 04:56:10'),(169,'Mercier','Zo','zo.mercier@example.ch','+41 79 514 98 41','2026-01-09 04:56:10'),(170,'Fischer','Zo','zo.fischer@example.ch','+41 79 477 70 80','2026-01-09 04:56:10'),(171,'Favrod','Arthur','arthur.favrod@example.ch','+41 79 535 80 52','2026-01-09 04:56:10'),(172,'Richard','Jules','jules.richard@example.ch','+41 79 377 49 42','2026-01-09 04:56:10'),(173,'Favre','Ethan','ethan.favre@example.ch','+41 79 838 34 50','2026-01-09 04:56:10'),(174,'Meyer','Liam','liam.meyer@example.ch','+41 79 880 98 33','2026-01-09 04:56:10'),(175,'Aubert','Chlo','chlo.aubert@example.ch','+41 79 856 71 45','2026-01-09 04:56:10'),(176,'Gonzalez','Camille','camille.gonzalez@example.ch','+41 79 711 46 22','2026-01-09 04:56:10'),(177,'Girard','Chlo','chlo.girard@example.ch','+41 79 332 56 32','2026-01-09 04:56:10'),(178,'Durand','Zo','zo.durand@example.ch','+41 79 825 78 26','2026-01-09 04:56:10'),(179,'Martin','Luca','luca.martin@example.ch','+41 79 155 80 47','2026-01-09 04:56:10'),(180,'Perrin','Emma','emma.perrin@example.ch','+41 79 205 11 83','2026-01-09 04:56:10'),(181,'Perrin','Zo','zo.perrin@example.ch','+41 79 590 66 53','2026-01-09 04:56:10'),(182,'Martin','Leo','leo.martin@example.ch','+41 79 358 71 24','2026-01-09 04:56:10'),(183,'Rey','Mia','mia.rey@example.ch','+41 79 603 19 83','2026-01-09 04:56:10'),(184,'Rossi','Noah','noah.rossi@example.ch','+41 79 252 82 48','2026-01-09 04:56:10'),(185,'Mercier','Mia','mia.mercier@example.ch','+41 79 221 81 63','2026-01-09 04:56:10'),(186,'Berset','Lina','lina.berset@example.ch','+41 79 909 89 38','2026-01-09 04:56:10'),(187,'Rey','Arthur','arthur.rey@example.ch','+41 79 561 66 48','2026-01-09 04:56:10'),(188,'Berger','Camille','camille.berger@example.ch','+41 79 412 82 89','2026-01-09 04:56:10'),(189,'Berset','Noah','noah.berset@example.ch','+41 79 857 22 36','2026-01-09 04:56:10'),(190,'Schmid','Chlo','chlo.schmid@example.ch','+41 79 776 20 30','2026-01-09 04:56:10'),(191,'Dubois','Ethan','ethan.dubois@example.ch','+41 79 665 19 30','2026-01-09 04:56:10'),(192,'Berger','La','la.berger@example.ch','+41 79 561 98 86','2026-01-09 04:56:10'),(193,'Girard','Gabriel','gabriel.girard@example.ch','+41 79 133 39 46','2026-01-09 04:56:10'),(194,'Richard','Zo','zo.richard@example.ch','+41 79 172 97 39','2026-01-09 04:56:10'),(195,'Fischer','Luca','luca.fischer@example.ch','+41 79 777 35 64','2026-01-09 04:56:10'),(196,'Meyer','Liam','liam.meyer@example.ch','+41 79 330 92 29','2026-01-09 04:56:10'),(197,'Rossi','Luca','luca.rossi@example.ch','+41 79 173 17 31','2026-01-09 04:56:10'),(198,'Berset','Zo','zo.berset@example.ch','+41 79 866 82 46','2026-01-09 04:56:10'),(199,'Favre','Sofia','sofia.favre@example.ch','+41 79 579 98 48','2026-01-09 04:56:10'),(200,'Schmid','Lna','lna.schmid@example.ch','+41 79 612 79 73','2026-01-09 04:56:10'),(201,'Morel','Sofia','sofia.morel@example.ch','+41 79 712 15 65','2026-01-09 04:56:10'),(202,'Berset','Nina','nina.berset@example.ch','+41 79 356 13 21','2026-01-09 04:56:10'),(203,'Fischer','Ethan','ethan.fischer@example.ch','+41 79 701 12 96','2026-01-09 04:56:10'),(204,'Fischer','Luca','luca.fischer@example.ch','+41 79 141 32 70','2026-01-09 04:56:10'),(205,'Richard','Arthur','arthur.richard@example.ch','+41 79 384 33 84','2026-01-09 04:56:10'),(206,'Perrin','Elya','elya.perrin@example.ch','+41 79 193 70 54','2026-01-09 04:56:10'),(207,'Lambert','Elya','elya.lambert@example.ch','+41 79 428 95 23','2026-01-09 04:56:10'),(208,'Lambert','Leo','leo.lambert@example.ch','+41 79 521 98 73','2026-01-09 04:56:10'),(209,'Rey','Zo','zo.rey@example.ch','+41 79 933 80 14','2026-01-09 04:56:10'),(210,'Morel','Sofia','sofia.morel@example.ch','+41 79 422 42 51','2026-01-09 04:56:10'),(211,'Rey','Liam','liam.rey@example.ch','+41 79 985 75 10','2026-01-09 04:56:10'),(212,'Richard','Tom','tom.richard@example.ch','+41 79 523 16 34','2026-01-09 04:56:10'),(213,'Favrod','Arthur','arthur.favrod@example.ch','+41 79 737 73 90','2026-01-09 04:56:10'),(214,'Martin','Sofia','sofia.martin@example.ch','+41 79 308 44 80','2026-01-09 04:56:10'),(215,'Girard','Emma','emma.girard@example.ch','+41 79 548 99 72','2026-01-09 04:56:10'),(216,'Durand','Liam','liam.durand@example.ch','+41 79 745 87 40','2026-01-09 04:56:10'),(217,'Girard','Leo','leo.girard@example.ch','+41 79 664 11 80','2026-01-09 04:56:10'),(218,'Morel','Elya','elya.morel@example.ch','+41 79 330 24 69','2026-01-09 04:56:10'),(219,'Rossi','Liam','liam.rossi@example.ch','+41 79 610 47 75','2026-01-09 04:56:10'),(220,'Berger','Luca','luca.berger@example.ch','+41 79 954 71 70','2026-01-09 04:56:10'),(221,'Test','User','test.user@exemple.ch','0790000000','2026-01-09 05:04:36');
/*!40000 ALTER TABLE `t_client` ENABLE KEYS */;
UNLOCK TABLES;
/*!40103 SET TIME_ZONE=@OLD_TIME_ZONE */;

/*!40101 SET SQL_MODE=@OLD_SQL_MODE */;
/*!40014 SET FOREIGN_KEY_CHECKS=@OLD_FOREIGN_KEY_CHECKS */;
/*!40014 SET UNIQUE_CHECKS=@OLD_UNIQUE_CHECKS */;
/*!40101 SET CHARACTER_SET_CLIENT=@OLD_CHARACTER_SET_CLIENT */;
/*!40101 SET CHARACTER_SET_RESULTS=@OLD_CHARACTER_SET_RESULTS */;
/*!40101 SET COLLATION_CONNECTION=@OLD_COLLATION_CONNECTION */;
/*!40111 SET SQL_NOTES=@OLD_SQL_NOTES */;

-- Dump completed on 2026-01-09  5:05:03
-- MySQL dump 10.13  Distrib 8.0.30, for Linux (x86_64)
--
-- Host: localhost    Database: db_thanospizza
-- ------------------------------------------------------
-- Server version	8.0.30

/*!40101 SET @OLD_CHARACTER_SET_CLIENT=@@CHARACTER_SET_CLIENT */;
/*!40101 SET @OLD_CHARACTER_SET_RESULTS=@@CHARACTER_SET_RESULTS */;
/*!40101 SET @OLD_COLLATION_CONNECTION=@@COLLATION_CONNECTION */;
/*!50503 SET NAMES utf8mb4 */;
/*!40103 SET @OLD_TIME_ZONE=@@TIME_ZONE */;
/*!40103 SET TIME_ZONE='+00:00' */;
/*!40014 SET @OLD_UNIQUE_CHECKS=@@UNIQUE_CHECKS, UNIQUE_CHECKS=0 */;
/*!40014 SET @OLD_FOREIGN_KEY_CHECKS=@@FOREIGN_KEY_CHECKS, FOREIGN_KEY_CHECKS=0 */;
/*!40101 SET @OLD_SQL_MODE=@@SQL_MODE, SQL_MODE='NO_AUTO_VALUE_ON_ZERO' */;
/*!40111 SET @OLD_SQL_NOTES=@@SQL_NOTES, SQL_NOTES=0 */;

--
-- Dumping data for table `t_adresse`
--
-- WHERE:  backup_date >= '2026-01-09 04:35:03'

LOCK TABLES `t_adresse` WRITE;
/*!40000 ALTER TABLE `t_adresse` DISABLE KEYS */;
REPLACE INTO `t_adresse` (`adresse_id`, `rue`, `ville`, `npa`, `longitude`, `latitude`, `backup_date`) VALUES (1,'Avenue d\'Echallens 25','Lausanne','1005','6.550824','46.592187','2026-01-09 04:56:10'),(2,'Avenue de Morges 36','Lausanne','1005','6.585441','46.577268','2026-01-09 04:56:10'),(3,'Avenue de Svelin 37','Jouxtens-Mzery','1008','6.583748','46.572605','2026-01-09 04:56:10'),(4,'Rue de Genve 58','Lausanne','1007','6.534512','46.553858','2026-01-09 04:56:10'),(5,'Avenue de Beaulieu 120','Chavannes-prs-Renens','1022','6.518865','46.532178','2026-01-09 04:56:10'),(6,'Rue du Nord 110','Chavannes-prs-Renens','1022','6.504365','46.577554','2026-01-09 04:56:10'),(7,'Avenue d\'Echallens 85','Chavannes-prs-Renens','1022','6.565202','46.579239','2026-01-09 04:56:10'),(8,'Rue de Genve 65','Lausanne','1003','6.533199','46.596535','2026-01-09 04:56:10'),(9,'Avenue de Beaulieu 13','Lausanne','1004','6.545693','46.552595','2026-01-09 04:56:10'),(10,'Chemin des Falaises 20','Chavannes-prs-Renens','1022','6.578153','46.507483','2026-01-09 04:56:10'),(11,'Chemin des Falaises 11','Chavannes-prs-Renens','1022','6.585234','46.585177','2026-01-09 04:56:10'),(12,'Chemin de Bellerive 81','Chavannes-prs-Renens','1022','6.57594','46.571872','2026-01-09 04:56:10'),(13,'Chemin de Montelly 9','Lausanne','1003','6.56844','46.523477','2026-01-09 04:56:10'),(14,'Avenue de Cour 12','Renens VD','1020','6.509844','46.543397','2026-01-09 04:56:10'),(15,'Avenue de Beaulieu 22','Lausanne','1004','6.590342','46.5694','2026-01-09 04:56:10'),(16,'Chemin de Maillefer 46','Lausanne','1003','6.514557','46.537484','2026-01-09 04:56:10'),(17,'Chemin de Montelly 88','Chavannes-prs-Renens','1022','6.516998','46.579252','2026-01-09 04:56:10'),(18,'Chemin de Montelly 88','Chavannes-prs-Renens','1022','6.591283','46.524083','2026-01-09 04:56:10'),(19,'Rue du Nord 60','Lausanne','1005','6.545957','46.56379','2026-01-09 04:56:10'),(20,'Chemin de Maillefer 87','Lausanne','1007','6.507386','46.55466','2026-01-09 04:56:10'),(21,'Chemin des Falaises 55','Jouxtens-Mzery','1008','6.545684','46.569031','2026-01-09 04:56:10'),(22,'Avenue de Beaulieu 14','Chavannes-prs-Renens','1022','6.557192','46.523721','2026-01-09 04:56:10'),(23,'Avenue de Svelin 107','Jouxtens-Mzery','1008','6.527448','46.565823','2026-01-09 04:56:10'),(24,'Chemin de Montelly 96','Lausanne','1003','6.590416','46.549673','2026-01-09 04:56:10'),(25,'Chemin de Montelly 103','Renens VD','1020','6.563662','46.535232','2026-01-09 04:56:10'),(26,'Chemin des Falaises 13','Lausanne','1005','6.564634','46.59034','2026-01-09 04:56:10'),(27,'Avenue de Svelin 75','Lausanne','1007','6.513141','46.536486','2026-01-09 04:56:10'),(28,'Avenue de Cour 54','Crissier','1023','6.513216','46.517564','2026-01-09 04:56:10'),(29,'Chemin de Pierrefleur 65','Crissier','1023','6.583047','46.591349','2026-01-09 04:56:10'),(30,'Avenue de Provence 38','Lausanne','1007','6.533872','46.574656','2026-01-09 04:56:10'),(31,'Rue de Genve 97','Lausanne','1004','6.586014','46.59665','2026-01-09 04:56:10'),(32,'Avenue de Provence 72','Chavannes-prs-Renens','1022','6.579068','46.536578','2026-01-09 04:56:10'),(33,'Avenue de Beaulieu 48','Lausanne','1004','6.567234','46.567283','2026-01-09 04:56:10'),(34,'Chemin des Falaises 48','Chavannes-prs-Renens','1022','6.523382','46.510835','2026-01-09 04:56:10'),(35,'Chemin de Montelly 29','Crissier','1023','6.56354','46.564765','2026-01-09 04:56:10'),(36,'Avenue de Cour 39','Lausanne','1007','6.511668','46.564924','2026-01-09 04:56:10'),(37,'Chemin de Maillefer 64','Lausanne','1003','6.52348','46.511612','2026-01-09 04:56:10'),(38,'Avenue d\'Echallens 59','Lausanne','1005','6.594938','46.537101','2026-01-09 04:56:10'),(39,'Chemin de Montelly 96','Chavannes-prs-Renens','1022','6.588541','46.57266','2026-01-09 04:56:10'),(40,'Chemin de Montelly 53','Lausanne','1007','6.527974','46.593905','2026-01-09 04:56:10'),(41,'Avenue de Beaulieu 57','Renens VD','1020','6.585545','46.595056','2026-01-09 04:56:10'),(42,'Chemin de Pierrefleur 116','Crissier','1023','6.535867','46.597784','2026-01-09 04:56:10'),(43,'Chemin de Maillefer 25','Chavannes-prs-Renens','1022','6.594901','46.596821','2026-01-09 04:56:10'),(44,'Chemin des Falaises 28','Lausanne','1004','6.559715','46.56417','2026-01-09 04:56:10'),(45,'Rue du Nord 17','Crissier','1023','6.520521','46.578698','2026-01-09 04:56:10'),(46,'Chemin de Montelly 28','Renens VD','1020','6.5233','46.581305','2026-01-09 04:56:10'),(47,'Chemin de Maillefer 110','Lausanne','1003','6.598753','46.598403','2026-01-09 04:56:10'),(48,'Avenue de Morges 85','Lausanne','1005','6.51318','46.586645','2026-01-09 04:56:10'),(49,'Chemin de Montelly 42','Renens VD','1020','6.526537','46.501578','2026-01-09 04:56:10'),(50,'Chemin de Pierrefleur 15','Chavannes-prs-Renens','1022','6.547625','46.574567','2026-01-09 04:56:10'),(51,'Chemin de Pierrefleur 76','Crissier','1023','6.550384','46.510905','2026-01-09 04:56:10'),(52,'Avenue de Cour 101','Lausanne','1003','6.56589','46.590875','2026-01-09 04:56:10'),(53,'Avenue de Svelin 62','Lausanne','1003','6.542627','46.58473','2026-01-09 04:56:10'),(54,'Avenue de Morges 116','Lausanne','1007','6.56083','46.508079','2026-01-09 04:56:10'),(55,'Rue de Genve 36','Lausanne','1004','6.558536','46.562432','2026-01-09 04:56:10'),(56,'Chemin de Montelly 68','Chavannes-prs-Renens','1022','6.550555','46.52949','2026-01-09 04:56:10'),(57,'Chemin des Falaises 84','Lausanne','1004','6.555134','46.587771','2026-01-09 04:56:10'),(58,'Avenue de Beaulieu 114','Chavannes-prs-Renens','1022','6.533893','46.522849','2026-01-09 04:56:10'),(59,'Avenue de Cour 13','Chavannes-prs-Renens','1022','6.531252','46.531255','2026-01-09 04:56:10'),(60,'Chemin des Falaises 119','Lausanne','1005','6.509122','46.547427','2026-01-09 04:56:10'),(61,'Avenue de Morges 96','Chavannes-prs-Renens','1022','6.581177','46.57388','2026-01-09 04:56:10'),(62,'Chemin de Montelly 72','Lausanne','1003','6.567001','46.556168','2026-01-09 04:56:10'),(63,'Avenue de Cour 7','Chavannes-prs-Renens','1022','6.560041','46.59684','2026-01-09 04:56:10'),(64,'Rue de Genve 85','Renens VD','1020','6.584727','46.548219','2026-01-09 04:56:10'),(65,'Avenue de Morges 98','Crissier','1023','6.522616','46.527857','2026-01-09 04:56:10'),(66,'Chemin de Montelly 119','Lausanne','1003','6.569347','46.565783','2026-01-09 04:56:10'),(67,'Avenue de Cour 98','Jouxtens-Mzery','1008','6.533982','46.530898','2026-01-09 04:56:10'),(68,'Rue de Genve 112','Lausanne','1003','6.565734','46.514325','2026-01-09 04:56:10'),(69,'Avenue de Morges 96','Lausanne','1003','6.537619','46.553048','2026-01-09 04:56:10'),(70,'Chemin de Bellerive 21','Lausanne','1007','6.57216','46.537005','2026-01-09 04:56:10'),(71,'Avenue de Svelin 20','Lausanne','1004','6.561784','46.515741','2026-01-09 04:56:10'),(72,'Avenue de Beaulieu 85','Jouxtens-Mzery','1008','6.560708','46.542401','2026-01-09 04:56:10'),(73,'Avenue de Provence 66','Renens VD','1020','6.542991','46.511382','2026-01-09 04:56:10'),(74,'Chemin de Pierrefleur 86','Lausanne','1007','6.522052','46.530842','2026-01-09 04:56:10'),(75,'Avenue de Svelin 27','Lausanne','1003','6.521123','46.530142','2026-01-09 04:56:10'),(76,'Chemin de Maillefer 42','Jouxtens-Mzery','1008','6.549739','46.511998','2026-01-09 04:56:10'),(77,'Rue de Genve 17','Chavannes-prs-Renens','1022','6.570367','46.538021','2026-01-09 04:56:10'),(78,'Avenue de Morges 51','Crissier','1023','6.50423','46.586176','2026-01-09 04:56:10'),(79,'Chemin de Bellerive 74','Lausanne','1004','6.540442','46.542928','2026-01-09 04:56:10'),(80,'Chemin de Maillefer 15','Chavannes-prs-Renens','1022','6.59662','46.540503','2026-01-09 04:56:10'),(81,'Avenue de Cour 118','Lausanne','1007','6.543671','46.536185','2026-01-09 04:56:10'),(82,'Rue du Nord 56','Lausanne','1004','6.552396','46.558887','2026-01-09 04:56:10'),(83,'Avenue de Cour 44','Jouxtens-Mzery','1008','6.577912','46.522157','2026-01-09 04:56:10'),(84,'Chemin de Pierrefleur 66','Lausanne','1004','6.577623','46.51939','2026-01-09 04:56:10'),(85,'Avenue de Cour 105','Crissier','1023','6.514769','46.564544','2026-01-09 04:56:10'),(86,'Rue du Nord 23','Jouxtens-Mzery','1008','6.576022','46.56024','2026-01-09 04:56:10'),(87,'Rue de Genve 99','Lausanne','1004','6.546395','46.562795','2026-01-09 04:56:10'),(88,'Chemin des Falaises 119','Lausanne','1007','6.564299','46.588205','2026-01-09 04:56:10'),(89,'Chemin des Falaises 41','Crissier','1023','6.506829','46.515096','2026-01-09 04:56:10'),(90,'Avenue de Provence 36','Jouxtens-Mzery','1008','6.535194','46.559142','2026-01-09 04:56:10'),(91,'Avenue de Beaulieu 5','Lausanne','1007','6.58317','46.505689','2026-01-09 04:56:10'),(92,'Chemin des Falaises 111','Lausanne','1004','6.50903','46.597737','2026-01-09 04:56:10'),(93,'Avenue de Beaulieu 75','Chavannes-prs-Renens','1022','6.579182','46.555432','2026-01-09 04:56:10'),(94,'Avenue de Provence 74','Lausanne','1007','6.532153','46.565184','2026-01-09 04:56:10'),(95,'Avenue de Svelin 58','Lausanne','1005','6.589913','46.51035','2026-01-09 04:56:10'),(96,'Chemin de Pierrefleur 83','Lausanne','1004','6.524774','46.517256','2026-01-09 04:56:10'),(97,'Chemin de Pierrefleur 67','Lausanne','1007','6.53639','46.560981','2026-01-09 04:56:10'),(98,'Avenue d\'Echallens 100','Chavannes-prs-Renens','1022','6.559789','46.533837','2026-01-09 04:56:10'),(99,'Avenue de Morges 43','Crissier','1023','6.567838','46.509451','2026-01-09 04:56:10'),(100,'Chemin de Bellerive 11','Lausanne','1005','6.514143','46.558274','2026-01-09 04:56:10'),(101,'Rue de Genve 77','Chavannes-prs-Renens','1022','6.508472','46.570883','2026-01-09 04:56:10'),(102,'Rue de Genve 86','Crissier','1023','6.594711','46.570283','2026-01-09 04:56:10'),(103,'Chemin des Falaises 86','Lausanne','1004','6.536183','46.542341','2026-01-09 04:56:10'),(104,'Rue du Nord 44','Lausanne','1005','6.548627','46.594767','2026-01-09 04:56:10'),(105,'Rue de Genve 10','Lausanne','1005','6.578812','46.529579','2026-01-09 04:56:10'),(106,'Chemin des Falaises 44','Lausanne','1003','6.561803','46.587639','2026-01-09 04:56:10'),(107,'Rue de Genve 24','Lausanne','1005','6.57711','46.583135','2026-01-09 04:56:10'),(108,'Avenue de Cour 57','Lausanne','1005','6.53643','46.504369','2026-01-09 04:56:10'),(109,'Chemin de Montelly 37','Lausanne','1007','6.57838','46.575239','2026-01-09 04:56:10'),(110,'Chemin de Maillefer 104','Renens VD','1020','6.590397','46.578437','2026-01-09 04:56:10'),(111,'Chemin de Bellerive 87','Renens VD','1020','6.598444','46.594713','2026-01-09 04:56:10'),(112,'Avenue de Provence 49','Jouxtens-Mzery','1008','6.541866','46.550291','2026-01-09 04:56:10'),(113,'Avenue de Provence 78','Renens VD','1020','6.525','46.51384','2026-01-09 04:56:10'),(114,'Chemin de Bellerive 71','Lausanne','1007','6.57114','46.593429','2026-01-09 04:56:10'),(115,'Chemin de Maillefer 11','Lausanne','1004','6.527279','46.576312','2026-01-09 04:56:10'),(116,'Avenue d\'Echallens 12','Lausanne','1005','6.522204','46.594641','2026-01-09 04:56:10'),(117,'Avenue de Svelin 54','Crissier','1023','6.550201','46.505326','2026-01-09 04:56:10'),(118,'Chemin de Bellerive 29','Lausanne','1004','6.593083','46.502819','2026-01-09 04:56:10'),(119,'Avenue de Provence 19','Crissier','1023','6.528688','46.51376','2026-01-09 04:56:10'),(120,'Avenue de Provence 91','Lausanne','1005','6.561535','46.546911','2026-01-09 04:56:10'),(121,'Chemin de Maillefer 28','Lausanne','1003','6.55488','46.583496','2026-01-09 04:56:10'),(122,'Avenue de Morges 100','Chavannes-prs-Renens','1022','6.530115','46.52881','2026-01-09 04:56:10'),(123,'Chemin des Falaises 102','Chavannes-prs-Renens','1022','6.506281','46.562281','2026-01-09 04:56:10'),(124,'Chemin de Montelly 69','Lausanne','1007','6.551538','46.501644','2026-01-09 04:56:10'),(125,'Chemin de Maillefer 55','Lausanne','1005','6.535282','46.500156','2026-01-09 04:56:10'),(126,'Rue de Genve 86','Chavannes-prs-Renens','1022','6.552348','46.566821','2026-01-09 04:56:10'),(127,'Avenue d\'Echallens 112','Lausanne','1003','6.563567','46.547014','2026-01-09 04:56:10'),(128,'Avenue de Cour 3','Jouxtens-Mzery','1008','6.506756','46.535709','2026-01-09 04:56:10'),(129,'Avenue de Provence 75','Lausanne','1004','6.533252','46.573519','2026-01-09 04:56:10'),(130,'Chemin de Bellerive 70','Lausanne','1003','6.56428','46.533855','2026-01-09 04:56:10'),(131,'Avenue de Cour 62','Lausanne','1007','6.58115','46.563174','2026-01-09 04:56:10'),(132,'Avenue de Svelin 38','Lausanne','1007','6.579111','46.520159','2026-01-09 04:56:10'),(133,'Chemin de Bellerive 120','Lausanne','1003','6.539822','46.531008','2026-01-09 04:56:10'),(134,'Chemin de Maillefer 5','Lausanne','1007','6.51911','46.575329','2026-01-09 04:56:10'),(135,'Chemin des Falaises 43','Lausanne','1003','6.579934','46.527322','2026-01-09 04:56:10'),(136,'Avenue de Cour 57','Chavannes-prs-Renens','1022','6.538664','46.589464','2026-01-09 04:56:10'),(137,'Avenue de Cour 64','Lausanne','1007','6.579729','46.536735','2026-01-09 04:56:10'),(138,'Avenue de Cour 55','Lausanne','1004','6.560245','46.507893','2026-01-09 04:56:10'),(139,'Chemin de Bellerive 14','Jouxtens-Mzery','1008','6.566092','46.508007','2026-01-09 04:56:10'),(140,'Rue de Genve 89','Chavannes-prs-Renens','1022','6.544713','46.544391','2026-01-09 04:56:10'),(141,'Chemin de Montelly 56','Crissier','1023','6.598003','46.527456','2026-01-09 04:56:10'),(142,'Chemin des Falaises 82','Lausanne','1004','6.551309','46.540621','2026-01-09 04:56:10'),(143,'Avenue de Svelin 19','Lausanne','1005','6.567809','46.584867','2026-01-09 04:56:10'),(144,'Avenue de Morges 31','Lausanne','1005','6.536633','46.577852','2026-01-09 04:56:10'),(145,'Chemin de Montelly 20','Lausanne','1003','6.594882','46.567906','2026-01-09 04:56:10'),(146,'Chemin de Montelly 18','Lausanne','1004','6.539803','46.552946','2026-01-09 04:56:10'),(147,'Avenue de Morges 4','Renens VD','1020','6.549904','46.573567','2026-01-09 04:56:10'),(148,'Chemin de Maillefer 100','Lausanne','1004','6.544627','46.526029','2026-01-09 04:56:10'),(149,'Avenue de Cour 118','Jouxtens-Mzery','1008','6.520018','46.599863','2026-01-09 04:56:10'),(150,'Avenue de Beaulieu 23','Lausanne','1004','6.544511','46.589868','2026-01-09 04:56:10'),(151,'Avenue de Provence 88','Lausanne','1004','6.598657','46.596756','2026-01-09 04:56:10'),(152,'Chemin de Pierrefleur 70','Lausanne','1004','6.529996','46.529036','2026-01-09 04:56:10'),(153,'Avenue de Provence 47','Lausanne','1005','6.512136','46.550876','2026-01-09 04:56:10'),(154,'Avenue de Provence 18','Renens VD','1020','6.549402','46.523674','2026-01-09 04:56:10'),(155,'Avenue de Beaulieu 103','Crissier','1023','6.512977','46.598301','2026-01-09 04:56:10'),(156,'Chemin de Maillefer 51','Lausanne','1004','6.571887','46.59996','2026-01-09 04:56:10'),(157,'Chemin de Montelly 10','Chavannes-prs-Renens','1022','6.531703','46.512533','2026-01-09 04:56:10'),(158,'Chemin des Falaises 67','Lausanne','1007','6.587796','46.534451','2026-01-09 04:56:10'),(159,'Avenue de Provence 17','Lausanne','1005','6.591071','46.543262','2026-01-09 04:56:10'),(160,'Chemin de Pierrefleur 20','Lausanne','1004','6.516197','46.530412','2026-01-09 04:56:10'),(161,'Chemin de Bellerive 67','Renens VD','1020','6.584593','46.589493','2026-01-09 04:56:10'),(162,'Rue de Genve 81','Jouxtens-Mzery','1008','6.553348','46.530282','2026-01-09 04:56:10'),(163,'Chemin de Montelly 75','Lausanne','1005','6.565873','46.515419','2026-01-09 04:56:10'),(164,'Chemin de Montelly 6','Crissier','1023','6.502837','46.582524','2026-01-09 04:56:10'),(165,'Chemin des Falaises 27','Jouxtens-Mzery','1008','6.541659','46.576696','2026-01-09 04:56:10'),(166,'Avenue de Beaulieu 114','Lausanne','1003','6.528967','46.562716','2026-01-09 04:56:10'),(167,'Rue du Nord 104','Lausanne','1007','6.540609','46.580735','2026-01-09 04:56:10'),(168,'Rue de Genve 57','Lausanne','1003','6.546444','46.541562','2026-01-09 04:56:10'),(169,'Chemin de Bellerive 111','Lausanne','1005','6.57342','46.571836','2026-01-09 04:56:10'),(170,'Rue de Genve 98','Chavannes-prs-Renens','1022','6.556165','46.537054','2026-01-09 04:56:10'),(171,'Avenue de Morges 35','Lausanne','1007','6.514088','46.54496','2026-01-09 04:56:10'),(172,'Chemin de Montelly 54','Chavannes-prs-Renens','1022','6.586531','46.524827','2026-01-09 04:56:10'),(173,'Chemin de Bellerive 120','Lausanne','1005','6.531271','46.557769','2026-01-09 04:56:10'),(174,'Chemin de Pierrefleur 60','Lausanne','1007','6.530854','46.549876','2026-01-09 04:56:10'),(175,'Chemin de Pierrefleur 59','Chavannes-prs-Renens','1022','6.521514','46.596669','2026-01-09 04:56:10'),(176,'Avenue de Svelin 7','Crissier','1023','6.559752','46.528136','2026-01-09 04:56:10'),(177,'Chemin de Maillefer 69','Lausanne','1007','6.51075','46.500818','2026-01-09 04:56:10'),(178,'Avenue de Cour 47','Jouxtens-Mzery','1008','6.536594','46.576386','2026-01-09 04:56:10'),(179,'Avenue de Svelin 73','Chavannes-prs-Renens','1022','6.536252','46.556182','2026-01-09 04:56:10'),(180,'Chemin de Pierrefleur 58','Chavannes-prs-Renens','1022','6.527972','46.57644','2026-01-09 04:56:10'),(181,'Rue de Genve 13','Lausanne','1004','6.57949','46.53939','2026-01-09 04:56:10'),(182,'Avenue de Provence 19','Crissier','1023','6.550912','46.519906','2026-01-09 04:56:10'),(183,'Avenue de Svelin 18','Lausanne','1003','6.580397','46.571359','2026-01-09 04:56:10'),(184,'Chemin de Montelly 115','Lausanne','1005','6.532797','46.551551','2026-01-09 04:56:10'),(185,'Avenue d\'Echallens 79','Lausanne','1005','6.529923','46.573932','2026-01-09 04:56:10'),(186,'Avenue de Cour 73','Lausanne','1007','6.581575','46.529979','2026-01-09 04:56:10'),(187,'Avenue d\'Echallens 75','Lausanne','1004','6.589877','46.530768','2026-01-09 04:56:10'),(188,'Chemin de Montelly 61','Lausanne','1003','6.565559','46.526553','2026-01-09 04:56:10'),(189,'Avenue de Cour 7','Renens VD','1020','6.517051','46.558352','2026-01-09 04:56:10'),(190,'Rue de Genve 106','Chavannes-prs-Renens','1022','6.503157','46.568073','2026-01-09 04:56:10'),(191,'Rue du Nord 3','Lausanne','1004','6.541878','46.544104','2026-01-09 04:56:10'),(192,'Avenue d\'Echallens 65','Renens VD','1020','6.592052','46.577497','2026-01-09 04:56:10'),(193,'Avenue de Cour 18','Lausanne','1003','6.556089','46.551868','2026-01-09 04:56:10'),(194,'Chemin de Pierrefleur 49','Lausanne','1007','6.517318','46.531375','2026-01-09 04:56:10'),(195,'Chemin de Pierrefleur 46','Crissier','1023','6.586765','46.567587','2026-01-09 04:56:10'),(196,'Chemin de Montelly 62','Jouxtens-Mzery','1008','6.524652','46.519226','2026-01-09 04:56:10'),(197,'Chemin de Maillefer 99','Renens VD','1020','6.520728','46.5289','2026-01-09 04:56:10'),(198,'Avenue de Beaulieu 45','Crissier','1023','6.593449','46.556049','2026-01-09 04:56:10'),(199,'Avenue de Morges 74','Jouxtens-Mzery','1008','6.537969','46.567662','2026-01-09 04:56:10'),(200,'Avenue de Provence 103','Crissier','1023','6.504207','46.514648','2026-01-09 04:56:10'),(201,'Chemin de Bellerive 119','Lausanne','1004','6.525644','46.544238','2026-01-09 04:56:10'),(202,'Chemin de Pierrefleur 35','Renens VD','1020','6.569617','46.593302','2026-01-09 04:56:10'),(203,'Rue du Nord 7','Renens VD','1020','6.553104','46.566983','2026-01-09 04:56:10'),(204,'Avenue de Svelin 13','Renens VD','1020','6.571736','46.54133','2026-01-09 04:56:10'),(205,'Avenue de Svelin 71','Lausanne','1005','6.515794','46.597791','2026-01-09 04:56:10'),(206,'Avenue de Beaulieu 84','Lausanne','1007','6.596391','46.519946','2026-01-09 04:56:10'),(207,'Avenue de Provence 12','Lausanne','1003','6.523222','46.56523','2026-01-09 04:56:10'),(208,'Rue de Genve 54','Lausanne','1003','6.517579','46.588224','2026-01-09 04:56:10'),(209,'Avenue de Provence 64','Chavannes-prs-Renens','1022','6.5749','46.518631','2026-01-09 04:56:10'),(210,'Avenue de Svelin 2','Jouxtens-Mzery','1008','6.560278','46.529839','2026-01-09 04:56:10'),(211,'Chemin de Maillefer 59','Crissier','1023','6.55433','46.59891','2026-01-09 04:56:10'),(212,'Chemin de Pierrefleur 60','Lausanne','1005','6.580881','46.527284','2026-01-09 04:56:10'),(213,'Chemin des Falaises 33','Lausanne','1007','6.501408','46.57186','2026-01-09 04:56:10'),(214,'Chemin de Montelly 87','Jouxtens-Mzery','1008','6.517549','46.575728','2026-01-09 04:56:10'),(215,'Avenue d\'Echallens 66','Chavannes-prs-Renens','1022','6.540083','46.532793','2026-01-09 04:56:10'),(216,'Avenue de Beaulieu 42','Lausanne','1005','6.500683','46.593583','2026-01-09 04:56:10'),(217,'Rue du Nord 58','Chavannes-prs-Renens','1022','6.595403','46.575376','2026-01-09 04:56:10'),(218,'Chemin de Maillefer 84','Lausanne','1003','6.52363','46.535955','2026-01-09 04:56:10'),(219,'Chemin de Maillefer 21','Lausanne','1007','6.550252','46.540542','2026-01-09 04:56:10'),(220,'Avenue de Cour 16','Jouxtens-Mzery','1008','6.594064','46.563871','2026-01-09 04:56:10'),(221,'Rue du Nord 18','Renens VD','1020','6.545498','46.547818','2026-01-09 04:56:10'),(222,'Avenue d\'Echallens 90','Crissier','1023','6.547083','46.554923','2026-01-09 04:56:10'),(223,'Avenue de Provence 32','Renens VD','1020','6.559581','46.568034','2026-01-09 04:56:10'),(224,'Chemin de Pierrefleur 91','Lausanne','1007','6.591724','46.536178','2026-01-09 04:56:10'),(225,'Chemin de Montelly 69','Renens VD','1020','6.532812','46.514985','2026-01-09 04:56:10'),(226,'Avenue de Morges 88','Lausanne','1007','6.558315','46.52054','2026-01-09 04:56:10'),(227,'Avenue de Provence 8','Lausanne','1007','6.551325','46.545343','2026-01-09 04:56:10'),(228,'Chemin de Montelly 8','Lausanne','1007','6.567277','46.55588','2026-01-09 04:56:10'),(229,'Avenue d\'Echallens 33','Lausanne','1003','6.57458','46.581645','2026-01-09 04:56:10'),(230,'Avenue d\'Echallens 45','Lausanne','1003','6.554116','46.570038','2026-01-09 04:56:10'),(231,'Avenue de Beaulieu 5','Lausanne','1004','6.517998','46.528709','2026-01-09 04:56:10'),(232,'Avenue de Provence 83','Lausanne','1005','6.564588','46.597833','2026-01-09 04:56:10'),(233,'Avenue de Beaulieu 112','Chavannes-prs-Renens','1022','6.53775','46.591712','2026-01-09 04:56:10'),(234,'Chemin des Falaises 111','Lausanne','1005','6.517847','46.534777','2026-01-09 04:56:10'),(235,'Chemin de Pierrefleur 17','Chavannes-prs-Renens','1022','6.522269','46.572786','2026-01-09 04:56:10'),(236,'Chemin de Maillefer 60','Lausanne','1003','6.554445','46.56735','2026-01-09 04:56:10'),(237,'Rue du Nord 32','Chavannes-prs-Renens','1022','6.515512','46.546063','2026-01-09 04:56:10'),(238,'Avenue de Svelin 104','Lausanne','1004','6.561492','46.56602','2026-01-09 04:56:10'),(239,'Rue du Nord 27','Lausanne','1003','6.559394','46.506729','2026-01-09 04:56:10'),(240,'Rue du Nord 95','Lausanne','1003','6.543896','46.504424','2026-01-09 04:56:10'),(241,'Rue de Genve 65','Lausanne','1003','6.523416','46.599348','2026-01-09 04:56:10'),(242,'Chemin de Montelly 77','Crissier','1023','6.581838','46.577254','2026-01-09 04:56:10'),(243,'Chemin des Falaises 67','Lausanne','1005','6.53005','46.522104','2026-01-09 04:56:10'),(244,'Chemin de Pierrefleur 76','Lausanne','1003','6.591158','46.587971','2026-01-09 04:56:10'),(245,'Chemin de Pierrefleur 64','Chavannes-prs-Renens','1022','6.534441','46.504688','2026-01-09 04:56:10'),(246,'Avenue de Provence 68','Chavannes-prs-Renens','1022','6.541632','46.531873','2026-01-09 04:56:10'),(247,'Rue de Genve 97','Chavannes-prs-Renens','1022','6.524097','46.553793','2026-01-09 04:56:10'),(248,'Chemin de Maillefer 110','Renens VD','1020','6.580578','46.570758','2026-01-09 04:56:10'),(249,'Avenue d\'Echallens 72','Chavannes-prs-Renens','1022','6.538842','46.552999','2026-01-09 04:56:10'),(250,'Chemin des Falaises 11','Crissier','1023','6.584713','46.592223','2026-01-09 04:56:10'),(251,'Avenue de Svelin 35','Renens VD','1020','6.560497','46.537717','2026-01-09 04:56:10'),(252,'Avenue de Morges 25','Lausanne','1003','6.558758','46.580465','2026-01-09 04:56:10'),(253,'Avenue de Beaulieu 27','Renens VD','1020','6.533296','46.586947','2026-01-09 04:56:10'),(254,'Rue du Nord 120','Lausanne','1003','6.574148','46.519002','2026-01-09 04:56:10'),(255,'Rue du Nord 90','Lausanne','1007','6.520451','46.56044','2026-01-09 04:56:10'),(256,'Avenue de Provence 37','Crissier','1023','6.553365','46.538066','2026-01-09 04:56:10'),(257,'Chemin de Bellerive 66','Jouxtens-Mzery','1008','6.5466','46.588281','2026-01-09 04:56:10'),(258,'Avenue de Provence 108','Lausanne','1007','6.520313','46.532023','2026-01-09 04:56:10'),(259,'Chemin de Montelly 111','Lausanne','1003','6.514592','46.522127','2026-01-09 04:56:10'),(260,'Chemin de Maillefer 20','Chavannes-prs-Renens','1022','6.523002','46.519619','2026-01-09 04:56:10'),(261,'Avenue de Beaulieu 71','Renens VD','1020','6.568485','46.565461','2026-01-09 04:56:10'),(262,'Avenue de Cour 83','Lausanne','1007','6.546083','46.573959','2026-01-09 04:56:10'),(263,'Rue de Genve 18','Crissier','1023','6.548832','46.572031','2026-01-09 04:56:10'),(264,'Chemin de Pierrefleur 5','Lausanne','1003','6.507433','46.583907','2026-01-09 04:56:10'),(265,'Avenue de Provence 1','Lausanne','1003','6.584254','46.541239','2026-01-09 04:56:10'),(266,'Avenue de Svelin 28','Lausanne','1005','6.53732','46.550573','2026-01-09 04:56:10'),(267,'Chemin des Falaises 63','Lausanne','1007','6.553221','46.501573','2026-01-09 04:56:10'),(268,'Chemin de Pierrefleur 93','Lausanne','1003','6.597748','46.527474','2026-01-09 04:56:10'),(269,'Avenue de Provence 117','Chavannes-prs-Renens','1022','6.591805','46.517927','2026-01-09 04:56:10'),(270,'Rue du Nord 25','Lausanne','1005','6.525242','46.561978','2026-01-09 04:56:10'),(271,'Avenue de Morges 48','Chavannes-prs-Renens','1022','6.5459','46.59593','2026-01-09 04:56:10');
/*!40000 ALTER TABLE `t_adresse` ENABLE KEYS */;
UNLOCK TABLES;
/*!40103 SET TIME_ZONE=@OLD_TIME_ZONE */;

/*!40101 SET SQL_MODE=@OLD_SQL_MODE */;
/*!40014 SET FOREIGN_KEY_CHECKS=@OLD_FOREIGN_KEY_CHECKS */;
/*!40014 SET UNIQUE_CHECKS=@OLD_UNIQUE_CHECKS */;
/*!40101 SET CHARACTER_SET_CLIENT=@OLD_CHARACTER_SET_CLIENT */;
/*!40101 SET CHARACTER_SET_RESULTS=@OLD_CHARACTER_SET_RESULTS */;
/*!40101 SET COLLATION_CONNECTION=@OLD_COLLATION_CONNECTION */;
/*!40111 SET SQL_NOTES=@OLD_SQL_NOTES */;

-- Dump completed on 2026-01-09  5:05:03
-- MySQL dump 10.13  Distrib 8.0.30, for Linux (x86_64)
--
-- Host: localhost    Database: db_thanospizza
-- ------------------------------------------------------
-- Server version	8.0.30

/*!40101 SET @OLD_CHARACTER_SET_CLIENT=@@CHARACTER_SET_CLIENT */;
/*!40101 SET @OLD_CHARACTER_SET_RESULTS=@@CHARACTER_SET_RESULTS */;
/*!40101 SET @OLD_COLLATION_CONNECTION=@@COLLATION_CONNECTION */;
/*!50503 SET NAMES utf8mb4 */;
/*!40103 SET @OLD_TIME_ZONE=@@TIME_ZONE */;
/*!40103 SET TIME_ZONE='+00:00' */;
/*!40014 SET @OLD_UNIQUE_CHECKS=@@UNIQUE_CHECKS, UNIQUE_CHECKS=0 */;
/*!40014 SET @OLD_FOREIGN_KEY_CHECKS=@@FOREIGN_KEY_CHECKS, FOREIGN_KEY_CHECKS=0 */;
/*!40101 SET @OLD_SQL_MODE=@@SQL_MODE, SQL_MODE='NO_AUTO_VALUE_ON_ZERO' */;
/*!40111 SET @OLD_SQL_NOTES=@@SQL_NOTES, SQL_NOTES=0 */;

--
-- Dumping data for table `t_livreur`
--
-- WHERE:  backup_date >= '2026-01-09 04:35:03'

LOCK TABLES `t_livreur` WRITE;
/*!40000 ALTER TABLE `t_livreur` DISABLE KEYS */;
REPLACE INTO `t_livreur` (`livreur_id`, `nom`, `disponible`, `code`, `backup_date`) VALUES (1,'Marco',1,'LIV001','2026-01-09 04:56:10'),(2,'Sophie',1,'LIV002','2026-01-09 04:56:10'),(3,'Yann',1,'LIV003','2026-01-09 04:56:10'),(4,'Amina',1,'LIV004','2026-01-09 04:56:10'),(5,'Lucas',1,'LIV005','2026-01-09 04:56:10'),(6,'Nora',1,'LIV006','2026-01-09 04:56:10');
/*!40000 ALTER TABLE `t_livreur` ENABLE KEYS */;
UNLOCK TABLES;
/*!40103 SET TIME_ZONE=@OLD_TIME_ZONE */;

/*!40101 SET SQL_MODE=@OLD_SQL_MODE */;
/*!40014 SET FOREIGN_KEY_CHECKS=@OLD_FOREIGN_KEY_CHECKS */;
/*!40014 SET UNIQUE_CHECKS=@OLD_UNIQUE_CHECKS */;
/*!40101 SET CHARACTER_SET_CLIENT=@OLD_CHARACTER_SET_CLIENT */;
/*!40101 SET CHARACTER_SET_RESULTS=@OLD_CHARACTER_SET_RESULTS */;
/*!40101 SET COLLATION_CONNECTION=@OLD_COLLATION_CONNECTION */;
/*!40111 SET SQL_NOTES=@OLD_SQL_NOTES */;

-- Dump completed on 2026-01-09  5:05:03
-- MySQL dump 10.13  Distrib 8.0.30, for Linux (x86_64)
--
-- Host: localhost    Database: db_thanospizza
-- ------------------------------------------------------
-- Server version	8.0.30

/*!40101 SET @OLD_CHARACTER_SET_CLIENT=@@CHARACTER_SET_CLIENT */;
/*!40101 SET @OLD_CHARACTER_SET_RESULTS=@@CHARACTER_SET_RESULTS */;
/*!40101 SET @OLD_COLLATION_CONNECTION=@@COLLATION_CONNECTION */;
/*!50503 SET NAMES utf8mb4 */;
/*!40103 SET @OLD_TIME_ZONE=@@TIME_ZONE */;
/*!40103 SET TIME_ZONE='+00:00' */;
/*!40014 SET @OLD_UNIQUE_CHECKS=@@UNIQUE_CHECKS, UNIQUE_CHECKS=0 */;
/*!40014 SET @OLD_FOREIGN_KEY_CHECKS=@@FOREIGN_KEY_CHECKS, FOREIGN_KEY_CHECKS=0 */;
/*!40101 SET @OLD_SQL_MODE=@@SQL_MODE, SQL_MODE='NO_AUTO_VALUE_ON_ZERO' */;
/*!40111 SET @OLD_SQL_NOTES=@@SQL_NOTES, SQL_NOTES=0 */;

--
-- Dumping data for table `vivre`
--
-- WHERE:  backup_date >= '2026-01-09 04:35:03'

LOCK TABLES `vivre` WRITE;
/*!40000 ALTER TABLE `vivre` DISABLE KEYS */;
REPLACE INTO `vivre` (`client_fk`, `adresse_fk`, `backup_date`) VALUES (1,1,'2026-01-09 04:56:10'),(1,2,'2026-01-09 04:56:10'),(2,3,'2026-01-09 04:56:10'),(3,4,'2026-01-09 04:56:10'),(4,5,'2026-01-09 04:56:10'),(5,6,'2026-01-09 04:56:10'),(6,7,'2026-01-09 04:56:10'),(7,8,'2026-01-09 04:56:10'),(7,9,'2026-01-09 04:56:10'),(8,10,'2026-01-09 04:56:10'),(9,11,'2026-01-09 04:56:10'),(10,12,'2026-01-09 04:56:10'),(11,13,'2026-01-09 04:56:10'),(12,14,'2026-01-09 04:56:10'),(13,15,'2026-01-09 04:56:10'),(14,16,'2026-01-09 04:56:10'),(14,17,'2026-01-09 04:56:10'),(15,18,'2026-01-09 04:56:10'),(15,19,'2026-01-09 04:56:10'),(16,20,'2026-01-09 04:56:10'),(17,21,'2026-01-09 04:56:10'),(18,22,'2026-01-09 04:56:10'),(19,23,'2026-01-09 04:56:10'),(20,24,'2026-01-09 04:56:10'),(21,25,'2026-01-09 04:56:10'),(22,26,'2026-01-09 04:56:10'),(23,27,'2026-01-09 04:56:10'),(24,28,'2026-01-09 04:56:10'),(25,29,'2026-01-09 04:56:10'),(26,30,'2026-01-09 04:56:10'),(27,31,'2026-01-09 04:56:10'),(27,32,'2026-01-09 04:56:10'),(28,33,'2026-01-09 04:56:10'),(28,34,'2026-01-09 04:56:10'),(29,35,'2026-01-09 04:56:10'),(29,36,'2026-01-09 04:56:10'),(30,37,'2026-01-09 04:56:10'),(30,38,'2026-01-09 04:56:10'),(31,39,'2026-01-09 04:56:10'),(32,40,'2026-01-09 04:56:10'),(33,41,'2026-01-09 04:56:10'),(34,42,'2026-01-09 04:56:10'),(34,43,'2026-01-09 04:56:10'),(35,44,'2026-01-09 04:56:10'),(36,45,'2026-01-09 04:56:10'),(36,46,'2026-01-09 04:56:10'),(37,47,'2026-01-09 04:56:10'),(38,48,'2026-01-09 04:56:10'),(39,49,'2026-01-09 04:56:10'),(40,50,'2026-01-09 04:56:10'),(40,51,'2026-01-09 04:56:10'),(41,52,'2026-01-09 04:56:10'),(42,53,'2026-01-09 04:56:10'),(43,54,'2026-01-09 04:56:10'),(43,55,'2026-01-09 04:56:10'),(44,56,'2026-01-09 04:56:10'),(45,57,'2026-01-09 04:56:10'),(46,58,'2026-01-09 04:56:10'),(47,59,'2026-01-09 04:56:10'),(48,60,'2026-01-09 04:56:10'),(49,61,'2026-01-09 04:56:10'),(49,62,'2026-01-09 04:56:10'),(50,63,'2026-01-09 04:56:10'),(51,64,'2026-01-09 04:56:10'),(52,65,'2026-01-09 04:56:10'),(53,66,'2026-01-09 04:56:10'),(54,67,'2026-01-09 04:56:10'),(54,68,'2026-01-09 04:56:10'),(55,69,'2026-01-09 04:56:10'),(55,70,'2026-01-09 04:56:10'),(56,71,'2026-01-09 04:56:10'),(57,72,'2026-01-09 04:56:10'),(58,73,'2026-01-09 04:56:10'),(59,74,'2026-01-09 04:56:10'),(60,75,'2026-01-09 04:56:10'),(61,76,'2026-01-09 04:56:10'),(61,77,'2026-01-09 04:56:10'),(62,78,'2026-01-09 04:56:10'),(63,79,'2026-01-09 04:56:10'),(63,80,'2026-01-09 04:56:10'),(64,81,'2026-01-09 04:56:10'),(64,82,'2026-01-09 04:56:10'),(65,83,'2026-01-09 04:56:10'),(66,84,'2026-01-09 04:56:10'),(66,85,'2026-01-09 04:56:10'),(67,86,'2026-01-09 04:56:10'),(67,87,'2026-01-09 04:56:10'),(68,88,'2026-01-09 04:56:10'),(69,89,'2026-01-09 04:56:10'),(70,90,'2026-01-09 04:56:10'),(71,91,'2026-01-09 04:56:10'),(71,92,'2026-01-09 04:56:10'),(72,93,'2026-01-09 04:56:10'),(73,94,'2026-01-09 04:56:10'),(74,95,'2026-01-09 04:56:10'),(75,96,'2026-01-09 04:56:10'),(76,97,'2026-01-09 04:56:10'),(77,98,'2026-01-09 04:56:10'),(78,99,'2026-01-09 04:56:10'),(79,100,'2026-01-09 04:56:10'),(80,101,'2026-01-09 04:56:10'),(81,102,'2026-01-09 04:56:10'),(82,103,'2026-01-09 04:56:10'),(83,104,'2026-01-09 04:56:10'),(84,105,'2026-01-09 04:56:10'),(84,106,'2026-01-09 04:56:10'),(85,107,'2026-01-09 04:56:10'),(86,108,'2026-01-09 04:56:10'),(87,109,'2026-01-09 04:56:10'),(88,110,'2026-01-09 04:56:10'),(88,111,'2026-01-09 04:56:10'),(89,112,'2026-01-09 04:56:10'),(90,113,'2026-01-09 04:56:10'),(90,114,'2026-01-09 04:56:10'),(91,115,'2026-01-09 04:56:10'),(92,116,'2026-01-09 04:56:10'),(93,117,'2026-01-09 04:56:10'),(94,118,'2026-01-09 04:56:10'),(94,119,'2026-01-09 04:56:10'),(95,120,'2026-01-09 04:56:10'),(96,121,'2026-01-09 04:56:10'),(97,122,'2026-01-09 04:56:10'),(98,123,'2026-01-09 04:56:10'),(98,124,'2026-01-09 04:56:10'),(99,125,'2026-01-09 04:56:10'),(99,126,'2026-01-09 04:56:10'),(100,127,'2026-01-09 04:56:10'),(101,128,'2026-01-09 04:56:10'),(102,129,'2026-01-09 04:56:10'),(102,130,'2026-01-09 04:56:10'),(103,131,'2026-01-09 04:56:10'),(104,132,'2026-01-09 04:56:10'),(104,133,'2026-01-09 04:56:10'),(105,134,'2026-01-09 04:56:10'),(106,135,'2026-01-09 04:56:10'),(107,136,'2026-01-09 04:56:10'),(108,137,'2026-01-09 04:56:10'),(109,138,'2026-01-09 04:56:10'),(110,139,'2026-01-09 04:56:10'),(111,140,'2026-01-09 04:56:10'),(112,141,'2026-01-09 04:56:10'),(113,142,'2026-01-09 04:56:10'),(114,143,'2026-01-09 04:56:10'),(115,144,'2026-01-09 04:56:10'),(116,145,'2026-01-09 04:56:10'),(117,146,'2026-01-09 04:56:10'),(118,147,'2026-01-09 04:56:10'),(119,148,'2026-01-09 04:56:10'),(120,149,'2026-01-09 04:56:10'),(121,150,'2026-01-09 04:56:10'),(121,151,'2026-01-09 04:56:10'),(122,152,'2026-01-09 04:56:10'),(123,153,'2026-01-09 04:56:10'),(123,154,'2026-01-09 04:56:10'),(124,155,'2026-01-09 04:56:10'),(125,156,'2026-01-09 04:56:10'),(126,157,'2026-01-09 04:56:10'),(127,158,'2026-01-09 04:56:10'),(127,159,'2026-01-09 04:56:10'),(128,160,'2026-01-09 04:56:10'),(128,161,'2026-01-09 04:56:10'),(129,162,'2026-01-09 04:56:10'),(130,163,'2026-01-09 04:56:10'),(131,164,'2026-01-09 04:56:10'),(132,165,'2026-01-09 04:56:10'),(132,166,'2026-01-09 04:56:10'),(133,167,'2026-01-09 04:56:10'),(134,168,'2026-01-09 04:56:10'),(135,169,'2026-01-09 04:56:10'),(136,170,'2026-01-09 04:56:10'),(137,171,'2026-01-09 04:56:10'),(138,172,'2026-01-09 04:56:10'),(138,173,'2026-01-09 04:56:10'),(139,174,'2026-01-09 04:56:10'),(140,175,'2026-01-09 04:56:10'),(140,176,'2026-01-09 04:56:10'),(141,177,'2026-01-09 04:56:10'),(142,178,'2026-01-09 04:56:10'),(142,179,'2026-01-09 04:56:10'),(143,180,'2026-01-09 04:56:10'),(144,181,'2026-01-09 04:56:10'),(145,182,'2026-01-09 04:56:10'),(146,183,'2026-01-09 04:56:10'),(147,184,'2026-01-09 04:56:10'),(148,185,'2026-01-09 04:56:10'),(149,186,'2026-01-09 04:56:10'),(150,187,'2026-01-09 04:56:10'),(151,188,'2026-01-09 04:56:10'),(152,189,'2026-01-09 04:56:10'),(153,190,'2026-01-09 04:56:10'),(154,191,'2026-01-09 04:56:10'),(155,192,'2026-01-09 04:56:10'),(156,193,'2026-01-09 04:56:10'),(157,194,'2026-01-09 04:56:10'),(158,195,'2026-01-09 04:56:10'),(159,196,'2026-01-09 04:56:10'),(160,197,'2026-01-09 04:56:10'),(161,198,'2026-01-09 04:56:10'),(162,199,'2026-01-09 04:56:10'),(163,200,'2026-01-09 04:56:10'),(164,201,'2026-01-09 04:56:10'),(165,202,'2026-01-09 04:56:10'),(166,203,'2026-01-09 04:56:10'),(166,204,'2026-01-09 04:56:10'),(167,205,'2026-01-09 04:56:10'),(167,206,'2026-01-09 04:56:10'),(168,207,'2026-01-09 04:56:10'),(169,208,'2026-01-09 04:56:10'),(170,209,'2026-01-09 04:56:10'),(171,210,'2026-01-09 04:56:10'),(172,211,'2026-01-09 04:56:10'),(173,212,'2026-01-09 04:56:10'),(174,213,'2026-01-09 04:56:10'),(175,214,'2026-01-09 04:56:10'),(176,215,'2026-01-09 04:56:10'),(177,216,'2026-01-09 04:56:10'),(177,217,'2026-01-09 04:56:10'),(178,218,'2026-01-09 04:56:10'),(179,219,'2026-01-09 04:56:10'),(180,220,'2026-01-09 04:56:10'),(181,221,'2026-01-09 04:56:10'),(182,222,'2026-01-09 04:56:10'),(183,223,'2026-01-09 04:56:10'),(184,224,'2026-01-09 04:56:10'),(185,225,'2026-01-09 04:56:10'),(185,226,'2026-01-09 04:56:10'),(186,227,'2026-01-09 04:56:10'),(186,228,'2026-01-09 04:56:10'),(187,229,'2026-01-09 04:56:10'),(188,230,'2026-01-09 04:56:10'),(189,231,'2026-01-09 04:56:10'),(189,232,'2026-01-09 04:56:10'),(190,233,'2026-01-09 04:56:10'),(191,234,'2026-01-09 04:56:10'),(191,235,'2026-01-09 04:56:10'),(192,236,'2026-01-09 04:56:10'),(192,237,'2026-01-09 04:56:10'),(193,238,'2026-01-09 04:56:10'),(193,239,'2026-01-09 04:56:10'),(194,240,'2026-01-09 04:56:10'),(195,241,'2026-01-09 04:56:10'),(196,242,'2026-01-09 04:56:10'),(197,243,'2026-01-09 04:56:10'),(197,244,'2026-01-09 04:56:10'),(198,245,'2026-01-09 04:56:10'),(199,246,'2026-01-09 04:56:10'),(200,247,'2026-01-09 04:56:10'),(200,248,'2026-01-09 04:56:10'),(201,249,'2026-01-09 04:56:10'),(202,250,'2026-01-09 04:56:10'),(203,251,'2026-01-09 04:56:10'),(203,252,'2026-01-09 04:56:10'),(204,253,'2026-01-09 04:56:10'),(205,254,'2026-01-09 04:56:10'),(206,255,'2026-01-09 04:56:10'),(207,256,'2026-01-09 04:56:10'),(208,257,'2026-01-09 04:56:10'),(209,258,'2026-01-09 04:56:10'),(210,259,'2026-01-09 04:56:10'),(211,260,'2026-01-09 04:56:10'),(212,261,'2026-01-09 04:56:10'),(213,262,'2026-01-09 04:56:10'),(214,263,'2026-01-09 04:56:10'),(215,264,'2026-01-09 04:56:10'),(216,265,'2026-01-09 04:56:10'),(217,266,'2026-01-09 04:56:10'),(217,267,'2026-01-09 04:56:10'),(218,268,'2026-01-09 04:56:10'),(219,269,'2026-01-09 04:56:10'),(219,270,'2026-01-09 04:56:10'),(220,271,'2026-01-09 04:56:10');
/*!40000 ALTER TABLE `vivre` ENABLE KEYS */;
UNLOCK TABLES;
/*!40103 SET TIME_ZONE=@OLD_TIME_ZONE */;

/*!40101 SET SQL_MODE=@OLD_SQL_MODE */;
/*!40014 SET FOREIGN_KEY_CHECKS=@OLD_FOREIGN_KEY_CHECKS */;
/*!40014 SET UNIQUE_CHECKS=@OLD_UNIQUE_CHECKS */;
/*!40101 SET CHARACTER_SET_CLIENT=@OLD_CHARACTER_SET_CLIENT */;
/*!40101 SET CHARACTER_SET_RESULTS=@OLD_CHARACTER_SET_RESULTS */;
/*!40101 SET COLLATION_CONNECTION=@OLD_COLLATION_CONNECTION */;
/*!40111 SET SQL_NOTES=@OLD_SQL_NOTES */;

-- Dump completed on 2026-01-09  5:05:03
SET FOREIGN_KEY_CHECKS=1;
